Date,Open,High,Low,Close,Adj Close,Volume,Company_name,Daily Return,ret_z,vol_z,range_pct,Anomaly Flag,Stats,Kmeans Anomaly Flag,DBSCAN_flag,Union Column,Intersection Column
2018-04-04,164.8800048828125,172.00999450683594,164.77000427246094,171.61000061035156,166.85214233398438,34605500.0,AAPL,0.019122250713373888,1.1264304513063175,0.265747043796155,93.65079365079364,0,Normal Day,0,0,0,0
2018-04-05,172.5800018310547,174.22999572753906,172.0800018310547,172.8000030517578,168.00912475585938,26933200.0,AAPL,0.0069341778037173354,0.39582972062023747,-0.9440892779141529,33.33333333333333,0,Normal Day,0,0,0,0
2018-04-06,170.97000122070312,172.47999572753906,168.1999969482422,168.3800048828125,163.71170043945312,35005300.0,AAPL,-0.025578517373095095,-1.4766953374237726,0.278894710287747,73.01587301587301,0,Normal Day,0,0,0,0
2018-04-09,169.8800048828125,173.08999633789062,169.85000610351562,170.0500030517578,165.33538818359375,29017700.0,AAPL,0.00991797006433958,0.5924986321314952,-0.6938271317881644,57.14285714285714,0,Normal Day,0,0,0,0
2018-04-10,173.0,174.0,171.52999877929688,173.25,168.44667053222656,28408600.0,AAPL,0.018818006131742008,1.0803257928102397,-0.7592805707985048,34.92063492063492,0,Normal Day,0,0,0,0
2018-04-11,172.22999572753906,173.9199981689453,171.6999969482422,172.44000244140625,167.65911865234375,22431600.0,AAPL,-0.0046753781324050635,-0.27207716041366936,-1.697682752569519,30.158730158730158,0,Normal Day,0,0,0,0
2018-04-12,173.41000366210938,175.0,173.0399932861328,174.13999938964844,169.31199645996094,22889300.0,AAPL,0.009858561949407466,0.5560977843112541,-1.4485875477724643,14.285714285714285,0,Normal Day,0,0,0,0
2018-04-13,174.77999877929688,175.83999633789062,173.85000610351562,174.72999572753906,169.88560485839844,25124300.0,AAPL,0.003387878061984506,0.18578131376508622,-0.9930860143329341,15.873015873015872,0,Normal Day,0,0,0,0
2018-04-16,175.02999877929688,176.19000244140625,174.8300018310547,175.82000732421875,170.94541931152344,21578400.0,AAPL,0.006238400563769763,0.35434056592011454,-1.5954498603424088,3.1746031746031744,0,Normal Day,0,0,0,0
2018-04-17,176.49000549316406,178.94000244140625,176.41000366210938,178.24000549316406,173.29830932617188,26605400.0,AAPL,0.01376398399047262,0.7681492482634742,-0.6588741560186946,34.92063492063492,0,Normal Day,0,0,0,0
2018-04-18,177.80999755859375,178.82000732421875,176.8800048828125,177.83999633789062,172.90939331054688,20754500.0,AAPL,-0.0022441997105292306,-0.1355863571468451,-1.506050801423012,11.11111111111111,0,Normal Day,0,0,0,0
2018-04-19,173.75999450683594,175.38999938964844,172.66000366210938,172.8000030517578,168.00912475585938,34808800.0,AAPL,-0.028340094548169353,-1.5851148736784562,0.45249253072169865,44.44444444444444,0,Normal Day,0,0,0,0
2018-04-20,170.60000610351562,171.22000122070312,165.42999267578125,165.72000122070312,161.1254119873047,65491100.0,AAPL,-0.040972255397185596,-2.1789718571656094,2.508737881111299,84.12698412698413,1,Normal Day,0,0,0,0
2018-04-23,166.8300018310547,166.9199981689453,164.08999633789062,165.24000549316406,160.65875244140625,36515500.0,AAPL,-0.0028962504433205504,-0.1109389516030736,0.4774201162527075,46.03174603174603,0,Normal Day,0,0,0,0
2018-04-24,165.6699981689453,166.3300018310547,161.22000122070312,162.94000244140625,158.42251586914062,33692000.0,AAPL,-0.013919170529356633,-0.6966891740110134,0.2272630806288024,82.53968253968253,0,Normal Day,0,0,0,0
2018-04-25,162.6199951171875,165.4199981689453,162.41000366210938,163.64999389648438,159.11280822753906,28382100.0,AAPL,0.004357286933687061,0.2792779145249599,-0.3533788527348837,52.38095238095238,0,Normal Day,0,0,0,0
2018-04-26,164.1199951171875,165.72999572753906,163.3699951171875,164.22000122070312,159.66700744628906,27963000.0,AAPL,0.003483058497449609,0.21457932161718998,-0.3494699637971864,34.92063492063492,0,Normal Day,0,0,0,0
2018-04-27,164.0,164.3300018310547,160.6300048828125,162.32000732421875,157.81968688964844,35655800.0,AAPL,-0.011569832654764646,-0.5982453447065695,0.6100497501582164,63.49206349206349,0,Normal Day,0,0,0,0
2018-04-30,162.1300048828125,167.25999450683594,161.83999633789062,165.25999450683594,160.6781768798828,42427400.0,AAPL,0.018112379048331937,0.9952577725280541,1.2387520290867728,82.53968253968253,0,Normal Day,0,0,0,0
2018-05-01,166.41000366210938,169.1999969482422,165.27000427246094,169.10000610351562,164.4116973876953,53569400.0,AAPL,0.02323601487340465,1.236258074317958,1.8866655463112365,63.49206349206349,0,Normal Day,0,0,0,0
2018-05-02,175.22999572753906,177.75,173.8000030517578,176.57000732421875,171.67462158203125,66539400.0,AAPL,0.044175227856260185,2.238181598898598,2.1759318030355925,58.73015873015873,0,Normal Day,0,1,1,0
2018-05-03,175.8800048828125,177.5,174.44000244140625,176.88999938964844,171.98573303222656,34068200.0,AAPL,0.001812215733043886,0.03771867350406997,0.1620465018933539,41.269841269841265,0,Normal Day,0,0,0,0
2018-05-04,178.25,184.25,178.1699981689453,183.8300018310547,178.7333221435547,56201300.0,AAPL,0.03923342356580105,1.9404271301502225,1.4833086931851531,84.12698412698413,0,Normal Day,0,0,0,0
2018-05-07,185.17999267578125,187.6699981689453,184.75,185.16000366210935,180.02645874023438,42451400.0,AAPL,0.007235005656309955,0.23176723538076682,0.6486924876416477,36.507936507936506,0,Normal Day,0,0,0,0
2018-05-08,184.9900054931641,186.22000122070312,183.6699981689453,186.0500030517578,180.8917694091797,28402800.0,AAPL,0.004806574961261086,0.1380948329668949,-0.4833527881300136,26.984126984126984,0,Normal Day,0,0,0,0
2018-05-09,186.5500030517578,187.3999938964844,185.22000122070312,187.3600006103516,182.1654510498047,23211200.0,AAPL,0.007041125446365194,0.2405353302780535,-1.0044321624121824,14.285714285714285,0,Normal Day,0,0,0,0
2018-05-10,187.7400054931641,190.3699951171875,187.6499938964844,190.0399932861328,184.77114868164065,27989300.0,AAPL,0.01430401657844307,0.6256397581480677,-0.5295874887556794,33.33333333333333,0,Normal Day,0,0,0,0
2018-05-11,189.4900054931641,190.05999755859372,187.4499969482422,188.58999633789065,184.06842041015625,26212200.0,AAPL,-0.0038032359299513753,-0.4025303820813352,-0.7470527137823338,30.158730158730158,0,Normal Day,0,0,0,0
2018-05-14,189.00999450683597,189.52999877929688,187.8600006103516,188.1499938964844,183.6389617919922,20778800.0,AAPL,-0.0023331466484425075,-0.2897186900142889,-1.3499993689628116,4.761904761904762,0,Normal Day,0,0,0,0
2018-05-15,186.77999877929688,187.07000732421875,185.1000061035156,186.44000244140625,181.969970703125,23695200.0,AAPL,-0.009088436748829224,-0.6745560931678128,-1.0096673582667444,7.936507936507936,0,Normal Day,0,0,0,0
2018-05-16,186.07000732421875,188.4600067138672,186.0,188.17999267578125,183.6682281494141,19183100.0,AAPL,0.009332624716743588,0.43724428006238686,-1.4898804749626469,31.746031746031743,0,Normal Day,0,0,0,0
2018-05-17,188.0,188.91000366210935,186.3600006103516,186.9900054931641,182.5067901611328,17294000.0,AAPL,-0.006323565049783399,-0.4792254855142212,-1.685034753822181,33.33333333333333,0,Normal Day,0,0,0,0
2018-05-18,187.19000244140625,187.80999755859372,186.1300048828125,186.30999755859372,181.84307861328125,18297700.0,AAPL,-0.0036366402985093344,-0.3126242588481005,-1.3834953553873333,6.349206349206349,0,Normal Day,0,0,0,0
2018-05-21,188.0,189.2700042724609,186.91000366210935,187.6300048828125,183.1314392089844,18400800.0,AAPL,0.0070850131087093,0.34003792981815895,-1.2766693588152982,28.57142857142857,0,Normal Day,0,0,0,0
2018-05-22,188.3800048828125,188.8800048828125,186.77999877929688,187.16000366210935,182.6726837158203,15240700.0,AAPL,-0.0025050613654631535,-0.25500764655287017,-1.558019868908473,14.285714285714285,0,Normal Day,0,0,0,0
2018-05-23,186.3500061035156,188.5,185.75999450683597,188.3600006103516,183.84396362304688,20058400.0,AAPL,0.0064119050719630075,0.2987390645538034,-0.8171708879071442,50.79365079365079,0,Normal Day,0,0,0,0
2018-05-24,188.7700042724609,188.83999633789065,186.2100067138672,188.1499938964844,183.6389617919922,23234000.0,AAPL,-0.0011150860056249802,-0.15019478420207352,-0.4390988831604335,39.682539682539684,0,Normal Day,0,0,0,0
2018-05-25,188.22999572753903,189.6499938964844,187.6499938964844,188.5800018310547,184.05865478515625,17461000.0,AAPL,0.0022854245584303,0.08013743066411733,-1.03741783685267,11.11111111111111,0,Normal Day,0,0,0,0
2018-05-29,187.6000061035156,188.75,186.8699951171875,187.8999938964844,183.3949737548828,22514100.0,AAPL,-0.0036058126744875096,-0.29104471428699175,-0.39908559690839335,9.523809523809524,0,Normal Day,0,0,0,0
2018-05-30,187.72000122070312,188.0,186.77999877929688,187.5,183.0045623779297,18690500.0,AAPL,-0.0021288008551146593,-0.19725689951460612,-0.7548105454870944,1.5873015873015872,0,Normal Day,0,0,0,0
2018-05-31,187.22000122070312,188.22999572753903,186.13999938964844,186.8699951171875,182.3896331787109,27482800.0,AAPL,-0.003360185075325416,-0.29215696886072623,0.25668949026341165,19.047619047619047,0,Normal Day,0,0,0,0
2018-06-01,187.9900054931641,190.25999450683597,187.75,190.2400054931641,185.6788330078125,23442500.0,AAPL,0.018033918769268718,1.0515529138889332,-0.0318761629889458,39.682539682539684,0,Normal Day,0,0,0,0
2018-06-04,191.63999938964844,193.4199981689453,191.3500061035156,191.8300018310547,187.23074340820312,26266200.0,AAPL,0.008358036159810029,0.4343244112677981,0.38139667983994135,17.46031746031746,0,Normal Day,0,0,0,0
2018-06-05,193.07000732421875,193.94000244140625,192.3600006103516,193.30999755859372,188.6752471923828,21566000.0,AAPL,0.007715099336172372,0.3847548777701244,-0.15496936437941933,4.761904761904762,0,Normal Day,0,0,0,0
2018-06-06,193.6300048828125,194.0800018310547,191.9199981689453,193.97999572753903,189.3291778564453,20933600.0,AAPL,0.003465905961663955,0.1044138669605942,-0.17983919139452514,20.634920634920633,0,Normal Day,0,0,0,0
2018-06-07,194.13999938964844,194.1999969482422,192.33999633789065,193.4600067138672,188.82167053222656,21347200.0,AAPL,-0.002680555263402434,-0.2716022769069302,0.009801916614173978,11.11111111111111,0,Normal Day,0,0,0,0
2018-06-08,191.1699981689453,192.0,189.7700042724609,191.6999969482422,187.10385131835935,26656800.0,AAPL,-0.009097574494628955,-0.6551978041584099,1.2760770869432447,30.158730158730158,0,Normal Day,0,0,0,0
2018-06-11,191.3500061035156,191.97000122070312,190.2100067138672,191.22999572753903,186.6451110839844,18308500.0,AAPL,-0.0024517947179739843,-0.21985862234863368,-0.8538215407230405,11.11111111111111,0,Normal Day,0,0,0,0
2018-06-12,191.38999938964844,192.6100006103516,191.1499938964844,192.27999877929688,187.66993713378903,16911100.0,AAPL,0.005490773606941632,0.2728567315348474,-1.2272624321519767,3.1746031746031744,0,Normal Day,0,0,0,0
2018-06-13,192.4199981689453,192.8800048828125,190.44000244140625,190.6999969482422,186.12782287597656,21638400.0,AAPL,-0.008217161903310627,-0.6056517791275617,0.2968152398821155,41.269841269841265,0,Normal Day,0,0,0,0
2018-06-14,191.5500030517578,191.57000732421875,190.22000122070312,190.8000030517578,186.22543334960935,21610100.0,AAPL,0.0005244270959845984,-0.0449131538960677,0.32142775143634517,3.1746031746031744,0,Normal Day,0,0,0,0
2018-06-15,190.02999877929688,190.16000366210935,188.25999450683597,188.83999633789065,184.31243896484372,61719200.0,AAPL,-0.010272465744108512,-0.727182213080706,3.6475750912242018,17.46031746031746,1,Volume Shock,1,1,1,1
2018-06-18,187.8800048828125,189.22000122070312,187.1999969482422,188.7400054931641,184.2147979736328,18484900.0,AAPL,-0.0005297580117722461,-0.12123959065468216,-0.5780939723496998,23.809523809523807,0,Normal Day,0,0,0,0
2018-06-19,185.13999938964844,186.3300018310547,183.4499969482422,185.69000244140625,181.23794555664065,33578500.0,AAPL,-0.016159681251113413,-1.1008430924198023,1.3637401420806212,61.9047619047619,0,Normal Day,0,0,0,0
2018-06-20,186.3500061035156,187.1999969482422,185.72999572753903,186.5,182.02853393554688,20628700.0,AAPL,0.004362157033275056,0.18405325262289568,-0.30293163821368596,7.936507936507936,0,Normal Day,0,0,0,0
2018-06-21,187.25,188.3500061035156,184.94000244140625,185.4600067138672,181.01345825195312,25711900.0,AAPL,-0.005576464643467219,-0.47387956776433277,0.37997083094226985,71.42857142857143,0,Normal Day,0,0,0,0
2018-06-22,186.1199951171875,186.1499938964844,184.6999969482422,184.9199981689453,180.48638916015625,27200400.0,AAPL,-0.0029117674281613146,-0.32742727460453364,0.5286608171637919,7.936507936507936,0,Normal Day,0,0,0,0
2018-06-25,183.3999938964844,184.9199981689453,180.72999572753903,182.1699981689453,177.80233764648438,31663100.0,AAPL,-0.014871212871847957,-1.1390448166640619,0.9911630114385404,82.53968253968253,0,Normal Day,0,0,0,0
2018-06-26,182.9900054931641,186.52999877929688,182.5399932861328,184.42999267578125,180.00816345214844,24569200.0,AAPL,0.012406056269348929,0.7956878799377177,0.055688539913789734,77.77777777777777,0,Normal Day,0,0,0,0
2018-06-27,185.22999572753903,187.27999877929688,184.02999877929688,184.16000366210935,179.74462890625,25285300.0,AAPL,-0.0014640144138156983,-0.2385725877558338,0.13897429508126424,73.01587301587301,0,Normal Day,0,0,0,0
2018-06-28,184.1000061035156,186.2100067138672,183.8000030517578,185.5,181.0525054931641,17365200.0,AAPL,0.00727630413700008,0.4101735863312293,-1.1796261041752116,47.61904761904761,0,Normal Day,0,0,0,0
2018-06-29,186.2899932861328,187.19000244140625,182.91000366210935,185.1100006103516,180.67184448242188,22737700.0,AAPL,-0.002102489604909601,-0.29130741449631664,-0.19508620002972663,88.88888888888889,0,Normal Day,0,0,0,0
2018-07-02,183.82000732421875,187.3000030517578,183.4199981689453,187.17999267578125,182.6922149658203,17731300.0,AAPL,0.01118254196820914,0.6947036835239475,-1.003761626428082,80.95238095238095,0,Normal Day,0,0,0,0
2018-07-03,187.7899932861328,187.9499969482422,183.5399932861328,183.9199981689453,179.51039123535156,13954800.0,AAPL,-0.017416307153887395,-1.3836038853337467,-1.6110314846290985,92.06349206349206,0,Normal Day,0,1,1,0
2018-07-05,185.25999450683597,186.41000366210935,184.27999877929688,185.3999938964844,180.95489501953125,16604200.0,AAPL,0.008046909007545056,0.5021122391113148,-0.9854883921800248,38.095238095238095,0,Normal Day,0,0,0,0
2018-07-06,185.4199981689453,188.42999267578125,185.1999969482422,187.97000122070312,183.46327209472656,17485200.0,AAPL,0.013861891246017813,0.9104386438724202,-0.784383938167602,73.01587301587301,0,Normal Day,0,0,0,0
2018-07-09,189.5,190.67999267578125,189.3000030517578,190.5800018310547,186.01071166992188,19756600.0,AAPL,0.013885283665277743,0.904093515627404,-0.393222887670935,4.761904761904762,0,Normal Day,0,0,0,0
2018-07-10,190.7100067138672,191.27999877929688,190.17999267578125,190.3500061035156,185.7862548828125,15939100.0,AAPL,-0.0012066874272685765,-0.2186003000315413,-0.9636189387747863,1.5873015873015872,0,Normal Day,0,0,0,0
2018-07-11,188.5,189.77999877929688,187.6100006103516,187.8800048828125,183.37542724609372,18831500.0,AAPL,-0.012976350905181035,-1.1033904787675544,-0.46267308734225326,42.857142857142854,0,Normal Day,0,0,0,0
2018-07-12,189.52999877929688,191.41000366210935,189.30999755859372,191.02999877929688,186.4499053955078,18041100.0,AAPL,0.016766031281214552,1.1453340364310993,-0.6065991112963489,33.33333333333333,0,Normal Day,0,0,0,0
2018-07-13,191.0800018310547,191.83999633789065,190.8999938964844,191.3300018310547,186.74270629882807,12513900.0,AAPL,0.0015703998492203588,-0.00137812587137829,-1.540909136340118,1.5873015873015872,0,Normal Day,0,0,0,0
2018-07-16,191.5200042724609,192.6499938964844,190.4199981689453,190.91000366210935,186.33279418945312,15043100.0,AAPL,-0.0021950635583003523,-0.2760994206426164,-0.9414203389756609,46.03174603174603,0,Normal Day,0,0,0,0
2018-07-17,189.75,191.8699951171875,189.1999969482422,191.4499969482422,186.85983276367188,15534500.0,AAPL,0.0028284799598018457,0.11787625328270426,-0.9016401405272745,60.317460317460316,0,Normal Day,0,0,0,0
2018-07-18,191.77999877929688,191.8000030517578,189.92999267578125,190.3999938964844,185.8350067138672,16393400.0,AAPL,-0.005484464128258215,-0.510709233877306,-0.6697788420819604,22.22222222222222,0,Normal Day,0,0,0,0
2018-07-19,189.69000244140625,192.5500030517578,189.69000244140625,191.8800048828125,187.2795562744141,20286800.0,AAPL,0.0077732908674795435,0.47333793223674114,0.2437265486421252,68.25396825396825,0,Normal Day,0,0,0,0
2018-07-20,191.77999877929688,192.42999267578125,190.1699981689453,191.44000244140625,186.85011291503903,20676200.0,AAPL,-0.0022930605343052433,-0.4139395429407329,0.3231860677276909,47.61904761904761,0,Normal Day,0,0,0,0
2018-07-23,190.67999267578125,191.9600067138672,189.55999755859372,191.6100006103516,187.0159912109375,15989400.0,AAPL,0.0008877612826163556,-0.13989826642290643,-0.6826969347716911,49.2063492063492,0,Normal Day,0,0,0,0
2018-07-24,192.4499969482422,193.66000366210935,192.0500030517578,193.0,188.3726959228516,18697900.0,AAPL,0.007254485047665512,0.39730605209413866,0.07810900589416214,15.873015873015872,0,Normal Day,0,0,0,0
2018-07-25,193.05999755859372,194.8500061035156,192.42999267578125,194.82000732421875,190.1490631103516,16709900.0,AAPL,0.009430067233456779,0.583179435902145,-0.37238902140618746,50.79365079365079,0,Normal Day,0,0,0,0
2018-07-26,194.6100006103516,195.9600067138672,193.6100006103516,194.2100067138672,189.55368041992188,19076000.0,AAPL,-0.003131136597208423,-0.5269659207128362,0.49507425523777177,50.79365079365079,0,Normal Day,0,0,0,0
2018-07-27,194.9900054931641,195.19000244140625,190.1000061035156,190.97999572753903,186.4011383056641,24024000.0,AAPL,-0.016631394902351132,-1.7031187716416807,2.020031692192895,96.82539682539682,1,Normal Day,0,0,0,0
2018-07-30,191.8999938964844,192.1999969482422,189.07000732421875,189.91000366210935,185.35678100585935,21029500.0,AAPL,-0.005602740998781819,-0.7066195877934855,1.0668041810227702,79.36507936507937,0,Normal Day,0,0,0,0
2018-07-31,190.3000030517578,192.13999938964844,189.33999633789065,190.2899932861328,185.72764587402344,39373000.0,AAPL,0.0020008162968279397,0.0005536087185719275,3.336929602170659,74.6031746031746,1,Volume Shock,1,1,1,1
2018-08-01,199.1300048828125,201.75999450683597,197.30999755859372,201.5,196.6688995361328,67935700.0,AAPL,0.05891020483579854,4.749542781053082,3.399953274371527,92.06349206349206,1,Spike + Volume Shock,1,1,1,1
2018-08-02,200.5800018310547,208.3800048828125,200.3500061035156,207.38999938964844,202.4176788330078,62404000.0,AAPL,0.029230749297088587,2.1409063791161103,2.4948349086783943,100.0,1,Range Shock,0,1,1,0
2018-08-03,207.02999877929688,208.7400054931641,205.47999572753903,207.9900054931641,203.00328063964844,33447400.0,AAPL,0.0028930368632659777,0.07013074512960772,0.9810982245511262,79.36507936507937,0,Normal Day,0,0,0,0
2018-08-06,208.0,209.25,207.07000732421875,209.07000732421875,204.0573883056641,25425400.0,AAPL,0.005192564685133351,0.2733215585994716,0.3298543002521814,28.57142857142857,0,Normal Day,0,0,0,0
2018-08-07,209.32000732421875,209.5,206.75999450683597,207.1100006103516,202.14437866210935,25587400.0,AAPL,-0.009374860961609418,-0.9688496118146745,0.31612588256671575,65.07936507936508,0,Normal Day,0,0,0,0
2018-08-08,206.0500030517578,207.80999755859372,204.5200042724609,207.25,202.2810516357422,22525500.0,AAPL,0.0006761156285295178,-0.09114560103861519,-0.0059155008422559305,80.95238095238095,0,Normal Day,0,0,0,0
2018-08-09,209.52999877929688,209.77999877929688,207.1999969482422,208.8800048828125,203.87196350097656,23492600.0,AAPL,0.007864858583488142,0.5443195261427525,0.06589511992887435,52.38095238095238,0,Normal Day,0,0,0,0
2018-08-10,207.3600006103516,209.1000061035156,206.6699981689453,207.52999877929688,203.26467895507807,24611200.0,AAPL,-0.0029787545843476676,-0.4031400567198057,0.1392213870888499,49.2063492063492,0,Normal Day,0,0,0,0
2018-08-13,209.30999755859372,210.9499969482422,207.6999969482422,208.8699951171875,204.5771331787109,25890900.0,AAPL,0.006456873030670007,0.4082086101245402,0.18599004731747654,77.77777777777777,0,Normal Day,0,0,0,0
2018-08-14,210.16000366210935,210.55999755859372,208.25999450683597,209.75,205.4391021728516,20748000.0,AAPL,0.004213418091980486,0.19540066717164523,-0.40016269063300364,33.33333333333333,0,Normal Day,0,0,0,0
2018-08-15,209.22000122070312,210.7400054931641,208.3300018310547,210.2400054931641,205.91900634765625,28807600.0,AAPL,0.0023359923681952185,0.040301369744685164,0.3577266478801125,41.269841269841265,0,Normal Day,0,0,0,0
2018-08-16,211.75,213.80999755859372,211.47000122070312,213.32000732421875,208.9357147216797,28500400.0,AAPL,0.014649975383672366,1.0907899832976662,0.2703305143987298,34.92063492063492,0,Normal Day,0,0,0,0
2018-08-17,213.44000244140625,217.9499969482422,213.16000366210935,217.5800018310547,213.10812377929688,35427000.0,AAPL,0.019969822120527333,1.4993555229193074,0.7740694539962895,90.47619047619047,0,Normal Day,0,0,0,0
2018-08-20,218.1000061035156,219.17999267578125,215.1100006103516,215.4600067138672,211.0317230224609,30287700.0,AAPL,-0.009743414375823458,-1.0326049126415882,0.3141627649712092,85.71428571428571,0,Normal Day,0,0,0,0
2018-08-21,216.8000030517578,217.19000244140625,214.02999877929688,215.0399932861328,210.62034606933597,26159800.0,AAPL,-0.0019493607275393318,-0.36628500305835093,-0.14680524486981553,68.25396825396825,0,Normal Day,0,0,0,0
2018-08-22,214.1000061035156,216.3600006103516,213.83999633789065,215.0500030517578,210.63015747070312,19018100.0,AAPL,4.658335032803135e-05,-0.18686000968136382,-1.048521578585423,49.2063492063492,0,Normal Day,0,0,0,0
2018-08-23,214.6499938964844,217.0500030517578,214.6000061035156,215.4900054931641,211.0611114501953,18883200.0,AAPL,0.0020460222062556716,-0.019843474455290045,-1.109162196244063,39.682539682539684,0,Normal Day,0,0,0,0
2018-08-24,216.6000061035156,216.8999938964844,215.1100006103516,216.16000366210935,211.7173309326172,18476400.0,AAPL,0.003109144445952209,0.07019115444122681,-1.1615641774221641,15.873015873015872,0,Normal Day,0,0,0,0
2018-08-27,217.1499938964844,218.7400054931641,216.3300018310547,217.94000244140625,213.4607391357422,20525100.0,AAPL,0.008234603163781008,0.49359534910214864,-0.8269480518694081,34.92063492063492,0,Normal Day,0,0,0,0
2018-08-28,219.00999450683597,220.5399932861328,218.9199981689453,219.6999969482422,215.1845703125,22776800.0,AAPL,0.00807563575267866,0.46584084459426855,-0.5473255119119369,7.936507936507936,0,Normal Day,0,0,0,0
2018-08-29,220.1499938964844,223.4900054931641,219.41000366210935,222.97999572753903,218.3971710205078,27254800.0,AAPL,0.01492951238716763,1.0217727098443146,0.014388585414057452,82.53968253968253,0,Normal Day,0,0,0,0
2018-08-30,223.25,228.25999450683597,222.3999938964844,225.02999877929688,220.40501403808597,48793800.0,AAPL,0.00919353949593795,0.5514323954785113,1.994944016852219,96.82539682539682,1,Normal Day,0,0,0,0
2018-08-31,226.50999450683597,228.8699951171875,226.0,227.6300048828125,222.9515838623047,43340100.0,AAPL,0.011554046695955267,0.7483090686482952,1.9425182818566638,57.14285714285714,0,Normal Day,0,0,0,0
2018-09-04,228.41000366210935,229.17999267578125,226.6300048828125,228.3600006103516,223.6665954589844,27390100.0,AAPL,0.003207026316176827,0.03762214995447227,0.20783480213952016,34.92063492063492,0,Normal Day,0,0,0,0
2018-09-05,228.9900054931641,229.6699981689453,225.1000061035156,226.8699951171875,222.2072296142578,33333000.0,AAPL,-0.00652473759763651,-0.7818242331600059,0.9136659150149855,84.12698412698413,0,Normal Day,0,0,0,0
2018-09-06,226.22999572753903,227.3500061035156,221.3000030517578,223.1000061035156,218.51470947265625,34290000.0,AAPL,-0.01661746176311013,-1.5950228744578385,0.9465202510475903,98.4126984126984,1,Range Shock,0,0,0,0
2018-09-07,221.8500061035156,225.3699951171875,220.7100067138672,221.3000030517578,216.75169372558597,37619800.0,AAPL,-0.008068178802813722,-0.8800986883394399,1.17303654462598,84.12698412698413,0,Normal Day,0,0,0,0
2018-09-10,220.9499969482422,221.8500061035156,216.47000122070312,218.3300018310547,213.8427276611328,39516500.0,AAPL,-0.013420730488666863,-1.298684059248087,1.2225325394024735,93.65079365079364,0,Normal Day,0,0,0,0
2018-09-11,218.00999450683597,224.3000030517578,216.55999755859372,223.8500061035156,219.24929809570312,35749000.0,AAPL,0.025282928691116712,1.8347535797884338,0.7932222559664915,98.4126984126984,1,Range Shock,0,0,0,0
2018-09-12,224.94000244140625,225.0,219.83999633789065,221.07000732421875,216.52642822265625,49278700.0,AAPL,-0.012419058563454703,-1.1954960182966199,1.6815417325472544,88.88888888888889,0,Normal Day,0,0,0,0
2018-09-13,223.5200042724609,228.3500061035156,222.57000732421875,226.41000366210935,221.7566680908203,41706400.0,AAPL,0.024155203182799262,1.6700301679767147,1.0353358671039734,92.06349206349206,0,Normal Day,0,0,0,0
2018-09-14,225.75,226.83999633789065,222.5200042724609,223.83999633789065,219.23948669433597,31999300.0,AAPL,-0.01135109675914429,-1.1108027248525254,0.14890411488651978,73.01587301587301,0,Normal Day,0,0,0,0
2018-09-17,222.1499938964844,222.9499969482422,217.2700042724609,217.8800048828125,213.4019927978516,37195100.0,AAPL,-0.026626106384854922,-2.1847150787793743,0.5966863307821249,93.65079365079364,0,Normal Day,0,0,0,0
2018-09-18,217.7899932861328,221.8500061035156,217.1199951171875,218.2400054931641,213.7545928955078,31571700.0,AAPL,0.0016522811855380732,-0.08053968849657601,0.0808340838264169,77.77777777777777,0,Normal Day,0,0,0,0
2018-09-19,218.5,219.6199951171875,215.3000030517578,218.3699951171875,213.88189697265625,27123800.0,AAPL,0.0005955618329598609,-0.1567306305046575,-0.3975651818590275,69.84126984126983,0,Normal Day,0,0,0,0
2018-09-20,220.2400054931641,222.27999877929688,219.1499938964844,220.02999877929688,215.5078125,26608800.0,AAPL,0.007601931488159633,0.363571176879382,-0.4633520597822777,49.2063492063492,0,Normal Day,0,0,0,0
2018-09-21,220.77999877929688,221.3600006103516,217.2899932861328,217.66000366210935,213.1865081787109,96246700.0,AAPL,-0.01077132329617559,-1.0268687913896777,2.8352392850646226,65.07936507936508,1,Normal Day,0,1,1,0
2018-09-24,216.82000732421875,221.25999450683597,216.6300048828125,220.7899932861328,216.25218200683597,27693400.0,AAPL,0.014380243169774846,0.8582308189053217,-0.5539421944081527,74.6031746031746,0,Normal Day,0,0,0,0
2018-09-25,219.75,222.82000732421875,219.6999969482422,222.19000244140625,217.62339782714844,24554400.0,AAPL,0.0063408184259113095,0.24966376105283114,-0.9823173618009274,47.61904761904761,0,Normal Day,0,0,0,0
2018-09-26,221.0,223.75,219.75999450683597,220.4199981689453,215.8897705078125,23984700.0,AAPL,-0.007966180735367914,-0.8400521649659225,-1.1075432391015745,63.49206349206349,0,Normal Day,0,0,0,0
2018-09-27,223.82000732421875,226.44000244140625,223.5399932861328,224.9499969482422,220.32666015625,30181200.0,AAPL,0.020551643730043895,1.3115717094381283,-0.4630777858848748,42.857142857142854,0,Normal Day,0,0,0,0
2018-09-28,224.7899932861328,225.83999633789065,224.0200042724609,225.7400054931641,221.10043334960935,22929400.0,AAPL,0.0035119362895557286,0.016405062742567717,-1.273995650306407,7.936507936507936,0,Normal Day,0,0,0,0
2018-10-01,227.9499969482422,229.4199981689453,226.3500061035156,227.25999450683597,222.58920288085935,23600800.0,AAPL,0.006733453701087603,0.2662922824753926,-1.0768304935572843,47.61904761904761,0,Normal Day,0,0,0,0
2018-10-02,227.25,230.0,226.6300048828125,229.27999877929688,224.5676727294922,24788200.0,AAPL,0.008888435840671997,0.4058587284265673,-0.8415925702344745,55.55555555555555,0,Normal Day,0,0,0,0
2018-10-03,230.0500030517578,233.47000122070312,229.77999877929688,232.07000732421875,227.3003387451172,28654800.0,AAPL,0.012168563633451781,0.6528846289335797,-0.4029286565701774,63.49206349206349,0,Normal Day,0,0,0,0
2018-10-04,230.77999877929688,232.3500061035156,226.72999572753903,227.9900054931641,223.30419921875,32042000.0,AAPL,-0.01758087800673386,-1.5790453526401829,-0.05176270297054464,88.88888888888889,0,Normal Day,0,0,0,0
2018-10-05,227.9600067138672,228.41000366210935,220.5800018310547,224.2899932861328,219.6802215576172,33580500.0,AAPL,-0.016228882725052313,-1.4236234508252485,0.09632480532638589,98.4126984126984,1,Range Shock,0,0,0,0
2018-10-08,222.2100067138672,224.8000030517578,220.1999969482422,223.7700042724609,219.1709442138672,29663900.0,AAPL,-0.0023182667066658433,-0.3776067128934441,-0.25310604439995277,74.6031746031746,0,Normal Day,0,0,0,0
2018-10-09,223.63999938964844,227.2700042724609,222.25,226.8699951171875,222.2072296142578,26891000.0,AAPL,0.013853503306660098,0.8091068770817288,-0.50285238739469,82.53968253968253,0,Normal Day,0,0,0,0
2018-10-10,225.4600067138672,226.3500061035156,216.0500030517578,216.3600006103516,211.9132080078125,41990600.0,AAPL,-0.046326222708033805,-3.3377945829755715,0.8488997446927496,100.0,1,Crash + Range Shock,0,1,1,0
2018-10-11,214.5200042724609,219.5,212.32000732421875,214.4499969482422,210.04248046875,53124400.0,AAPL,-0.008827800572928578,-0.7404824079493236,1.5342175349968834,93.65079365079364,0,Normal Day,0,0,0,0
2018-10-12,220.4199981689453,222.8800048828125,216.83999633789065,222.1100006103516,217.5450439453125,40337900.0,AAPL,0.0357192671683323,2.1834146627627966,0.71054597342765,92.06349206349206,0,Normal Day,0,0,0,0
2018-10-15,221.16000366210935,221.8300018310547,217.2700042724609,217.3600006103516,212.8926544189453,30791000.0,AAPL,-0.021385867689712696,-1.5232098462510304,-0.102243362901096,69.84126984126983,0,Normal Day,0,0,0,0
2018-10-16,218.92999267578125,222.9900054931641,216.75999450683597,222.1499938964844,217.58421325683597,29184000.0,AAPL,0.02203720391713596,1.2406993896411067,-0.23065592339560265,92.06349206349206,0,Normal Day,0,0,0,0
2018-10-17,222.3000030517578,222.63999938964844,219.33999633789065,221.19000244140625,216.6439666748047,22885400.0,AAPL,-0.004321299638229788,-0.43154697776195444,-0.9037982760661,44.44444444444444,0,Normal Day,0,0,0,0
2018-10-18,217.8600006103516,219.7400054931641,213.0,216.0200042724609,211.5802001953125,32581300.0,AAPL,-0.02337367874681319,-1.5941362939326205,0.12224218651555015,92.06349206349206,0,Normal Day,0,0,0,0
2018-10-19,218.05999755859372,221.25999450683597,217.42999267578125,219.30999755859372,214.8025665283203,33078700.0,AAPL,0.015229999451901469,0.8031889379834314,0.13732184985160523,50.79365079365079,0,Normal Day,0,0,0,0
2018-10-22,219.7899932861328,223.3600006103516,218.94000244140625,220.6499938964844,216.1150360107422,28792100.0,AAPL,0.0061101201146441355,0.23667090975588714,-0.1666962233501897,60.317460317460316,0,Normal Day,0,0,0,0
2018-10-23,215.8300018310547,223.25,214.6999969482422,222.72999572753903,218.1522979736328,38767800.0,AAPL,0.009426747904710162,0.4432031022702753,1.1156632665585893,96.82539682539682,1,Normal Day,0,0,0,0
2018-10-24,222.6000061035156,224.22999572753903,214.5399932861328,215.08999633789065,210.66932678222656,40925500.0,AAPL,-0.03430159233211784,-2.1630663316589014,1.2302636082064813,98.4126984126984,1,Range Shock,0,0,0,0
2018-10-25,217.7100067138672,221.3800048828125,216.75,219.8000030517578,215.2825164794922,29855800.0,AAPL,0.021897775854357662,1.164858880530889,-0.23160169055676358,66.66666666666666,0,Normal Day,0,0,0,0
2018-10-26,215.8999938964844,220.19000244140625,212.6699981689453,216.3000030517578,211.85446166992188,47258400.0,AAPL,-0.01592351699352636,-1.0795459362391837,1.658838479596525,92.06349206349206,0,Normal Day,0,0,0,0
2018-10-29,219.19000244140625,219.69000244140625,206.08999633789065,212.2400054931641,207.87789916992188,45935500.0,AAPL,-0.018770256093051517,-1.2140304036675795,1.3999145314265888,100.0,1,Range Shock,0,0,0,0
2018-10-30,211.1499938964844,215.17999267578125,209.2700042724609,213.3000030517578,208.91612243652344,36660000.0,AAPL,0.004994389835318214,0.25401517622485603,0.3618466879203518,82.53968253968253,0,Normal Day,0,0,0,0
2018-10-31,216.8800048828125,220.4499969482422,216.6199951171875,218.8600006103516,214.36184692382807,38358900.0,AAPL,0.02606655926690984,1.6329496950925988,0.49669781002990077,44.44444444444444,0,Normal Day,0,0,0,0
2018-11-01,219.0500030517578,222.3600006103516,216.80999755859372,222.22000122070312,217.6527862548828,58323200.0,AAPL,0.01535226243979954,0.9150991508037237,2.0905622311212175,74.6031746031746,0,Normal Day,0,0,0,0
2018-11-02,209.5500030517578,213.6499938964844,205.42999267578125,207.47999572753903,203.21571350097656,91328700.0,AAPL,-0.06633075092822235,-3.7699916786690246,2.872313673988876,95.23809523809523,1,Crash,1,1,1,1
2018-11-05,204.3000030517578,204.38999938964844,198.1699981689453,201.58999633789065,197.4467620849609,66163700.0,AAPL,-0.02838831366250588,-1.5703167062858,1.60931883580813,84.12698412698413,0,Normal Day,0,0,0,0
2018-11-06,201.9199981689453,204.72000122070312,201.69000244140625,203.7700042724609,199.5819854736328,31882900.0,AAPL,0.010814172722433004,0.6037938561383621,-0.6083455354358703,31.746031746031743,0,Normal Day,0,0,0,0
2018-11-07,205.97000122070312,210.05999755859372,204.1300048828125,209.9499969482422,205.63494873046875,33424400.0,AAPL,0.03032820443424042,1.6340102445208402,-0.5101457246237021,82.53968253968253,0,Normal Day,0,0,0,0
2018-11-08,209.97999572753903,210.1199951171875,206.75,208.4900054931641,204.91748046875,25362600.0,AAPL,-0.003489038542077567,-0.2060186660213047,-1.245181171439423,34.92063492063492,0,Normal Day,0,0,0,0
2018-11-09,205.5500030517578,206.00999450683597,202.25,204.47000122070312,200.96633911132807,34365800.0,AAPL,-0.01928162179421527,-1.03497134830423,-0.2784202542453731,41.269841269841265,0,Normal Day,0,0,0,0
2018-11-12,199.0,199.8500061035156,193.7899932861328,194.1699981689453,190.8428497314453,51135500.0,AAPL,-0.05037405480265384,-2.524836877251445,0.8889563345768445,85.71428571428571,1,Normal Day,0,0,0,0
2018-11-13,191.6300048828125,197.17999267578125,191.4499969482422,192.22999572753903,188.9360809326172,46882900.0,AAPL,-0.009991303323710248,-0.4500491511869865,0.5687084269011814,80.95238095238095,0,Normal Day,0,0,0,0
2018-11-14,193.8999938964844,194.47999572753903,185.92999267578125,186.8000030517578,183.59915161132807,60801000.0,AAPL,-0.028247274395368137,-1.3344572789884168,1.2214114515346493,96.82539682539682,1,Normal Day,0,0,0,0
2018-11-15,188.38999938964844,191.97000122070312,186.8999938964844,191.41000366210935,188.1301422119141,46478800.0,AAPL,0.024678712079116497,1.3315926252679144,0.35417873306163195,69.84126984126983,0,Normal Day,0,0,0,0
2018-11-16,190.5,194.97000122070312,189.4600067138672,193.52999877929688,190.21380615234372,36928300.0,AAPL,0.01107565175857117,0.6291425776482521,-0.4019444296100173,77.77777777777777,0,Normal Day,0,0,0,0
2018-11-19,190.0,190.6999969482422,184.9900054931641,185.8600006103516,182.6752471923828,41925300.0,AAPL,-0.039632028360355814,-1.8350144537511162,-0.029845340267879814,79.36507936507937,0,Normal Day,0,0,0,0
2018-11-20,178.3699951171875,181.47000122070312,175.50999450683594,176.97999572753906,173.94741821289062,67825200.0,AAPL,-0.04777784135307917,-2.113913670223496,1.3957041058091557,85.71428571428571,0,Normal Day,0,0,0,0
2018-11-21,179.72999572753906,180.2700042724609,176.5500030517578,176.77999877929688,173.75083923339844,31124200.0,AAPL,-0.0011301057613375932,0.0812225675426099,-1.0640665967184753,46.03174603174603,0,Normal Day,0,0,0,0
2018-11-23,174.94000244140625,176.60000610351562,172.10000610351562,172.2899932861328,169.3377685546875,23624000.0,AAPL,-0.025398845255549453,-1.0302967057571035,-1.7057311522385545,63.49206349206349,0,Normal Day,0,0,0,0
2018-11-26,174.24000549316406,174.9499969482422,170.25999450683594,174.6199951171875,171.62783813476562,44998500.0,AAPL,0.013523678737614573,0.779209379437312,0.11328809098112726,65.07936507936508,0,Normal Day,0,0,0,0
2018-11-27,171.50999450683594,174.77000427246094,170.8800048828125,174.24000549316406,171.25436401367188,41387400.0,AAPL,-0.002176069600087199,0.05653730717249931,-0.11802568807243986,49.2063492063492,0,Normal Day,0,0,0,0
2018-11-28,176.72999572753906,181.2899932861328,174.92999267578125,180.94000244140625,177.8395538330078,46062500.0,AAPL,0.03845268327766653,1.8874892293203085,0.20189334963466485,90.47619047619047,0,Normal Day,0,0,0,0
2018-11-29,182.66000366210935,182.8000030517578,177.6999969482422,179.5500030517578,176.47335815429688,41770000.0,AAPL,-0.007682181209214018,-0.20067292849375365,-0.11010397964590628,71.42857142857143,0,Normal Day,0,0,0,0
2018-11-30,180.2899932861328,180.3300018310547,177.02999877929688,178.5800018310547,175.51998901367188,39531500.0,AAPL,-0.005402340333952481,-0.08470831472523573,-0.28063912013492776,25.396825396825395,0,Normal Day,0,0,0,0
2018-12-03,184.4600067138672,184.94000244140625,181.2100067138672,184.82000732421875,181.653076171875,40802500.0,AAPL,0.0349423857229469,1.699167960678994,-0.13677100212352442,33.33333333333333,0,Normal Day,0,0,0,0
2018-12-04,180.9499969482422,182.38999938964844,176.27000427246094,176.69000244140625,173.66236877441406,41344300.0,AAPL,-0.043988836114728695,-1.7585098305938047,0.023708792286972227,85.71428571428571,0,Normal Day,0,0,0,0
2018-12-06,171.75999450683594,174.77999877929688,170.4199981689453,174.72000122070312,171.72613525390625,43098400.0,AAPL,-0.011149413279182915,-0.33152085373042606,0.2718247062663621,52.38095238095238,0,Normal Day,0,0,0,0
2018-12-07,173.49000549316406,174.49000549316406,168.3000030517578,168.49000549316406,165.6029052734375,42281600.0,AAPL,-0.03565694861422944,-1.3617003364163889,0.14571249534499858,90.47619047619047,0,Normal Day,0,0,0,0
2018-12-10,165.0,170.08999633789062,163.3300018310547,169.60000610351562,166.69386291503906,62026000.0,AAPL,0.006587792888054789,0.441332194173064,1.5105440438727424,93.65079365079364,0,Normal Day,0,0,0,0
2018-12-11,171.66000366210938,171.7899932861328,167.0,168.6300048828125,165.74049377441406,47281700.0,AAPL,-0.005719281585734896,-0.06752328713886825,0.38257092254820857,68.25396825396825,0,Normal Day,0,0,0,0
2018-12-12,170.39999389648438,171.9199981689453,169.02000427246094,169.10000610351562,166.2024383544922,35627700.0,AAPL,0.002787155809411719,0.29253390067589,-0.8535903948390442,17.46031746031746,0,Normal Day,0,0,0,0
2018-12-13,170.49000549316406,172.57000732421875,169.5500030517578,170.9499969482422,168.02072143554688,31898600.0,AAPL,0.010940170908783435,0.6626830595548723,-1.2052663181875454,22.22222222222222,0,Normal Day,0,0,0,0
2018-12-14,169.0,169.0800018310547,165.27999877929688,165.47999572753906,162.64443969726562,40703700.0,AAPL,-0.03199773035341717,-1.1968197021166982,-0.1437761795732014,47.61904761904761,0,Normal Day,0,0,0,0
2018-12-17,165.4499969482422,168.35000610351562,162.72999572753906,163.94000244140625,161.130859375,44287900.0,AAPL,-0.009306068655546368,-0.2240067571962235,0.29908867491936814,80.95238095238095,0,Normal Day,0,0,0,0
2018-12-18,165.3800048828125,167.52999877929688,164.38999938964844,166.07000732421875,163.224365234375,33841500.0,AAPL,0.012992581728263373,0.7415002365683478,-0.8462204891542201,30.158730158730158,0,Normal Day,0,0,0,0
2018-12-19,166.0,167.4499969482422,159.08999633789062,160.88999938964844,158.1331024169922,49047300.0,AAPL,-0.031191806505555912,-1.1510972541966378,0.7542837045519531,98.4126984126984,1,Range Shock,0,0,0,0
2018-12-20,160.39999389648438,162.11000061035156,155.3000030517578,156.8300018310547,154.14266967773438,64773000.0,AAPL,-0.02523464523408364,-0.8681087726362277,1.7425296907261965,92.06349206349206,0,Normal Day,0,0,0,0
2018-12-21,156.86000061035156,158.16000366210938,149.6300048828125,150.72999572753906,148.14720153808594,95744600.0,AAPL,-0.03889557740360372,-1.413055654764203,2.7986931839400224,98.4126984126984,1,Range Shock,0,0,0,0
2018-12-24,148.14999389648438,151.5500030517578,146.58999633789062,146.8300018310547,144.3140411376953,37169200.0,AAPL,-0.025873998027598176,-0.8354026937530554,-0.5506036479461737,74.6031746031746,0,Normal Day,0,0,0,0
2018-12-26,148.3000030517578,157.22999572753906,146.72000122070312,157.1699981689453,154.4768524169922,58582500.0,AAPL,0.07042150021701744,2.962331556100154,1.037871764831101,100.0,1,Range Shock,0,0,0,0
2018-12-27,155.83999633789062,156.77000427246094,150.07000732421875,156.14999389648438,153.47433471679688,53117100.0,AAPL,-0.006489760015883372,-0.055275848568168376,0.6065309261670085,87.30158730158729,0,Normal Day,0,0,0,0
2018-12-28,157.5,158.52000427246094,154.5500030517578,156.22999572753906,153.552978515625,42291400.0,AAPL,0.0005124231290739577,0.23370915912960646,-0.3052442141212274,42.857142857142854,0,Normal Day,0,0,0,0
2018-12-31,158.52999877929688,159.36000061035156,156.47999572753906,157.74000549316406,155.037109375,35003500.0,AAPL,0.009665269105958633,0.590633575316704,-0.9813516709761794,17.46031746031746,0,Normal Day,0,0,0,0
2018-04-04,87.8499984741211,92.76000213623048,87.7300033569336,92.33000183105467,89.61180114746094,35560000.0,MSFT,0.02920533620836049,1.339847297767967,0.0053225609103058425,92.06349206349206,0,Normal Day,0,0,0,0
2018-04-05,92.44000244140624,93.06999969482422,91.4000015258789,92.37999725341795,89.66032409667969,29771900.0,MSFT,0.0005414794546859173,-0.0393493562041221,-0.6690875583649674,39.682539682539684,0,Normal Day,0,0,0,0
2018-04-06,91.48999786376952,92.45999908447266,89.4800033569336,90.2300033569336,87.57362365722656,38026000.0,MSFT,-0.02327339835625689,-1.1519923856282517,0.1370631015490344,82.53968253968253,0,Normal Day,0,0,0,0
2018-04-09,91.04000091552734,93.16999816894533,90.62000274658205,90.7699966430664,88.09771728515625,31533900.0,MSFT,0.005984605935470381,0.2506652719164275,-0.5954086471299859,74.6031746031746,0,Normal Day,0,0,0,0
2018-04-10,92.38999938964844,93.27999877929688,91.63999938964844,92.87999725341795,90.14559936523438,26812000.0,MSFT,0.023245574836513686,1.0501482878736805,-1.108835531553412,34.92063492063492,0,Normal Day,0,0,0,0
2018-04-11,92.01000213623048,93.29000091552734,91.4800033569336,91.86000061035156,89.15563201904297,24872100.0,MSFT,-0.010981871030447636,-0.5636659017446579,-1.3581339037119622,44.44444444444444,0,Normal Day,0,0,0,0
2018-04-12,92.43000030517578,94.16000366210938,92.43000030517578,93.58000183105467,90.8249969482422,26758900.0,MSFT,0.018724166846158068,0.8197934122657603,-1.0193352164008849,39.682539682539684,0,Normal Day,0,0,0,0
2018-04-13,94.0500030517578,94.18000030517578,92.44000244140624,93.08000183105467,90.33971405029295,23346100.0,MSFT,-0.005343054382107955,-0.30643683277915146,-1.3741594987868486,41.269841269841265,0,Normal Day,0,0,0,0
2018-04-16,94.06999969482422,94.66000366210938,93.41999816894533,94.16999816894533,91.39762878417967,20288100.0,MSFT,0.011710406049080118,0.5010230053104304,-1.683142991177351,11.11111111111111,0,Normal Day,0,0,0,0
2018-04-17,95.0,96.54000091552734,94.87999725341795,96.06999969482422,93.24168395996094,26771000.0,MSFT,0.020176181814691215,0.8727921449806838,-0.7396046125739751,28.57142857142857,0,Normal Day,0,0,0,0
2018-04-18,96.22000122070312,96.72000122070312,95.5199966430664,96.44000244140624,93.60079956054688,21043300.0,MSFT,0.0038514491087499655,0.11766751948431209,-1.3626446213643615,9.523809523809524,0,Normal Day,0,0,0,0
2018-04-19,96.44000244140624,97.06999969482422,95.33999633789062,96.11000061035156,93.28050994873048,23552500.0,MSFT,-0.0034218683314687776,-0.22437576042528412,-1.0291793333390442,31.746031746031743,0,Normal Day,0,0,0,0
2018-04-20,95.91000366210938,96.11000061035156,94.0500030517578,95.0,92.20318603515624,31154400.0,MSFT,-0.0115492927104105,-0.5994883317199353,-0.22227424487762784,58.73015873015873,0,Normal Day,0,0,0,0
2018-04-23,95.73999786376952,96.29000091552734,94.62999725341795,95.3499984741211,92.54287719726562,22331800.0,MSFT,0.0036841586144308294,0.13074092108274796,-1.13619722200814,26.984126984126984,0,Normal Day,0,0,0,0
2018-04-24,96.23999786376952,96.47000122070312,92.41000366210938,93.12000274658205,90.37853240966795,34524800.0,MSFT,-0.02338748105901359,-1.1216631099177432,0.20974805502425523,90.47619047619047,0,Normal Day,0,0,0,0
2018-04-25,93.3000030517578,93.3000030517578,90.27999877929688,92.30999755859376,89.5923843383789,33729300.0,MSFT,-0.008698393858904403,-0.42564936953640714,0.2315958826255367,79.36507936507937,0,Normal Day,0,0,0,0
2018-04-26,93.5500030517578,95.1500015258789,93.0999984741211,94.26000213623048,91.48497772216795,42529000.0,MSFT,0.021124489517334047,0.9540019366029395,1.1309353330961838,55.55555555555555,0,Normal Day,0,0,0,0
2018-04-27,97.5999984741211,97.9000015258789,93.91000366210938,95.81999969482422,92.99905395507812,48272800.0,MSFT,0.016549998377966384,0.74365675676997,1.6437888949621282,87.30158730158729,0,Normal Day,0,0,0,0
2018-04-30,96.33000183105467,96.4000015258789,93.1500015258789,93.5199966430664,90.76675415039062,41523600.0,MSFT,-0.024003467882219326,-1.1182488665988084,1.1327991388992007,80.95238095238095,0,Normal Day,0,0,0,0
2018-05-01,93.20999908447266,95.29000091552734,92.79000091552734,95.0,92.20318603515624,31408900.0,MSFT,0.01582552883168654,0.6975376272163899,0.17009078920075796,63.49206349206349,0,Normal Day,0,0,0,0
2018-05-02,94.98999786376952,95.16999816894533,93.19000244140624,93.51000213623048,90.75706481933594,27471000.0,MSFT,-0.01568406991130334,-0.7290682551079462,-0.32636252512015396,46.03174603174603,0,Normal Day,0,0,0,0
2018-05-03,92.95999908447266,94.93000030517578,92.4499969482422,94.06999969482422,91.30056762695312,31142500.0,MSFT,0.00598854545041868,0.26509363913508577,0.22736695164343135,65.07936507936508,0,Normal Day,0,0,0,0
2018-05-04,93.31999969482422,95.37000274658205,92.91999816894533,95.16000366210938,92.35848236083984,22531300.0,MSFT,0.011587164914563011,0.5020235933876632,-1.0554801891139352,63.49206349206349,0,Normal Day,0,0,0,0
2018-05-07,95.16999816894533,96.70999908447266,95.0999984741211,96.22000122070312,93.38726806640624,24242000.0,MSFT,0.01113904948705176,0.4561123320526867,-0.6801452429178824,19.047619047619047,0,Normal Day,0,0,0,0
2018-05-08,95.8499984741211,96.16000366210938,95.05999755859376,95.80999755859376,92.98934173583984,23484600.0,MSFT,-0.004261034066050983,-0.2624557490369397,-0.7468272790996124,3.1746031746031744,0,Normal Day,0,0,0,0
2018-05-09,96.01000213623048,96.97000122070312,95.0500030517578,96.94000244140624,94.08606719970705,27327400.0,MSFT,0.01179409858586517,0.512182196448215,-0.12128335728855025,42.857142857142854,0,Normal Day,0,0,0,0
2018-05-10,97.45999908447266,97.9499969482422,97.0500030517578,97.91000366210938,95.02751922607422,22388100.0,MSFT,0.010006285249109707,0.3973154673981857,-0.914650516013062,3.1746031746031744,0,Normal Day,0,0,0,0
2018-05-11,97.8000030517578,97.87000274658205,97.04000091552734,97.6999969482422,94.82369232177734,16778300.0,MSFT,-0.002144925027580303,-0.21831506720328198,-1.8224935935731652,3.1746031746031744,0,Normal Day,0,0,0,0
2018-05-14,97.91999816894533,98.69000244140624,97.30999755859376,98.02999877929688,95.14398956298828,19454100.0,MSFT,0.003377818700879438,0.0886753436098907,-1.2027006629476666,14.285714285714285,0,Normal Day,0,0,0,0
2018-05-15,97.23999786376952,97.8499984741211,96.33999633789062,97.31999969482422,94.45489501953124,24594000.0,MSFT,-0.007242649237457543,-0.4766424391765469,-0.399409199922693,20.634920634920633,0,Normal Day,0,0,0,0
2018-05-16,97.36000061035156,97.4000015258789,96.62000274658205,97.1500015258789,94.69857788085938,17384700.0,MSFT,0.002579886000378814,0.0698319094155871,-1.5094432919965752,1.5873015873015872,0,Normal Day,0,0,0,0
2018-05-17,96.76000213623048,97.54000091552734,95.83000183105467,96.18000030517578,93.75305938720705,17246700.0,MSFT,-0.009984505731880047,-0.5948670302264364,-1.4465822529306647,36.507936507936506,0,Normal Day,0,0,0,0
2018-05-18,96.01000213623048,96.93000030517578,96.01000213623048,96.36000061035156,93.9285125732422,17865800.0,MSFT,0.0018714395794863787,0.050003365586197175,-1.2372954191782208,7.936507936507936,0,Normal Day,0,0,0,0
2018-05-21,97.0,98.01000213623048,96.8000030517578,97.5999984741211,95.1372299194336,19422500.0,MSFT,0.012868481711012682,0.6503992675354717,-0.8843679034937529,12.698412698412698,0,Normal Day,0,0,0,0
2018-05-22,97.68000030517578,98.16999816894533,97.1999969482422,97.5,95.03975677490234,15441200.0,MSFT,-0.0010245531072724586,-0.12512334378896373,-1.4737773499985705,9.523809523809524,0,Normal Day,0,0,0,0
2018-05-23,96.70999908447266,98.7300033569336,96.31999969482422,98.66000366210938,96.17047882080078,21251200.0,MSFT,0.011897358371576065,0.5795055677192185,-0.4520892735476739,69.84126984126983,0,Normal Day,0,0,0,0
2018-05-24,98.7300033569336,98.94000244140624,96.80999755859376,98.30999755859376,95.82931518554688,26649300.0,MSFT,-0.0035474881630735496,-0.2501539415820005,0.2822876785564266,60.317460317460316,0,Normal Day,0,0,0,0
2018-05-25,98.3000030517578,98.9800033569336,97.86000061035156,98.36000061035156,95.8780517578125,18363900.0,MSFT,0.0005085768605489891,-0.011041176033890147,-0.8146553397186902,11.11111111111111,0,Normal Day,0,0,0,0
2018-05-29,97.83999633789062,98.87999725341795,97.2300033569336,98.01000213623048,95.53687286376952,28671000.0,MSFT,-0.0035584671130448,-0.24878856765545537,0.9032218267804969,33.33333333333333,0,Normal Day,0,0,0,0
2018-05-30,98.30999755859376,99.25,97.91000366210938,98.9499969482422,96.45315551757812,22158500.0,MSFT,0.009590879692233366,0.4798035719188984,0.0009448101862049339,20.634920634920633,0,Normal Day,0,0,0,0
2018-05-31,99.29000091552734,99.98999786376952,98.61000061035156,98.83999633789062,96.34593963623048,34140900.0,MSFT,-0.0011115850048897826,-0.1314562484672608,1.952894042572519,22.22222222222222,0,Normal Day,0,1,1,0
2018-06-01,99.27999877929688,100.86000061035156,99.16999816894533,100.79000091552734,98.24673461914062,28655600.0,MSFT,0.019728854065743692,1.021790013330252,1.134062498334586,36.507936507936506,0,Normal Day,0,0,0,0
2018-06-04,101.26000213623048,101.86000061035156,100.8499984741211,101.66999816894533,99.10453033447266,27281600.0,MSFT,0.00873103537392187,0.40313003679334664,0.9772299306305939,9.523809523809524,0,Normal Day,0,0,0,0
2018-06-05,102.0,102.33000183105467,101.52999877929688,102.19000244140624,99.61141204833984,23514400.0,MSFT,0.005114616982255887,0.1931186678454753,0.27078469187386506,1.5873015873015872,0,Normal Day,0,0,0,0
2018-06-06,102.4800033569336,102.5999984741211,101.9000015258789,102.48999786376952,99.90383911132812,21122900.0,MSFT,0.002935678322142156,0.07363924649300717,-0.20101036691045157,1.5873015873015872,0,Normal Day,0,0,0,0
2018-06-07,102.6500015258789,102.69000244140624,100.37999725341795,100.87999725341795,98.33446502685548,28232200.0,MSFT,-0.01570884661122788,-0.9451716993040143,1.0869807573332044,68.25396825396825,0,Normal Day,0,0,0,0
2018-06-08,101.08999633789062,101.9499969482422,100.54000091552734,101.62999725341795,99.0655288696289,22165100.0,MSFT,0.007434461992280806,0.35959491015871825,0.030546223775404644,26.984126984126984,0,Normal Day,0,0,0,0
2018-06-11,101.01000213623048,101.58999633789062,100.66999816894533,101.0500030517578,98.50017547607422,23490900.0,MSFT,-0.005706862922002844,-0.3716774802071948,0.2903442344116504,9.523809523809524,0,Normal Day,0,0,0,0
2018-06-12,101.0999984741211,101.4499969482422,100.75,101.30999755859376,98.7536163330078,18325200.0,MSFT,0.0025729990399371476,0.07050551779679261,-0.905962652999682,3.1746031746031744,0,Normal Day,0,0,0,0
2018-06-13,101.72000122070312,102.01000213623048,100.55999755859376,100.8499984741211,98.3052215576172,29492900.0,MSFT,-0.004540540306681644,-0.3372185112577223,1.2278581042521663,33.33333333333333,0,Normal Day,1,0,1,0
2018-06-14,101.6500015258789,102.02999877929688,101.0,101.41999816894533,98.86083984375,25691800.0,MSFT,0.005651971251670976,0.24319754886103503,0.5782247895350514,19.047619047619047,0,Normal Day,0,0,0,0
2018-06-15,101.51000213623048,101.52999877929688,100.06999969482422,100.12999725341795,97.60338592529295,65738600.0,MSFT,-0.012719433907748073,-0.7868392433728272,3.227620427176984,36.507936507936506,1,Volume Shock,1,1,1,1
2018-06-18,100.01000213623048,101.11000061035156,99.41999816894533,100.86000061035156,98.31497192382812,23586000.0,MSFT,0.007290587224912758,0.3307338329688571,-0.1261230983660358,41.269841269841265,0,Normal Day,0,0,0,0
2018-06-19,99.6500015258789,101.0,99.5,100.86000061035156,98.31497192382812,28653100.0,MSFT,0.0,-0.08509031167812713,0.45689026162781415,36.507936507936506,0,Normal Day,0,0,0,0
2018-06-20,101.37000274658205,102.5199966430664,101.12000274658205,101.87000274658205,99.29948425292967,26180800.0,MSFT,0.010013859637414357,0.4738475109032753,0.10321658426839755,28.57142857142857,0,Normal Day,0,0,0,0
2018-06-21,102.08000183105467,102.45999908447266,100.87999725341795,101.13999938964844,98.58790588378906,23198200.0,MSFT,-0.0071659825274431556,-0.5444416644624966,-0.41667113262010746,41.269841269841265,0,Normal Day,0,0,0,0
2018-06-22,100.41000366210938,100.7699966430664,99.62999725341795,100.41000366210938,97.87632751464844,38923100.0,MSFT,-0.007217704471574852,-0.5825068609917137,1.3721171661587406,19.047619047619047,0,Normal Day,1,0,1,0
2018-06-25,100.0,100.11000061035156,97.3000030517578,98.38999938964844,95.90730285644533,35433300.0,MSFT,-0.02011747588208621,-1.508410475997271,0.9580191616347389,85.71428571428571,0,Normal Day,0,0,0,0
2018-06-26,98.81999969482422,100.08000183105467,98.75,99.08000183105467,96.57988739013672,26897200.0,MSFT,0.007012860477351979,0.41586935171418904,-0.08660607919766172,28.57142857142857,0,Normal Day,0,0,0,0
2018-06-27,99.58000183105467,100.0199966430664,97.4000015258789,97.54000091552734,95.07875061035156,31298400.0,MSFT,-0.015542954339150128,-1.334689044842742,0.4605132500971654,84.12698412698413,0,Normal Day,0,0,0,0
2018-06-28,97.37999725341795,99.11000061035156,97.26000213623048,98.62999725341795,96.1412353515625,26650700.0,MSFT,0.011174786525805072,0.7766864981504841,-0.1713518380309791,65.07936507936508,0,Normal Day,0,0,0,0
2018-06-29,98.93000030517578,99.91000366210938,98.33000183105467,98.61000061035156,96.12174987792967,28053200.0,MSFT,-0.00020267550714918114,-0.1720592558895445,0.058401876051698075,46.03174603174603,0,Normal Day,0,0,0,0
2018-07-02,98.0999984741211,100.05999755859376,98.0,100.01000213623048,97.48641967773438,19564500.0,MSFT,0.01419730499640062,1.030620941913818,-1.2051400738046518,71.42857142857143,0,Normal Day,0,0,0,0
2018-07-03,100.4800033569336,100.62999725341795,98.94000244140624,99.0500030517578,96.55065155029295,14670300.0,MSFT,-0.009598958814313161,-0.941283188535582,-1.9339849312886492,53.96825396825397,0,Normal Day,0,1,1,0
2018-07-05,99.5,99.91999816894533,99.02999877929688,99.76000213623048,97.24272918701172,18977400.0,MSFT,0.0071680265809315954,0.5033107108134295,-1.024176268921498,9.523809523809524,0,Normal Day,0,0,0,0
2018-07-06,99.88999938964844,101.43000030517578,99.66999816894533,101.16000366210938,98.60740661621094,19234600.0,MSFT,0.01403372201303347,1.077429182175856,-0.9546202919621943,58.73015873015873,0,Normal Day,0,0,0,0
2018-07-09,101.6500015258789,102.25,101.25,101.8499984741211,99.2799835205078,18212000.0,MSFT,0.006820754417714196,0.4330477996601697,-1.0338256080857342,15.873015873015872,0,Normal Day,0,0,0,0
2018-07-10,102.0,102.51000213623048,101.86000061035156,102.12000274658205,99.5431671142578,19293100.0,MSFT,0.0026509230201033967,0.09342618361340312,-0.8235144820989376,1.5873015873015872,0,Normal Day,0,0,0,0
2018-07-11,101.1500015258789,102.33999633789062,101.0999984741211,101.9800033569336,99.40670776367188,19644600.0,MSFT,-0.001370856027006779,-0.29299499623218994,-0.7326598531539112,28.57142857142857,0,Normal Day,0,0,0,0
2018-07-12,102.7699966430664,104.41000366210938,102.7300033569336,104.19000244140624,101.56095123291016,24335900.0,MSFT,0.021671007095011633,1.8273636907535085,-0.12993063326376939,53.96825396825397,0,Normal Day,0,0,0,0
2018-07-13,104.37000274658205,105.5999984741211,104.08999633789062,105.43000030517578,102.7696533203125,24635200.0,MSFT,0.01190124819361353,0.8994403919698466,-0.06603189122944043,44.44444444444444,0,Normal Day,0,0,0,0
2018-07-16,105.4000015258789,105.81999969482422,104.5199966430664,104.91000366210938,102.26277160644533,21786900.0,MSFT,-0.004932211966185427,-0.6241368519753233,-0.42155540143431175,30.158730158730158,0,Normal Day,0,0,0,0
2018-07-17,104.61000061035156,106.5,104.31999969482422,105.9499969482422,103.27653503417967,25901700.0,MSFT,0.00991331852060278,0.7731026843614909,0.3438142849548377,74.6031746031746,0,Normal Day,0,0,0,0
2018-07-18,105.94000244140624,106.0500030517578,104.72000122070312,105.12000274658205,102.46746826171876,29493900.0,MSFT,-0.007833984478595705,-0.8707108969285359,0.8337748791264323,33.33333333333333,0,Normal Day,0,0,0,0
2018-07-19,104.93000030517578,105.30999755859376,103.88999938964844,104.4000015258789,101.7656478881836,40171600.0,MSFT,-0.006849201853437091,-0.7712624488710601,1.8782701618182391,38.095238095238095,0,Normal Day,0,1,1,0
2018-07-20,108.08000183105467,108.1999969482422,106.08000183105467,106.2699966430664,103.58844757080078,56004000.0,MSFT,0.017911738591985516,1.479998318483173,2.478171947917157,74.6031746031746,0,Normal Day,0,1,1,0
2018-07-23,106.3000030517578,108.13999938964844,106.12999725341795,107.97000122070312,105.24556732177734,29707000.0,MSFT,0.015997148232614954,1.268108862432197,0.448983844953463,69.84126984126983,0,Normal Day,0,0,0,0
2018-07-24,108.56999969482422,108.81999969482422,107.26000213623048,107.66000366210938,104.9433822631836,26316600.0,MSFT,-0.002871237870473449,-0.5056320715169201,0.13397873479393752,49.2063492063492,0,Normal Day,0,0,0,0
2018-07-25,107.95999908447266,111.1500015258789,107.5999984741211,110.83000183105467,108.03338623046876,30702100.0,MSFT,0.02944448616622499,2.418376159957151,0.6754680014948982,96.82539682539682,1,Normal Day,0,0,0,0
2018-07-26,110.73999786376952,111.0,109.5,109.62000274658205,106.85392761230467,31372100.0,MSFT,-0.010917538173319304,-1.2435332387067959,0.7144460653522158,39.682539682539684,0,Normal Day,0,0,0,0
2018-07-27,110.18000030517578,110.18000030517578,106.13999938964844,107.68000030517578,104.96287536621094,37005300.0,MSFT,-0.017697545503006604,-1.7965788422522186,1.2021515410643921,100.0,1,Range Shock,0,0,0,0
2018-07-30,107.19000244140624,107.52999877929688,104.76000213623048,105.37000274658205,102.71116638183594,34668300.0,MSFT,-0.021452432362574717,-2.161478790007646,0.9303619531506991,90.47619047619047,0,Normal Day,0,0,0,0
2018-07-31,106.48999786376952,106.72000122070312,105.37999725341795,106.08000183105467,103.40325164794922,27655200.0,MSFT,0.006738169670281086,0.4527924999485949,0.22108391803386301,33.33333333333333,0,Normal Day,0,0,0,0
2018-08-01,106.02999877929688,106.4499969482422,105.41999816894533,106.27999877929688,103.59820556640624,23628700.0,MSFT,0.0018853751245731113,-0.025867234349061748,-0.30829748312279864,17.46031746031746,0,Normal Day,0,0,0,0
2018-08-02,105.4000015258789,108.08999633789062,104.83999633789062,107.56999969482422,104.85565185546876,26104300.0,MSFT,0.012137722677604757,0.9358831258934495,-0.08465982805750491,96.82539682539682,1,Normal Day,0,0,0,0
2018-08-03,107.8000030517578,108.0500030517578,106.81999969482422,108.04000091552734,105.31379699707033,18659600.0,MSFT,0.004369293724224441,0.21239494881514182,-1.26359334022368,26.984126984126984,0,Normal Day,0,0,0,0
2018-08-06,108.12000274658205,108.41999816894533,107.55999755859376,108.12999725341795,105.40151977539062,20265900.0,MSFT,0.0008329656780178442,-0.10957926780510815,-0.9913989838946566,7.936507936507936,0,Normal Day,0,0,0,0
2018-08-07,108.55999755859376,109.0999984741211,108.16999816894533,108.87999725341795,106.13259887695312,16080200.0,MSFT,0.006936134347212648,0.4588702573719361,-1.7333156416302382,12.698412698412698,0,Normal Day,0,0,0,0
2018-08-08,109.33000183105467,109.75,108.76000213623048,109.48999786376952,106.72720336914062,15487500.0,MSFT,0.005602468030363283,0.34240958364321494,-1.7329769966518533,15.873015873015872,0,Normal Day,0,0,0,0
2018-08-09,109.70999908447266,110.16000366210938,109.5999984741211,109.66999816894533,106.90265655517578,13677200.0,MSFT,0.0016439406308465798,-0.02707567186022147,-1.9172177965024202,1.5873015873015872,0,Normal Day,0,0,0,0
2018-08-10,109.41999816894533,109.69000244140624,108.37999725341795,109.0,106.24957275390624,18183700.0,MSFT,-0.00610914473329733,-0.7703300710819512,-0.994304020691409,33.33333333333333,0,Normal Day,0,0,0,0
2018-08-13,109.23999786376952,109.58000183105467,108.0999984741211,108.20999908447266,105.47949981689452,18472500.0,MSFT,-0.007247774433835615,-0.8590007426712789,-0.8892662649453345,47.61904761904761,0,Normal Day,0,0,0,0
2018-08-14,108.55999755859376,109.75,108.04000091552734,109.55999755859376,106.79544067382812,16788300.0,MSFT,0.012475797280210798,1.003964463351539,-1.0965460273481804,63.49206349206349,0,Normal Day,0,0,0,0
2018-08-15,108.48999786376952,108.98999786376952,106.81999969482422,107.66000366210938,105.34723663330078,29982800.0,MSFT,-0.01356054183015557,-1.4425538292840805,0.4973281275372505,82.53968253968253,0,Normal Day,0,0,0,0
2018-08-16,108.3000030517578,108.86000061035156,107.3000030517578,107.63999938964844,105.3276596069336,21384300.0,MSFT,-0.00018583331649535745,-0.19884316760479961,-0.39689192296941306,58.73015873015873,0,Normal Day,0,0,0,0
2018-08-17,107.36000061035156,107.9000015258789,106.69000244140624,107.58000183105467,105.26895904541016,18061500.0,MSFT,-0.0005573138313572983,-0.23042366433844377,-0.7858939935562395,25.396825396825395,0,Normal Day,0,0,0,0
2018-08-20,107.51000213623048,107.9000015258789,106.4800033569336,106.87000274658205,104.57421875,17914200.0,MSFT,-0.006599669092485889,-0.7789150471543521,-0.7787774930157356,39.682539682539684,0,Normal Day,0,0,0,0
2018-08-21,106.91999816894533,107.3499984741211,105.8499984741211,105.9800033569336,103.70333099365234,22881900.0,MSFT,-0.008327939398042657,-0.9267715983778244,0.10277238522738308,52.38095238095238,0,Normal Day,0,0,0,0
2018-08-22,105.8499984741211,107.33999633789062,105.77999877929688,107.05999755859376,104.76011657714844,18000600.0,MSFT,0.010190469036725342,0.8347464210311623,-0.672183876009391,60.317460317460316,0,Normal Day,0,0,0,0
2018-08-23,107.1500015258789,108.18000030517578,106.87000274658205,107.55999755859376,105.24937438964844,18167700.0,MSFT,0.004670267927200101,0.29768031577976517,-0.5696121561611428,33.33333333333333,0,Normal Day,0,0,0,0
2018-08-24,107.66999816894533,108.55999755859376,107.55999755859376,108.4000015258789,106.0713348388672,17234000.0,MSFT,0.00780964688850071,0.5839481090277001,-0.6846870116494135,17.46031746031746,0,Normal Day,0,0,0,0
2018-08-27,109.2699966430664,109.63999938964844,108.51000213623048,109.5999984741211,107.24555206298828,19662300.0,MSFT,0.01107007115451909,0.8678272842362048,-0.08913670853454977,25.396825396825395,0,Normal Day,0,0,0,0
2018-08-28,109.94000244140624,110.5,109.79000091552734,110.26000213623048,107.89138793945312,19151500.0,MSFT,0.006022029483195037,0.3970996744970069,-0.09608589224164427,4.761904761904762,0,Normal Day,0,0,0,0
2018-08-29,110.4499969482422,112.02999877929688,110.2699966430664,112.0199966430664,109.6135711669922,20818000.0,MSFT,0.015962193650762353,1.2967373721459836,0.4406466489836687,69.84126984126983,0,Normal Day,0,0,0,0
2018-08-30,111.66999816894533,112.61000061035156,111.44000244140624,111.9499969482422,109.54507446289062,22798700.0,MSFT,-0.0006248925509162047,-0.23044260605276304,0.9719929484258607,28.57142857142857,0,Normal Day,0,0,0,0
2018-08-31,111.69000244140624,112.77999877929688,111.5199966430664,112.33000183105467,109.91691589355467,23222700.0,MSFT,0.0033944148788726497,0.16287868477494924,1.1650796935635856,28.57142857142857,0,Normal Day,0,0,0,0
2018-09-04,110.8499984741211,111.95999908447266,110.22000122070312,111.70999908447266,109.31023406982422,22634600.0,MSFT,-0.0055194582089437,-0.6749788538383906,0.9350558062724548,66.66666666666666,0,Normal Day,0,0,0,0
2018-09-05,111.01000213623048,111.41999816894533,108.0999984741211,108.48999786376952,106.1594009399414,32872400.0,MSFT,-0.02882468559961322,-2.6846014025155642,2.465006349574455,96.82539682539682,1,Normal Day,0,1,1,0
2018-09-06,108.25,108.98999786376952,107.51000213623048,108.73999786376952,106.4040298461914,23477600.0,MSFT,0.0023043546222382724,0.0910111027297025,0.7599702254818023,46.03174603174603,0,Normal Day,0,0,0,0
2018-09-07,108.2300033569336,108.72000122070312,107.2300033569336,108.20999908447266,105.88542175292967,22498600.0,MSFT,-0.004873951616413294,-0.549016953390242,0.48315317034371613,52.38095238095238,0,Normal Day,0,0,0,0
2018-09-10,108.83999633789062,109.63999938964844,108.36000061035156,109.37999725341795,107.03028869628906,20727900.0,MSFT,0.01081231886699939,0.8621973732699488,-0.037789358943448495,30.158730158730158,0,Normal Day,0,0,0,0
2018-09-11,108.9000015258789,111.58999633789062,108.88999938964844,111.23999786376952,108.8503189086914,24301800.0,MSFT,0.017004814567649087,1.3850364919433877,0.7963129566419541,88.88888888888889,0,Normal Day,0,0,0,0
2018-09-12,111.43000030517578,111.8499984741211,110.51000213623048,111.70999908447266,109.31023406982422,18891100.0,MSFT,0.004225207291478955,0.22344623034626984,-0.6590644120905594,30.158730158730158,0,Normal Day,0,0,0,0
2018-09-13,112.12000274658205,113.7300033569336,112.12000274658205,112.91000366210938,110.48445129394533,26055600.0,MSFT,0.010742061199604164,0.8001832516751328,1.0936030376101213,53.96825396825397,0,Normal Day,0,0,0,0
2018-09-14,113.36000061035156,113.7300033569336,112.44000244140624,113.37000274658205,110.9345703125,19122300.0,MSFT,0.00407404854966538,0.18023947729307574,-0.6561120619162002,25.396825396825395,0,Normal Day,0,0,0,0
2018-09-17,113.69000244140624,113.6999969482422,111.86000061035156,112.13999938964844,109.73099517822266,20736500.0,MSFT,-0.010849414487178358,-1.1415325879566651,-0.12325445974036055,74.6031746031746,0,Normal Day,0,0,0,0
2018-09-18,112.19000244140624,113.6999969482422,111.72000122070312,113.20999908447266,110.77800750732422,22170900.0,MSFT,0.009541627936582807,0.6816721762399958,0.2520467889646305,77.77777777777777,0,Normal Day,0,0,0,0
2018-09-19,113.0500030517578,113.31999969482422,111.04000091552734,111.6999969482422,109.3004379272461,21728400.0,MSFT,-0.013338112982221978,-1.3276027385430977,0.05966970827302565,84.12698412698413,0,Normal Day,0,0,0,0
2018-09-20,112.27999877929688,113.8000030517578,111.93000030517578,113.56999969482422,111.13027954101562,23714500.0,MSFT,0.01674139325029542,1.3024077172646054,0.645020698005877,71.42857142857143,0,Normal Day,0,0,0,0
2018-09-21,114.0,115.29000091552734,113.51000213623048,114.26000213623048,111.8054656982422,71229700.0,MSFT,0.006075627272919628,0.34517239663476573,3.83557730002316,61.9047619047619,1,Volume Shock,1,1,1,1
2018-09-24,113.02999877929688,114.9000015258789,112.22000122070312,114.66999816894533,112.2066421508789,27334500.0,MSFT,0.003588164944632146,0.09468892373435168,0.5202871674061756,88.88888888888889,0,Normal Day,0,0,0,0
2018-09-25,114.8000030517578,115.0999984741211,113.75,114.4499969482422,111.9913558959961,22668000.0,MSFT,-0.0019186587420852268,-0.3962506691879312,-0.17221499676023702,28.57142857142857,0,Normal Day,0,0,0,0
2018-09-26,114.47000122070312,115.05999755859376,113.73999786376952,113.9800033569336,111.53147888183594,19352000.0,MSFT,-0.004106361696229787,-0.625072804393319,-0.7274874332257684,26.984126984126984,0,Normal Day,0,0,0,0
2018-09-27,114.77999877929688,114.91000366210938,114.1999969482422,114.41000366210938,111.95223236083984,19091300.0,MSFT,0.0037725087412288434,0.12163094722546117,-0.7745034551483406,3.1746031746031744,0,Normal Day,0,0,0,0
2018-09-28,114.19000244140624,114.56999969482422,113.68000030517578,114.37000274658205,111.9130859375,21647800.0,MSFT,-0.0003496707704199109,-0.26473276316715166,-0.3385952649143895,7.936507936507936,0,Normal Day,0,0,0,0
2018-10-01,114.75,115.68000030517578,114.7300033569336,115.61000061035156,113.12645721435548,18883100.0,MSFT,0.010842085772999891,0.793631872131473,-0.778131391910235,11.11111111111111,0,Normal Day,0,0,0,0
2018-10-02,115.3000030517578,115.83999633789062,114.44000244140624,115.1500015258789,112.67633819580078,20787200.0,MSFT,-0.003978901396176514,-0.6159946348091793,-0.42309976851497577,39.682539682539684,0,Normal Day,0,0,0,0
2018-10-03,115.41999816894533,116.18000030517578,114.93000030517578,115.16999816894533,112.6958999633789,16648000.0,MSFT,0.00017361025297194142,-0.21146781527937758,-1.1055740444112663,23.809523809523807,0,Normal Day,0,0,0,0
2018-10-04,114.61000061035156,114.76000213623048,111.62999725341795,112.79000091552734,110.36702728271484,34821700.0,MSFT,-0.020665105664188683,-2.0834978014142598,1.3453690326271506,93.65079365079364,0,Normal Day,0,0,0,0
2018-10-05,112.62999725341795,113.16999816894533,110.63999938964844,112.12999725341795,109.72120666503906,29068900.0,MSFT,-0.005851572100618919,-0.6923845240606732,0.7036464018521598,87.30158730158729,0,Normal Day,0,0,0,0
2018-10-08,111.66000366210938,112.02999877929688,109.33999633789062,110.8499984741211,108.4687042236328,29640600.0,MSFT,-0.01141531778109176,-1.1722056628767565,0.7149730479435316,88.88888888888889,0,Normal Day,0,0,0,0
2018-10-09,111.13999938964844,113.08000183105467,110.8000030517578,112.26000213623048,109.84841918945312,26198600.0,MSFT,0.012719935908662943,1.0032113942924028,0.28113920256351266,80.95238095238095,0,Normal Day,0,0,0,0
2018-10-10,111.23999786376952,111.5,105.79000091552734,106.16000366210938,103.87946319580078,61376300.0,MSFT,-0.05433811462828444,-4.271731563611002,2.413148134455739,100.0,1,Crash + Range Shock,1,1,1,1
2018-10-11,105.3499984741211,108.93000030517578,104.1999969482422,105.91000366210938,103.63482666015624,63904300.0,MSFT,-0.002355003848868894,-0.20158368044864677,2.10495039515355,98.4126984126984,1,Range Shock,0,0,0,0
2018-10-12,109.01000213623048,111.23999786376952,107.12000274658205,109.56999969482422,107.21620178222656,47742100.0,MSFT,0.03455764087698555,2.5089795642324564,1.2769595159285148,96.82539682539682,1,Normal Day,0,0,0,0
2018-10-15,108.91000366210938,109.4800033569336,106.9499969482422,107.5999984741211,105.28851318359376,32068100.0,MSFT,-0.017979452420337043,-1.3519390289267712,0.31110677038974693,82.53968253968253,0,Normal Day,0,0,0,0
2018-10-16,109.54000091552734,111.41000366210938,108.9499969482422,111.0,108.61548614501952,31610200.0,MSFT,0.03159863180539401,2.167442805763411,0.2334536862183418,77.77777777777777,0,Normal Day,0,0,0,0
2018-10-17,111.68000030517578,111.80999755859376,109.5500030517578,110.70999908447266,108.33171081542967,26548200.0,MSFT,-0.0026126599406916715,-0.26308355778239156,-0.20056892216996586,76.19047619047619,0,Normal Day,0,0,0,0
2018-10-18,110.0999984741211,110.52999877929688,107.83000183105467,108.5,106.169189453125,32506200.0,MSFT,-0.019962034625199195,-1.4446674341899042,0.23846401756143246,85.71428571428571,0,Normal Day,0,0,0,0
2018-10-19,108.93000030517578,110.86000061035156,108.20999908447266,108.66000366210938,106.32575988769533,32785500.0,MSFT,0.0014747257219991726,0.08669654998388515,0.22323469883872044,84.12698412698413,0,Normal Day,0,0,0,0
2018-10-22,109.31999969482422,110.54000091552734,108.23999786376952,109.62999725341795,107.27490234375,26545600.0,MSFT,0.008926740397220655,0.6033852761388763,-0.1984971888266257,73.01587301587301,0,Normal Day,0,0,0,0
2018-10-23,107.7699966430664,108.97000122070312,105.11000061035156,108.0999984741211,105.77777862548828,43770400.0,MSFT,-0.013955955079449611,-1.0033344021212818,1.0850713943843797,93.65079365079364,0,Normal Day,0,0,0,0
2018-10-24,108.41000366210938,108.48999786376952,101.58999633789062,102.31999969482422,100.1219482421875,63897800.0,MSFT,-0.053468984287574635,-3.4635348003690907,1.8097020344960726,100.0,1,Crash + Range Shock,0,1,1,0
2018-10-25,106.5500030517578,109.2699966430664,106.1500015258789,108.3000030517578,105.97349548339844,61646800.0,MSFT,0.0584442007366505,3.4689900271375285,1.5365834808030734,88.88888888888889,1,Spike,0,1,1,0
2018-10-26,105.69000244140624,108.75,104.76000213623048,106.95999908447266,104.66227722167967,55523100.0,MSFT,-0.012373077397679844,-0.771013191792363,1.1726852769687552,93.65079365079364,0,Normal Day,0,0,0,0
2018-10-29,108.11000061035156,108.6999969482422,101.62999725341795,103.8499984741211,101.61907196044922,55162000.0,MSFT,-0.029076428891230802,-1.702410848653367,1.0523737216783238,100.0,1,Range Shock,0,0,0,0
2018-10-30,103.66000366210938,104.37999725341795,100.11000061035156,103.7300033569336,101.50165557861328,65350900.0,MSFT,-0.0011554561517904502,-0.057283331326587035,1.3392738048256807,93.65079365079364,0,Normal Day,0,0,0,0
2018-10-31,105.44000244140624,108.13999938964844,105.38999938964844,106.80999755859376,104.51548767089844,51062400.0,MSFT,0.02969244270061128,1.7062572578503499,0.6620962285188072,82.53968253968253,0,Normal Day,0,0,0,0
2018-11-01,107.0500030517578,107.31999969482422,105.52999877929688,105.91999816894533,103.64460754394533,33384200.0,MSFT,-0.008332546174356137,-0.47372404341459023,-0.5902233227911317,58.73015873015873,0,Normal Day,0,0,0,0
2018-11-02,106.4800033569336,107.31999969482422,104.9800033569336,106.16000366210938,103.87946319580078,37680200.0,MSFT,0.0022659707766839263,0.1351609957541685,-0.2452080472245935,68.25396825396825,0,Normal Day,0,0,0,0
2018-11-05,106.37000274658205,107.73999786376952,105.9000015258789,107.51000213623048,105.2004623413086,27922100.0,MSFT,0.012716653560462494,0.7292842626391035,-1.1202660237583977,57.14285714285714,0,Normal Day,0,0,0,0
2018-11-06,107.37999725341795,108.83999633789062,106.27999877929688,107.72000122070312,105.40594482421876,24340200.0,MSFT,0.001953246956686469,0.1149457565742588,-1.4464560666872348,74.6031746031746,0,Normal Day,0,0,0,0
2018-11-07,109.44000244140624,112.23999786376952,109.4000015258789,111.95999908447266,109.55485534667967,37901700.0,MSFT,0.03936125736911594,2.143691857502302,-0.24640660869198222,80.95238095238095,0,Normal Day,0,0,0,0
2018-11-08,111.8000030517578,112.20999908447266,110.91000366210938,111.75,109.34937286376952,25644100.0,MSFT,-0.001875612744500638,-0.13785630941824872,-1.2722442777271898,20.634920634920633,0,Normal Day,0,0,0,0
2018-11-09,110.8499984741211,111.4499969482422,108.76000213623048,109.56999969482422,107.21620178222656,32039200.0,MSFT,-0.019507849251229985,-1.0927957476904822,-0.5456716702585181,77.77777777777777,0,Normal Day,0,0,0,0
2018-11-12,109.41999816894533,109.95999908447266,106.0999984741211,106.87000274658205,104.57421875,33621800.0,MSFT,-0.024641639867012424,-1.3272167661643504,-0.3485524813244562,88.88888888888889,0,Normal Day,0,0,0,0
2018-11-13,107.5500030517578,108.73999786376952,106.63999938964844,106.94000244140624,104.64269256591795,35374600.0,MSFT,0.0006547867795374234,0.03240891843060976,-0.20590541536926274,53.96825396825397,0,Normal Day,0,0,0,0
2018-11-14,108.0999984741211,108.26000213623048,104.47000122070312,104.97000122070312,103.15875244140624,39495100.0,MSFT,-0.014181020080087627,-0.7598514050073232,0.10681474967409577,87.30158730158729,0,Normal Day,0,0,0,0
2018-11-15,104.98999786376952,107.8000030517578,103.91000366210938,107.27999877929688,105.42889404296876,38505200.0,MSFT,0.022006291738085527,1.1688954342065614,-0.03028141197879844,88.88888888888889,0,Normal Day,0,0,0,0
2018-11-16,107.08000183105467,108.87999725341795,106.8000030517578,108.29000091552734,106.42147064208984,33502100.0,MSFT,0.009414654380387823,0.4800619270189542,-0.49169465024250225,49.2063492063492,0,Normal Day,0,0,0,0
2018-11-19,108.2699966430664,108.55999755859376,103.5500030517578,104.62000274658205,102.8147964477539,44773900.0,MSFT,-0.03389047503830954,-1.7729826316814952,0.4126682663999843,95.23809523809523,1,Normal Day,0,0,0,0
2018-11-20,101.8000030517578,102.97000122070312,99.3499984741211,101.70999908447266,99.95500946044922,64052500.0,MSFT,-0.027814936041408292,-1.404078172388672,1.4387987982449761,80.95238095238095,0,Normal Day,0,0,0,0
2018-11-21,103.5999984741211,104.43000030517578,102.23999786376952,103.11000061035156,101.33084869384766,28130600.0,MSFT,0.013764585095085581,0.7277017694768801,-1.1352814347503417,53.96825396825397,0,Normal Day,0,0,0,0
2018-11-23,102.16999816894533,103.80999755859376,102.0,103.06999969482422,101.29154205322266,13823100.0,MSFT,-0.0003879039910517054,0.008067598671992394,-2.649002910288091,42.857142857142854,0,Normal Day,1,1,1,1
2018-11-26,104.79000091552734,106.62999725341795,104.58000183105467,106.47000122070312,104.63288116455078,32336200.0,MSFT,0.032987345671689455,1.6709595131561568,-0.3260178116830632,44.44444444444444,0,Normal Day,0,0,0,0
2018-11-27,106.2699966430664,107.33000183105467,105.36000061035156,107.13999938964844,105.29132080078124,29124500.0,MSFT,0.006292855829851041,0.32654893343374836,-0.5472051003547307,41.269841269841265,0,Normal Day,0,0,0,0
2018-11-28,107.88999938964844,111.33000183105467,107.86000061035156,111.12000274658205,109.20264434814452,46788500.0,MSFT,0.03714763493910184,1.8216936938217454,0.8528156070559348,79.36507936507937,0,Normal Day,0,0,0,0
2018-11-29,110.33000183105467,111.12000274658205,109.02999877929688,110.19000244140624,108.28868865966795,28123200.0,MSFT,-0.008369354917476333,-0.4124660394093492,-0.5715366942395094,39.682539682539684,0,Normal Day,0,0,0,0
2018-11-30,110.6999969482422,110.97000122070312,109.36000061035156,110.88999938964844,108.97661590576172,33665600.0,MSFT,0.006352715640096048,0.3088124315650519,0.07221248236010093,23.809523809523807,0,Normal Day,0,0,0,0
2018-12-03,113.0,113.41999816894533,110.7300033569336,112.08999633789062,110.1559066772461,34732800.0,MSFT,0.010821502958985025,0.5148348232712014,0.17085443864229086,61.9047619047619,0,Normal Day,0,0,0,0
2018-12-04,111.94000244140624,112.63999938964844,108.20999908447266,108.5199966430664,106.64749908447266,45197000.0,MSFT,-0.03184947315674119,-1.5705056241595627,1.0056575500168858,90.47619047619047,0,Normal Day,0,0,0,0
2018-12-06,105.81999969482422,109.23999786376952,105.0,109.19000244140624,107.30594635009766,49107400.0,MSFT,0.006174052568297559,0.2849931358876569,1.1579519195747183,88.88888888888889,0,Normal Day,0,0,0,0
2018-12-07,108.37999725341795,109.4499969482422,104.3000030517578,104.81999969482422,103.01134490966795,45044900.0,MSFT,-0.04002202661181594,-1.8879403331074147,0.799521065605635,95.23809523809523,1,Normal Day,0,0,0,0
2018-12-10,104.8000030517578,107.9800033569336,103.88999938964844,107.58999633789062,105.73353576660156,40801500.0,MSFT,0.02642612674672614,1.2388938302442378,0.46442378582051125,85.71428571428571,0,Normal Day,0,0,0,0
2018-12-11,109.8000030517578,110.9499969482422,107.44000244140624,108.58999633789062,106.7162857055664,42381900.0,MSFT,0.009294590707097762,0.4421636009107347,0.5213575873834686,73.01587301587301,0,Normal Day,0,0,0,0
2018-12-12,110.88999938964844,111.2699966430664,109.04000091552734,109.08000183105467,107.19784545898438,36183000.0,MSFT,0.004512523559399427,0.21667620053737802,-0.02133729862357994,42.857142857142854,0,Normal Day,0,0,0,0
2018-12-13,109.58000183105467,110.87000274658205,108.62999725341795,109.4499969482422,107.56144714355467,31333400.0,MSFT,0.0033918749300742073,0.16970750871679866,-0.4864280881069187,42.857142857142854,0,Normal Day,0,0,0,0
2018-12-14,108.25,109.26000213623048,105.5,106.02999877929688,104.20046997070312,47043100.0,MSFT,-0.03124704308195007,-1.4152192698080648,0.8000362295504901,73.01587301587301,0,Normal Day,0,0,0,0
2018-12-17,105.41000366210938,105.8000030517578,101.70999908447266,102.88999938964844,101.1146469116211,56957300.0,MSFT,-0.029614291182656252,-1.3091887357395484,1.304995431581412,87.30158730158729,0,Normal Day,0,0,0,0
2018-12-18,103.75,104.51000213623048,102.5199966430664,103.97000122070312,102.17601013183594,49319200.0,MSFT,0.010496631819745408,0.5291471932839765,0.8065946451124386,26.984126984126984,0,Normal Day,0,0,0,0
2018-12-19,103.6500015258789,106.87999725341795,101.3499984741211,103.69000244140624,101.90084838867188,68198200.0,MSFT,-0.0026930171065500217,-0.08338325235541456,1.5842035306700255,95.23809523809523,1,Normal Day,0,0,0,0
2018-12-20,103.0500030517578,104.30999755859376,98.77999877929688,101.51000213623048,99.75846099853516,70334200.0,MSFT,-0.021024235067849385,-0.8971177142506497,1.5163307134421542,96.82539682539682,1,Normal Day,0,0,0,0
2018-12-21,101.62999725341795,103.0,97.45999908447266,98.2300033569336,96.53504943847656,111242100.0,MSFT,-0.03231216207421169,-1.3671687825571148,2.356346187122152,96.82539682539682,1,Normal Day,0,0,0,0
2018-12-24,97.68000030517578,97.97000122070312,93.9800033569336,94.12999725341795,92.50579833984376,43935200.0,MSFT,-0.04173873760950119,-1.7187869812224192,0.10975325481679188,85.71428571428571,0,Normal Day,0,0,0,0
2018-12-26,95.13999938964844,100.69000244140624,93.95999908447266,100.55999755859376,98.8248519897461,51634800.0,MSFT,0.06830981152865322,2.8737631099117693,0.43981611741681775,96.82539682539682,1,Normal Day,0,0,0,0
2018-12-27,99.3000030517578,101.19000244140624,96.4000015258789,101.18000030517578,99.43416595458984,49498500.0,MSFT,0.006165594509637833,0.3156509357636802,0.2552059579653506,85.71428571428571,0,Normal Day,0,0,0,0
2018-12-28,102.08999633789062,102.41000366210938,99.5199966430664,100.38999938964844,98.65778350830078,38196300.0,MSFT,-0.00780800481238637,-0.25000838204518966,-0.6228943712258277,55.55555555555555,0,Normal Day,0,0,0,0
2018-12-31,101.29000091552734,102.4000015258789,100.44000244140624,101.56999969482422,99.81742095947266,33173800.0,MSFT,0.011754140524293315,0.5431938563126204,-1.0027544373402637,22.22222222222222,0,Normal Day,0,0,0,0
2018-04-04,1358.239990234375,1415.3900146484375,1352.8800048828125,1410.5699462890625,1410.5699462890625,6982300.0,AMZN,0.013304045696150206,0.5100616764224897,0.32807494016297073,84.12698412698413,0,Normal Day,0,0,0,0
2018-04-05,1441.989990234375,1459.56005859375,1427.0699462890625,1451.75,1451.75,6413500.0,AMZN,0.02919391116993119,1.2634879332925186,0.061874710304549406,50.79365079365079,0,Normal Day,0,0,0,0
2018-04-06,1429.969970703125,1452.5,1400.260009765625,1405.22998046875,1405.22998046875,5882300.0,AMZN,-0.03204409817892199,-1.6452243973561544,-0.2209203074564651,80.95238095238095,0,Normal Day,0,0,0,0
2018-04-09,1425.030029296875,1438.47998046875,1402.5699462890625,1406.0799560546875,1406.0799560546875,4208200.0,AMZN,0.0006048658210764683,-0.0834148221420311,-1.1778909209838562,55.55555555555555,0,Normal Day,0,0,0,0
2018-04-10,1431.989990234375,1438.3800048828125,1415.699951171875,1436.219970703125,1436.219970703125,4254100.0,AMZN,0.02143549128813927,0.9001846180026248,-1.1282195807660265,31.746031746031743,0,Normal Day,0,0,0,0
2018-04-11,1439.43994140625,1448.780029296875,1424.8900146484375,1427.050048828125,1427.050048828125,3582500.0,AMZN,-0.006384761430737323,-0.4112039027826114,-1.4792539497677286,36.507936507936506,0,Normal Day,0,0,0,0
2018-04-12,1439.5,1452.1199951171875,1435.06005859375,1448.5,1448.5,3135000.0,AMZN,0.015030973293115698,0.591771990124733,-1.6165330820634982,12.698412698412698,0,Normal Day,0,0,0,0
2018-04-13,1449.1400146484375,1459.780029296875,1424.52001953125,1430.7900390625,1430.7900390625,3685300.0,AMZN,-0.012226414178460477,-0.6742488718797686,-1.1805715560066066,50.79365079365079,0,Normal Day,0,0,0,0
2018-04-16,1445.0,1447.0,1427.47998046875,1441.5,1441.5,2808600.0,AMZN,0.007485347706584198,0.2708946216968638,-1.6931076224172534,20.634920634920633,0,Normal Day,0,0,0,0
2018-04-17,1462.300048828125,1507.18994140625,1457.02001953125,1503.8299560546875,1503.8299560546875,5114400.0,AMZN,0.043239650402141866,1.8834978273529368,-0.32041193422307557,69.84126984126983,0,Normal Day,0,0,0,0
2018-04-18,1514.6500244140625,1533.800048828125,1504.1099853515625,1527.8399658203125,1527.8399658203125,5227500.0,AMZN,0.015965907361371823,0.6049568079087837,-0.24574333979727614,41.269841269841265,0,Normal Day,0,0,0,0
2018-04-19,1543.219970703125,1568.52001953125,1539.06005859375,1556.9100341796875,1556.9100341796875,6523700.0,AMZN,0.019026906619612476,0.7283959356711904,0.2213414303650734,39.682539682539684,0,Normal Day,0,0,0,0
2018-04-20,1561.199951171875,1561.199951171875,1516.0899658203125,1527.489990234375,1527.489990234375,5541600.0,AMZN,-0.018896431585280055,-0.9925416161844075,-0.17008863293764856,63.49206349206349,0,Normal Day,0,0,0,0
2018-04-23,1546.68994140625,1548.0,1503.4100341796875,1517.8599853515625,1517.8599853515625,4465400.0,AMZN,-0.006304463495263161,-0.39833590860680557,-0.6232345523157531,61.9047619047619,0,Normal Day,0,0,0,0
2018-04-24,1535.800048828125,1539.5,1448.449951171875,1460.0899658203125,1460.0899658203125,7494700.0,AMZN,-0.03806017688638749,-1.7805333318131422,0.5679216887564137,92.06349206349206,0,Normal Day,0,0,0,0
2018-04-25,1458.0,1469.989990234375,1415.02001953125,1460.1700439453125,1460.1700439453125,6587300.0,AMZN,5.484465127120454e-05,-0.06082469643232893,0.25449085442838315,79.36507936507937,0,Normal Day,0,0,0,0
2018-04-26,1485.010009765625,1529.4200439453125,1478.5,1517.9599609375,1517.9599609375,8801100.0,AMZN,0.039577525392893144,1.673868013237174,0.8779794122637118,68.25396825396825,0,Normal Day,0,0,0,0
2018-04-27,1634.010009765625,1638.0999755859375,1567.3900146484375,1572.6199951171875,1572.6199951171875,13053200.0,AMZN,0.036008877431740145,1.4813806844442672,1.7884745625745957,82.53968253968253,0,Normal Day,0,0,0,0
2018-04-30,1582.5,1596.0,1560.93994140625,1566.1300048828125,1566.1300048828125,5464100.0,AMZN,-0.004126864884413086,-0.26078142811692984,-0.11018999888450005,42.857142857142854,0,Normal Day,0,0,0,0
2018-05-01,1563.219970703125,1585.0,1552.1800537109375,1582.260009765625,1582.260009765625,4572100.0,AMZN,0.010299275815240795,0.37278490447693474,-0.47916754225161995,39.682539682539684,0,Normal Day,0,0,0,0
2018-05-02,1580.97998046875,1588.5,1566.3599853515625,1569.6800537109375,1569.6800537109375,4360300.0,AMZN,-0.007950625040792712,-0.41362762221952815,-0.5314934372845698,23.809523809523807,0,Normal Day,0,0,0,0
2018-05-03,1560.010009765625,1574.800048828125,1546.02001953125,1572.0799560546875,1572.0799560546875,4251900.0,AMZN,0.0015289117919771637,-0.030205835009420697,-0.5405042270423821,34.92063492063492,0,Normal Day,0,0,0,0
2018-05-04,1562.449951171875,1584.9000244140625,1562.18994140625,1580.949951171875,1580.949951171875,3443600.0,AMZN,0.005642203555249032,0.1737726495243609,-1.0318347066630973,25.396825396825395,0,Normal Day,0,0,0,0
2018-05-07,1589.3399658203125,1606.949951171875,1587.8299560546875,1600.1400146484375,1600.1400146484375,3801900.0,AMZN,0.01213831181837092,0.447132501840693,-0.6952956198923999,15.873015873015872,0,Normal Day,0,0,0,0
2018-05-08,1595.0,1596.8800048828125,1582.510009765625,1592.3900146484375,1592.3900146484375,3067900.0,AMZN,-0.00484332616461862,-0.31340479348133293,-1.200417250669935,4.761904761904762,0,Normal Day,0,0,0,0
2018-05-09,1600.0,1608.0,1592.0,1608.0,1608.0,3637300.0,AMZN,0.009802865634653468,0.3601032001900139,-0.7212993879093266,9.523809523809524,0,Normal Day,0,0,0,0
2018-05-10,1608.47998046875,1615.5999755859375,1603.43994140625,1609.0799560546875,1609.0799560546875,2817500.0,AMZN,0.0006716144618703358,-0.11518220270592605,-1.3177945734812526,3.1746031746031744,0,Normal Day,0,0,0,0
2018-05-11,1610.989990234375,1611.0999755859375,1597.8900146484375,1602.9100341796875,1602.9100341796875,2263900.0,AMZN,-0.0038344408255063145,-0.3435409744442704,-1.733622237055956,4.761904761904762,0,Normal Day,0,0,0,0
2018-05-14,1604.0,1611.1800537109375,1600.050048828125,1601.5400390625,1601.5400390625,2509500.0,AMZN,-0.0008546924580758613,-0.17012034567240883,-1.380032299848042,3.1746031746031744,0,Normal Day,0,0,0,0
2018-05-15,1587.800048828125,1587.800048828125,1565.219970703125,1576.1199951171875,1576.1199951171875,5077500.0,AMZN,-0.01587225003765297,-0.9059055111522276,0.1795048827582376,34.92063492063492,0,Normal Day,0,0,0,0
2018-05-16,1577.5,1594.4300537109375,1576.6700439453125,1587.280029296875,1587.280029296875,2570600.0,AMZN,0.007080700844010123,0.28191652667873074,-1.298600771684286,19.047619047619047,0,Normal Day,0,0,0,0
2018-05-17,1580.56005859375,1594.0400390625,1573.0,1581.760009765625,1581.760009765625,2147600.0,AMZN,-0.003477659536669928,-0.25348297030885286,-1.514259438668074,31.746031746031743,0,Normal Day,0,0,0,0
2018-05-18,1581.3299560546875,1583.5899658203125,1572.0999755859375,1574.3699951171875,1574.3699951171875,2642600.0,AMZN,-0.004672020156542271,-0.31903638909262255,-0.9741402294441333,4.761904761904762,0,Normal Day,0,0,0,0
2018-05-21,1585.0,1592.050048828125,1575.0,1585.4599609375,1585.4599609375,2925200.0,AMZN,0.007044065788034168,0.2919851783302655,-0.6918407600434875,19.047619047619047,0,Normal Day,0,0,0,0
2018-05-22,1589.8900146484375,1589.8900146484375,1575.25,1581.4000244140625,1581.4000244140625,2115600.0,AMZN,-0.0025607310329280185,-0.19517731239113256,-1.2485544415242764,14.285714285714285,0,Normal Day,0,0,0,0
2018-05-23,1571.050048828125,1601.8599853515625,1566.3399658203125,1601.8599853515625,1601.8599853515625,3361900.0,AMZN,0.012937878222861915,0.5970503995723311,-0.24289494890958424,58.73015873015873,0,Normal Day,0,0,0,0
2018-05-24,1598.030029296875,1608.239990234375,1588.3800048828125,1603.0699462890625,1603.0699462890625,3430000.0,AMZN,0.0007553475013825557,-0.02507709047134066,-0.13949707949920076,30.158730158730158,0,Normal Day,0,0,0,0
2018-05-25,1603.0,1614.1199951171875,1600.449951171875,1610.1500244140625,1610.1500244140625,2698400.0,AMZN,0.004416574673731257,0.1734599628658361,-0.6018413423969257,9.523809523809524,0,Normal Day,0,0,0,0
2018-05-29,1600.7099609375,1621.7900390625,1600.1500244140625,1612.8699951171875,1612.8699951171875,3846500.0,AMZN,0.0016892653863821191,0.025010046379282135,0.5980484367437156,34.92063492063492,0,Normal Day,0,0,0,0
2018-05-30,1618.0999755859375,1626.0,1612.9300537109375,1624.8900146484375,1624.8900146484375,2907400.0,AMZN,0.0074525656547889665,0.3186485637087747,-0.33416970117437755,7.936507936507936,0,Normal Day,0,0,0,0
2018-05-31,1623.0,1635.0,1621.3499755859375,1629.6199951171875,1629.6199951171875,3166300.0,AMZN,0.002910954234507609,0.0701270988370352,0.0792368022446615,11.11111111111111,0,Normal Day,0,0,0,0
2018-06-01,1637.030029296875,1646.72998046875,1635.0899658203125,1641.5400390625,1641.5400390625,3313400.0,AMZN,0.0073146156656327226,0.29753908304121085,0.34411304350781624,4.761904761904762,0,Normal Day,0,0,0,0
2018-06-04,1648.9000244140625,1665.6800537109375,1645.489990234375,1665.27001953125,1665.27001953125,3187700.0,AMZN,0.014455925474898821,0.671459582728182,0.24668504273584602,33.33333333333333,0,Normal Day,0,0,0,0
2018-06-05,1672.989990234375,1699.0,1670.06005859375,1696.3499755859375,1696.3499755859375,4782200.0,AMZN,0.018663613522229908,0.8788116076185394,1.8973447582685476,53.96825396825397,0,Normal Day,0,0,0,0
2018-06-06,1704.510009765625,1714.5,1686.469970703125,1695.75,1695.75,5473200.0,AMZN,-0.00035368620542483396,-0.10470890056284562,2.1405574583552385,49.2063492063492,0,Normal Day,0,1,1,0
2018-06-07,1698.56005859375,1699.9000244140625,1676.1099853515625,1689.300048828125,1689.300048828125,3765700.0,AMZN,-0.0038035979194309304,-0.2769914746536267,0.6658132477247888,41.269841269841265,0,Normal Day,0,0,0,0
2018-06-08,1681.1199951171875,1689.43994140625,1673.010009765625,1683.989990234375,1683.989990234375,2955100.0,AMZN,-0.0031433483929830057,-0.22693835160182266,-0.21421367921678028,17.46031746031746,0,Normal Day,0,0,0,0
2018-06-11,1681.510009765625,1694.239990234375,1680.5899658203125,1689.1199951171875,1689.1199951171875,2335500.0,AMZN,0.0030463392968853183,0.10409782835689065,-1.0479973971965526,9.523809523809524,0,Normal Day,0,0,0,0
2018-06-12,1693.0,1699.510009765625,1691.52001953125,1698.75,1698.75,2259200.0,AMZN,0.0057011964281107165,0.2331765987991925,-1.170237920351721,1.5873015873015872,0,Normal Day,0,0,0,0
2018-06-13,1702.81005859375,1713.75,1700.1199951171875,1704.8599853515625,1704.8599853515625,3327500.0,AMZN,0.0035967537021707138,0.12143070944378316,0.21802592683247712,9.523809523809524,0,Normal Day,0,0,0,0
2018-06-14,1713.47998046875,1724.800048828125,1708.8699951171875,1723.8599853515625,1723.8599853515625,3174400.0,AMZN,0.01114461021036984,0.5023686687698555,0.13724417802907501,20.634920634920633,0,Normal Day,0,0,0,0
2018-06-15,1714.0,1720.8699951171875,1708.52001953125,1715.969970703125,1715.969970703125,4777600.0,AMZN,-0.004576946338729718,-0.3220741352099109,1.6071797414858664,6.349206349206349,0,Normal Day,1,1,1,1
2018-06-18,1706.260009765625,1726.739990234375,1702.56005859375,1723.7900390625,1723.7900390625,3107700.0,AMZN,0.004557229143217873,0.13922175167208461,-0.14572560107252258,42.857142857142854,0,Normal Day,0,0,0,0
2018-06-19,1709.0400390625,1736.1099853515625,1700.3900146484375,1734.780029296875,1734.780029296875,4290100.0,AMZN,0.0063754807635110905,0.2558710390984909,1.0813650445673855,65.07936507936508,0,Normal Day,0,0,0,0
2018-06-20,1742.5,1762.9300537109375,1741.3599853515625,1750.0799560546875,1750.0799560546875,4332600.0,AMZN,0.008819519765865489,0.37637101962559494,1.022428187858796,36.507936507936506,0,Normal Day,0,0,0,0
2018-06-21,1760.0,1763.0999755859375,1717.56005859375,1730.219970703125,1730.219970703125,4941100.0,AMZN,-0.01134804457525134,-0.7195526480435587,1.4444790053331662,74.6031746031746,0,Normal Day,0,0,0,0
2018-06-22,1742.6199951171875,1743.0,1711.9000244140625,1715.6700439453125,1715.6700439453125,4075100.0,AMZN,-0.00840929304029459,-0.5958961415189548,0.5975156064252312,58.73015873015873,0,Normal Day,0,0,0,0
2018-06-25,1702.510009765625,1705.0,1646.31005859375,1663.1500244140625,1663.1500244140625,7511200.0,AMZN,-0.030611958118984383,-1.7833751056135079,2.4564172522484977,84.12698412698413,0,Normal Day,0,0,0,0
2018-06-26,1672.3699951171875,1701.5699462890625,1663.3399658203125,1691.0899658203125,1691.0899658203125,4386600.0,AMZN,0.01679941135562524,0.8537105326049135,0.5507884816314927,73.01587301587301,0,Normal Day,0,0,0,0
2018-06-27,1708.1099853515625,1711.949951171875,1660.0,1660.510009765625,1660.510009765625,4872200.0,AMZN,-0.018082985927868007,-1.2533128534584264,0.8609926706073932,82.53968253968253,0,Normal Day,0,0,0,0
2018-06-28,1672.5400390625,1705.5,1661.1700439453125,1701.449951171875,1701.449951171875,4529700.0,AMZN,0.024655040418593156,1.3206685756089396,0.5468411017561363,77.77777777777777,0,Normal Day,0,0,0,0
2018-06-29,1717.0,1723.4100341796875,1694.3199462890625,1699.800048828125,1699.800048828125,4543500.0,AMZN,-0.0009697037180633074,-0.2976351760166585,0.5008228623478712,58.73015873015873,0,Normal Day,0,0,0,0
2018-07-02,1682.699951171875,1713.8900146484375,1678.06005859375,1713.780029296875,1713.780029296875,3185700.0,AMZN,0.008224485273069659,0.3200209102655529,-0.7298239012019632,69.84126984126983,0,Normal Day,0,0,0,0
2018-07-03,1723.9599609375,1725.0,1692.47998046875,1693.9599609375,1693.9599609375,2177300.0,AMZN,-0.01156511805514896,-0.966898836046253,-1.8322127435521116,65.07936507936508,0,Normal Day,1,0,1,0
2018-07-05,1705.3800048828125,1710.68994140625,1682.1500244140625,1699.72998046875,1699.72998046875,2983100.0,AMZN,0.003406231353931564,0.05395871351020552,-0.7502627322304335,57.14285714285714,0,Normal Day,0,0,0,0
2018-07-06,1696.0,1715.27001953125,1691.6700439453125,1710.6300048828125,1710.6300048828125,2650300.0,AMZN,0.006412797643927244,0.22734746908498735,-1.0279626181449089,44.44444444444444,0,Normal Day,0,0,0,0
2018-07-09,1724.050048828125,1739.56005859375,1716.22998046875,1739.02001953125,1739.02001953125,3012000.0,AMZN,0.016596233298493072,0.928681090901802,-0.5760525993419573,41.269841269841265,0,Normal Day,0,0,0,0
2018-07-10,1738.530029296875,1750.0,1731.0,1743.0699462890625,1743.0699462890625,3002900.0,AMZN,0.002328855741927658,-0.060594134605741964,-0.589101726916828,30.158730158730158,0,Normal Day,0,0,0,0
2018-07-11,1737.989990234375,1756.9599609375,1734.0,1755.0,1755.0,3209800.0,AMZN,0.0068442770964734865,0.24911662169528528,-0.44527702107494244,41.269841269841265,0,Normal Day,0,0,0,0
2018-07-12,1764.510009765625,1798.0,1762.1800537109375,1796.6199951171875,1796.6199951171875,4532700.0,AMZN,0.02371509693287037,1.437082812324637,0.6436168855149331,71.42857142857143,0,Normal Day,0,0,0,0
2018-07-13,1803.9300537109373,1815.300048828125,1795.22998046875,1813.030029296875,1813.030029296875,4383200.0,AMZN,0.009133836996296553,0.3787617381422565,0.476218139748027,31.746031746031743,0,Normal Day,0,0,0,0
2018-07-16,1821.949951171875,1841.949951171875,1814.449951171875,1822.489990234375,1822.489990234375,5466200.0,AMZN,0.00521776296290511,0.1001265042351784,1.147422012092809,57.14285714285714,0,Normal Day,0,0,0,0
2018-07-17,1811.56005859375,1851.68994140625,1797.3800048828125,1843.9300537109373,1843.9300537109373,5682900.0,AMZN,0.011764159798652748,0.6484748491099227,1.219342810389601,88.88888888888889,0,Normal Day,0,0,0,0
2018-07-18,1848.0,1858.8800048828125,1831.27001953125,1842.9200439453125,1842.9200439453125,4861900.0,AMZN,-0.0005477484157233147,-0.27940926403499156,0.6212139129133892,57.14285714285714,0,Normal Day,0,0,0,0
2018-07-19,1829.4599609375,1841.0,1811.27001953125,1812.969970703125,1812.969970703125,4676900.0,AMZN,-0.01625142302867929,-1.4445364383310542,0.47171167771567224,60.317460317460316,0,Normal Day,0,0,0,0
2018-07-20,1825.010009765625,1834.8399658203125,1810.06005859375,1813.699951171875,1813.699951171875,3884400.0,AMZN,0.00040264344172611494,-0.1895634633917649,-0.14443079159599748,47.61904761904761,0,Normal Day,0,0,0,0
2018-07-23,1812.2099609375,1819.0,1769.989990234375,1802.0,1802.0,3888500.0,AMZN,-0.006450874723967093,-0.7291766272406374,-0.10308183199276122,88.88888888888889,0,Normal Day,0,0,0,0
2018-07-24,1829.010009765625,1840.0,1809.3800048828125,1829.239990234375,1829.239990234375,4278700.0,AMZN,0.01511653176158435,0.9832960479995085,0.21918752605601408,65.07936507936508,0,Normal Day,0,0,0,0
2018-07-25,1829.300048828125,1863.8399658203125,1822.6400146484373,1863.6099853515625,1863.6099853515625,3738200.0,AMZN,0.01878922137099341,1.2571490483022445,-0.15227218274451373,82.53968253968253,0,Normal Day,0,0,0,0
2018-07-26,1839.0,1844.6800537109373,1804.5,1808.0,1808.0,9924400.0,AMZN,-0.029839926695322948,-2.802082578260225,2.7743293100329027,85.71428571428571,1,Normal Day,0,1,1,0
2018-07-27,1876.050048828125,1880.050048828125,1806.530029296875,1817.27001953125,1817.27001953125,9681000.0,AMZN,0.005127223192063053,0.2549186074578447,2.2463237665202382,100.0,1,Range Shock,0,0,0,0
2018-07-30,1827.3299560546875,1829.5,1766.02001953125,1779.219970703125,1779.219970703125,6562300.0,AMZN,-0.020938027051114673,-2.0500107175249935,1.1237227118490636,98.4126984126984,1,Range Shock,0,0,0,0
2018-07-31,1786.489990234375,1801.8299560546875,1739.3199462890625,1777.43994140625,1777.43994140625,5738700.0,AMZN,-0.0010004548769602419,-0.26008983703445576,0.738502574436471,95.23809523809523,1,Normal Day,0,0,0,0
2018-08-01,1784.0,1798.43994140625,1776.02001953125,1797.1700439453125,1797.1700439453125,4153100.0,AMZN,0.01110029209957593,0.795256386643791,-0.1190867762281166,41.269841269841265,0,Normal Day,0,0,0,0
2018-08-02,1788.77001953125,1836.56005859375,1786.0,1834.3299560546875,1834.3299560546875,4354700.0,AMZN,0.020676903799152,1.59091839071059,-0.08973964173382301,90.47619047619047,0,Normal Day,0,0,0,0
2018-08-03,1837.739990234375,1841.0,1821.5,1823.2900390625,1823.2900390625,3460500.0,AMZN,-0.006018501173001812,-0.7287023624419141,-0.7770432335066483,28.57142857142857,0,Normal Day,0,0,0,0
2018-08-06,1825.81005859375,1847.77001953125,1818.9200439453125,1847.75,1847.75,3391800.0,AMZN,0.013415287975837806,0.9640133549238684,-0.9091512445309501,60.317460317460316,0,Normal Day,0,0,0,0
2018-08-07,1854.530029296875,1869.719970703125,1846.27001953125,1862.47998046875,1862.47998046875,3377500.0,AMZN,0.007971847094439183,0.47265498065238887,-0.9569279543650062,41.269841269841265,0,Normal Day,0,0,0,0
2018-08-08,1861.0,1891.510009765625,1854.5,1886.52001953125,1886.52001953125,3963000.0,AMZN,0.01290754226332655,0.8960171268453149,-0.5252277252599877,73.01587301587301,0,Normal Day,0,0,0,0
2018-08-09,1882.0,1914.5699462890625,1877.47998046875,1898.52001953125,1898.52001953125,4860400.0,AMZN,0.0063609184507788475,0.3186604098349113,0.07008571686867274,71.42857142857143,0,Normal Day,0,0,0,0
2018-08-10,1888.510009765625,1899.5,1878.2099609375,1886.300048828125,1886.300048828125,3639900.0,AMZN,-0.0064365772166796245,-0.788036484142625,-0.8460387849783781,30.158730158730158,0,Normal Day,0,0,0,0
2018-08-13,1898.5,1925.0,1893.6700439453125,1896.199951171875,1896.199951171875,5531500.0,AMZN,0.005248317917343199,0.21667968641559007,0.488876200039513,58.73015873015873,0,Normal Day,0,0,0,0
2018-08-14,1919.3900146484373,1921.010009765625,1900.0,1919.6500244140625,1919.6500244140625,3986100.0,AMZN,0.01236687788526472,0.8083842995158298,-0.5311193649213938,25.396825396825395,0,Normal Day,0,0,0,0
2018-08-15,1909.550048828125,1916.2099609375,1869.7900390625,1882.6199951171875,1882.6199951171875,7700700.0,AMZN,-0.019289989751219226,-1.8898385757123612,1.489335875043117,84.12698412698413,0,Normal Day,0,0,0,0
2018-08-16,1903.93994140625,1905.0,1883.550048828125,1886.52001953125,1886.52001953125,3957100.0,AMZN,0.0020715940679360174,-0.06832858386918578,-0.5374166088044289,30.158730158730158,0,Normal Day,0,0,0,0
2018-08-17,1885.800048828125,1888.0,1855.550048828125,1882.219970703125,1882.219970703125,4104300.0,AMZN,-0.002279354994172523,-0.445836349523995,-0.4043459364216724,65.07936507936508,0,Normal Day,0,0,0,0
2018-08-20,1890.5699462890625,1891.75,1866.06005859375,1876.7099609375,1876.7099609375,2862000.0,AMZN,-0.0029273994811385793,-0.48750408519949345,-1.397836995314734,42.857142857142854,0,Normal Day,0,0,0,0
2018-08-21,1880.0,1897.75,1874.4100341796875,1883.4200439453125,1883.4200439453125,3105600.0,AMZN,0.0035754502014048646,0.06287404031365318,-1.0986937458814034,31.746031746031743,0,Normal Day,0,0,0,0
2018-08-22,1876.6400146484373,1905.800048828125,1876.6400146484373,1904.9000244140625,1904.9000244140625,3080500.0,AMZN,0.011404774276350272,0.739955314423809,-1.0467532151285033,52.38095238095238,0,Normal Day,0,0,0,0
2018-08-23,1907.1700439453125,1919.5,1900.760009765625,1902.9000244140625,1902.9000244140625,3563000.0,AMZN,-0.001049923867062362,-0.33093934076878134,-0.6352864112875348,17.46031746031746,0,Normal Day,0,0,0,0
2018-08-24,1910.510009765625,1916.010009765625,1902.5400390625,1905.3900146484373,1905.3900146484373,2800900.0,AMZN,0.0013085239384247136,-0.12352906501917556,-1.2541302906359373,3.1746031746031744,0,Normal Day,0,0,0,0
2018-08-27,1915.0,1927.699951171875,1909.280029296875,1927.6800537109373,1927.6800537109373,3569000.0,AMZN,0.01169841286620405,0.75434588981298,-0.4509450998375,15.873015873015872,0,Normal Day,0,0,0,0
2018-08-28,1937.72998046875,1941.780029296875,1928.8199462890625,1932.8199462890625,1932.8199462890625,3100700.0,AMZN,0.002666361862400623,-0.01365186437058969,-0.9063321556238325,3.1746031746031744,0,Normal Day,0,0,0,0
2018-08-29,1953.449951171875,1998.68994140625,1948.93994140625,1998.0999755859373,1998.0999755859373,6531800.0,AMZN,0.03377450104558877,2.4798463485536164,1.9673532946185381,84.12698412698413,0,Normal Day,0,0,0,0
2018-08-30,1997.4200439453125,2025.5699462890625,1986.9000244140625,2002.3800048828125,2002.3800048828125,7277300.0,AMZN,0.0021420496217263206,-0.0889047685946746,2.0226720104003104,68.25396825396825,0,Normal Day,0,0,0,0
2018-08-31,2007.0,2022.3800048828125,2004.739990234375,2012.7099609375,2012.7099609375,4204400.0,AMZN,0.005158838996343279,0.1700592848124208,0.16142888449152293,11.11111111111111,0,Normal Day,0,0,0,0
2018-09-04,2026.5,2050.5,2013.0,2039.510009765625,2039.510009765625,5721100.0,AMZN,0.013315405273615185,0.8524987847307394,1.100349804811016,65.07936507936508,0,Normal Day,0,0,0,0
2018-09-05,2038.1099853515625,2040.3800048828125,1989.8900146484373,1994.8199462890625,1994.8199462890625,8220600.0,AMZN,-0.021912156970339245,-1.9665649871610982,1.9552641709016394,84.12698412698413,0,Normal Day,0,0,0,0
2018-09-06,2006.510009765625,2007.5,1935.2099609375,1958.31005859375,1958.31005859375,7488700.0,AMZN,-0.01830234741898955,-1.6264302287690118,1.4881879673727445,98.4126984126984,1,Range Shock,0,0,0,0
2018-09-07,1938.7099609375,1975.199951171875,1937.3499755859373,1952.0699462890625,1952.0699462890625,4892600.0,AMZN,-0.003186478197006497,-0.4404486197694322,0.24305208106637202,65.07936507936508,0,Normal Day,0,0,0,0
2018-09-10,1971.0,1973.0400390625,1931.52001953125,1939.010009765625,1939.010009765625,4544800.0,AMZN,-0.00669030151725085,-0.7003910103974239,0.041189648447686585,73.01587301587301,0,Normal Day,0,0,0,0
2018-09-11,1928.27001953125,1988.8800048828125,1917.0,1987.1500244140625,1987.1500244140625,5033600.0,AMZN,0.024827109920003122,1.698040023969538,0.2917863172837142,96.82539682539682,1,Normal Day,0,0,0,0
2018-09-12,1994.0,2000.0,1962.43994140625,1990.0,1990.0,4414000.0,AMZN,0.001434202526695413,-0.08457032007414089,-0.056818636282325405,57.14285714285714,0,Normal Day,0,0,0,0
2018-09-13,2000.0,2008.760009765625,1982.030029296875,1989.8699951171875,1989.8699951171875,3621500.0,AMZN,-6.532908684045227e-05,-0.18603262341775087,-0.6153569634212668,30.158730158730158,0,Normal Day,0,0,0,0
2018-09-14,1992.9300537109373,1993.6500244140625,1959.219970703125,1970.18994140625,1970.18994140625,3642000.0,AMZN,-0.009890120339132256,-0.9273557018336215,-0.5274283482288376,52.38095238095238,0,Normal Day,0,0,0,0
2018-09-17,1954.72998046875,1956.8199462890625,1887.4100341796875,1908.030029296875,1908.030029296875,7050200.0,AMZN,-0.031550212902319213,-2.4110134763290927,1.3517088564360173,96.82539682539682,1,Normal Day,0,0,0,0
2018-09-18,1918.6500244140625,1958.199951171875,1915.43994140625,1941.050048828125,1941.050048828125,4268700.0,AMZN,0.01730581753129858,1.1080085348317286,-0.12356254846459803,69.84126984126983,0,Normal Day,0,0,0,0
2018-09-19,1940.5,1940.8299560546875,1904.9000244140625,1926.4200439453125,1926.4200439453125,4056800.0,AMZN,-0.0075371600498632734,-0.6568322994463355,-0.335748244398008,53.96825396825397,0,Normal Day,0,0,0,0
2018-09-20,1938.5799560546875,1955.0,1932.25,1944.300048828125,1944.300048828125,3154900.0,AMZN,0.009281467423996591,0.5285059057200123,-1.1108449342956561,19.047619047619047,0,Normal Day,0,0,0,0
2018-09-21,1954.219970703125,1957.31005859375,1910.5,1915.010009765625,1915.010009765625,6855900.0,AMZN,-0.01506456736456587,-1.2093570205699278,1.156954589262455,76.19047619047619,0,Normal Day,0,0,0,0
2018-09-24,1903.7900390625,1936.8800048828125,1865.0,1934.3599853515625,1934.3599853515625,4213700.0,AMZN,0.010104373077561988,0.5689843362173851,-0.3704819455847321,98.4126984126984,1,Range Shock,0,0,0,0
2018-09-25,1942.9000244140625,1975.9100341796875,1938.8499755859373,1974.550048828125,1974.550048828125,4538400.0,AMZN,0.02077693075793134,1.3538006114197865,-0.22680511064308892,55.55555555555555,0,Normal Day,0,0,0,0
2018-09-26,1968.5,1995.25,1961.52001953125,1974.8499755859373,1974.8499755859373,4313500.0,AMZN,0.0001518962550431558,-0.203687102805069,-0.4388625991773703,47.61904761904761,0,Normal Day,0,0,0,0
2018-09-27,1993.239990234375,2016.1600341796875,1988.5799560546875,2012.97998046875,2012.97998046875,4329400.0,AMZN,0.01930779823996482,1.2654897940842906,-0.5123753557662358,33.33333333333333,0,Normal Day,0,0,0,0
2018-09-28,2004.4100341796875,2026.52001953125,1996.4599609375,2003.0,2003.0,4085100.0,AMZN,-0.004957814069480227,-0.5837555831416937,-0.6538604750275945,38.095238095238095,0,Normal Day,0,0,0,0
2018-10-01,2021.989990234375,2033.18994140625,2003.5999755859373,2004.3599853515625,2004.3599853515625,3460500.0,AMZN,0.0006789742144595606,-0.14473798607374683,-1.1710166729387705,36.507936507936506,0,Normal Day,0,0,0,0
2018-10-02,1999.989990234375,2013.3900146484373,1965.77001953125,1971.31005859375,1971.31005859375,5400700.0,AMZN,-0.01648901744165262,-1.4393058277140072,0.4879665635371633,77.77777777777777,0,Normal Day,0,0,0,0
2018-10-03,1981.699951171875,1989.699951171875,1949.81005859375,1952.760009765625,1952.760009765625,5253100.0,AMZN,-0.00941001074247946,-0.8815539630567196,0.4011441685162978,69.84126984126983,0,Normal Day,0,0,0,0
2018-10-04,1949.0,1956.0,1896.5699462890625,1909.4200439453125,1909.4200439453125,7257000.0,AMZN,-0.022194210043001785,-1.764998823017898,1.7537448965523266,88.88888888888889,0,Normal Day,0,0,0,0
2018-10-05,1917.989990234375,1929.0799560546875,1862.8299560546875,1889.6500244140625,1889.6500244140625,6822300.0,AMZN,-0.010353939456087657,-0.867041236943794,1.5728782067512102,88.88888888888889,0,Normal Day,0,0,0,0
2018-10-08,1874.0,1902.0,1830.6600341796875,1864.4200439453125,1864.4200439453125,7393200.0,AMZN,-0.013351668373921908,-1.0597864217173671,1.6865612086170942,98.4126984126984,1,Range Shock,0,0,0,0
2018-10-09,1859.989990234375,1896.6800537109373,1852.3199462890625,1870.3199462890625,1870.3199462890625,4772900.0,AMZN,0.003164470561722333,0.15073403603036684,-0.013818457657478515,71.42857142857143,0,Normal Day,0,0,0,0
2018-10-10,1857.8900146484373,1858.56005859375,1754.4100341796875,1755.25,1755.25,10988900.0,AMZN,-0.06152420419692095,-3.9533765068910873,2.5118937846391582,100.0,1,Crash + Range Shock,1,1,1,1
2018-10-11,1724.0,1755.4000244140625,1685.0999755859375,1719.3599853515625,1719.3599853515625,13935900.0,AMZN,-0.020447238084852586,-1.2599358599421946,2.528674199920816,98.4126984126984,1,Range Shock,0,0,0,0
2018-10-12,1808.0,1808.949951171875,1742.530029296875,1788.6099853515625,1788.6099853515625,9444600.0,AMZN,0.04027661489739756,2.4548079818323254,1.3657232011885143,92.06349206349206,0,Normal Day,0,0,0,0
2018-10-15,1795.0,1795.050048828125,1734.22998046875,1760.949951171875,1760.949951171875,6437200.0,AMZN,-0.015464541966230132,-0.9004542615959669,0.3389082634126636,80.95238095238095,0,Normal Day,0,0,0,0
2018-10-16,1783.5,1823.8800048828125,1761.550048828125,1819.9599609375,1819.9599609375,5859900.0,AMZN,0.033510327608320206,1.9671509479168308,0.11938805868946417,79.36507936507937,0,Normal Day,0,0,0,0
2018-10-17,1842.7900390625,1845.0,1807.0,1831.72998046875,1831.72998046875,5295200.0,AMZN,0.006467185973249111,0.3634031633303763,-0.1741864647961219,57.14285714285714,0,Normal Day,0,0,0,0
2018-10-18,1821.489990234375,1830.1500244140625,1767.8699951171875,1770.719970703125,1770.719970703125,5874000.0,AMZN,-0.033307316261762664,-1.8928165217871042,0.05462216233694477,84.12698412698413,0,Normal Day,0,0,0,0
2018-10-19,1785.1600341796875,1809.0999755859373,1753.0,1764.030029296875,1764.030029296875,5907200.0,AMZN,-0.003778091125043069,-0.20564213080073226,-0.011619007163425843,76.19047619047619,0,Normal Day,0,0,0,0
2018-10-22,1784.0,1809.5,1756.0,1789.300048828125,1789.300048828125,4500000.0,AMZN,0.014325164034380061,0.8322337196856815,-0.7372878338802302,73.01587301587301,0,Normal Day,0,0,0,0
2018-10-23,1742.239990234375,1776.3399658203125,1714.0,1768.699951171875,1768.699951171875,6723900.0,AMZN,-0.011512936396409155,-0.6247860041179096,0.36207005673395604,84.12698412698413,0,Normal Day,0,0,0,0
2018-10-24,1773.699951171875,1777.7099609375,1656.56005859375,1664.199951171875,1664.199951171875,6928400.0,AMZN,-0.05908294390507682,-3.1343875613093877,0.3958591570446622,100.0,1,Crash + Range Shock,0,0,0,0
2018-10-25,1703.3399658203125,1794.81005859375,1692.010009765625,1782.1700439453125,1782.1700439453125,10285700.0,AMZN,0.07088697045710574,3.4489737482531897,1.408853036363935,96.82539682539682,1,Spike,1,0,1,0
2018-10-26,1649.5899658203125,1698.4599609375,1603.0,1642.81005859375,1642.81005859375,14963800.0,AMZN,-0.07819679487096064,-3.4040531132722522,2.102698604486357,96.82539682539682,1,Crash,0,1,1,0
2018-10-29,1660.0,1665.739990234375,1495.0,1538.8800048828125,1538.8800048828125,13866100.0,AMZN,-0.06326358495753423,-2.553454528280752,1.6905332916505535,100.0,1,Range Shock,0,0,0,0
2018-10-30,1486.1600341796875,1540.989990234375,1476.3599853515625,1530.4200439453125,1530.4200439453125,12460100.0,AMZN,-0.005497479277563448,-0.13518429726889228,1.3268121063523333,92.06349206349206,0,Normal Day,0,0,0,0
2018-10-31,1569.989990234375,1623.9100341796875,1565.0899658203125,1598.010009765625,1598.010009765625,9390200.0,AMZN,0.044164323440295805,1.881403165234356,0.5141862827650913,82.53968253968253,0,Normal Day,0,0,0,0
2018-11-01,1623.530029296875,1670.449951171875,1598.43994140625,1665.530029296875,1665.530029296875,8135500.0,AMZN,0.04225256357508859,1.7284759674283539,0.07455272110603874,92.06349206349206,0,Normal Day,0,0,0,0
2018-11-02,1678.5899658203125,1697.43994140625,1651.8299560546875,1665.530029296875,1665.530029296875,6955500.0,AMZN,0.0,0.053358311341196105,-0.35336006139073234,63.49206349206349,0,Normal Day,0,0,0,0
2018-11-05,1657.5699462890625,1658.0899658203125,1596.3599853515625,1627.800048828125,1627.800048828125,5624700.0,AMZN,-0.022653437527438758,-0.82866247725805,-0.899508114092649,85.71428571428571,0,Normal Day,0,0,0,0
2018-11-06,1618.3499755859375,1665.0,1614.550048828125,1642.81005859375,1642.81005859375,4257400.0,AMZN,0.009221040247806176,0.4421174940168345,-1.4906925093025256,63.49206349206349,0,Normal Day,0,0,0,0
2018-11-07,1673.0,1759.22998046875,1664.0799560546875,1755.489990234375,1755.489990234375,8192200.0,AMZN,0.06858975025821265,2.610448039761664,0.1212401239098522,92.06349206349206,1,Normal Day,0,0,0,0
2018-11-08,1755.0,1784.0,1725.1099853515625,1754.9100341796875,1754.9100341796875,6534900.0,AMZN,-0.000330367053024364,0.017473147020812606,-0.42077377693347207,65.07936507936508,0,Normal Day,0,0,0,0
2018-11-09,1732.5,1743.9200439453125,1701.8699951171875,1712.4300537109375,1712.4300537109375,5902200.0,AMZN,-0.024206357956467424,-0.8574485655717021,-0.6244169661938266,50.79365079365079,0,Normal Day,0,0,0,0
2018-11-12,1698.239990234375,1708.550048828125,1630.010009765625,1636.8499755859375,1636.8499755859375,6806200.0,AMZN,-0.044136154911094606,-1.5411916074552987,-0.17084397654076558,90.47619047619047,0,Normal Day,0,0,0,0
2018-11-13,1649.2900390625,1677.06005859375,1613.75,1631.1700439453125,1631.1700439453125,5933300.0,AMZN,-0.0034700380152993403,-0.0575150400652263,-0.557628453859459,84.12698412698413,0,Normal Day,0,0,0,0
2018-11-14,1656.3199462890625,1673.0,1597.0699462890625,1599.010009765625,1599.010009765625,6486900.0,AMZN,-0.019715929862163233,-0.6411240223946567,-0.3145115899626735,88.88888888888889,0,Normal Day,0,0,0,0
2018-11-15,1581.010009765625,1624.8199462890625,1546.510009765625,1619.43994140625,1619.43994140625,8427300.0,AMZN,0.012776612726532912,0.5418026049925979,0.3936141077219809,90.47619047619047,0,Normal Day,0,0,0,0
2018-11-16,1587.5,1614.47998046875,1573.1199951171875,1593.4100341796875,1593.4100341796875,6066100.0,AMZN,-0.016073400785681053,-0.5062102261126382,-0.5924113755121816,49.2063492063492,0,Normal Day,0,0,0,0
2018-11-19,1577.010009765625,1581.18994140625,1503.3599853515625,1512.2900390625,1512.2900390625,7790000.0,AMZN,-0.05090968010562915,-1.70632624985234,0.1171776107058757,90.47619047619047,0,Normal Day,0,0,0,0
2018-11-20,1437.5,1534.75,1420.0,1495.4599609375,1495.4599609375,10878800.0,AMZN,-0.01112886925806462,-0.2745489581878216,1.0382553627306759,98.4126984126984,1,Range Shock,0,0,0,0
2018-11-21,1542.989990234375,1550.0,1515.0,1516.72998046875,1516.72998046875,5716800.0,AMZN,0.01422306185845048,0.6208833675971368,-0.9405884241828301,34.92063492063492,0,Normal Day,0,0,0,0
2018-11-23,1517.0,1536.199951171875,1501.81005859375,1502.06005859375,1502.06005859375,2707600.0,AMZN,-0.009672072197363843,-0.2241777326013873,-2.5366976419118092,33.33333333333333,0,Normal Day,1,1,1,1
2018-11-26,1539.0,1584.81005859375,1524.219970703125,1581.3299560546875,1581.3299560546875,6257700.0,AMZN,0.05277411978796048,1.9207775048542641,-0.37337993412084575,76.19047619047619,0,Normal Day,0,0,0,0
2018-11-27,1575.989990234375,1597.6500244140625,1558.010009765625,1581.4200439453125,1581.4200439453125,5783200.0,AMZN,5.6969698373237213e-05,0.09778427062781055,-0.5037806386854742,41.269841269841265,0,Normal Day,0,0,0,0
2018-11-28,1613.9200439453125,1681.449951171875,1601.219970703125,1677.75,1677.75,8458700.0,AMZN,0.060913579806642894,2.1343047013588277,0.692534267994449,84.12698412698413,0,Normal Day,0,0,0,0
2018-11-29,1674.989990234375,1689.989990234375,1652.3299560546875,1673.5699462890625,1673.5699462890625,6613200.0,AMZN,-0.0024914639910222024,-0.0027265428812983045,0.027591864029059707,28.57142857142857,0,Normal Day,0,0,0,0
2018-11-30,1679.5,1696.0,1666.5,1690.1700439453125,1690.1700439453125,5761800.0,AMZN,0.009918974520938725,0.4132162522479847,-0.3793197654988411,11.11111111111111,0,Normal Day,0,0,0,0
2018-12-03,1769.4599609375,1778.3399658203125,1730.0,1772.3599853515625,1772.3599853515625,6862300.0,AMZN,0.04862820856438594,1.6643889940641483,0.2767537973613405,42.857142857142854,0,Normal Day,0,0,0,0
2018-12-04,1756.0,1770.3399658203125,1665.0,1668.4000244140625,1668.4000244140625,8694500.0,AMZN,-0.058656233381887524,-1.8147900087528481,1.0655064513059411,95.23809523809523,1,Normal Day,0,0,0,0
2018-12-06,1614.8699951171875,1701.050048828125,1609.8499755859375,1699.18994140625,1699.18994140625,8789400.0,AMZN,0.018454756977722316,0.6512317556136716,1.0069352874103112,87.30158730158729,0,Normal Day,0,0,0,0
2018-12-07,1705.0699462890625,1718.9300537109375,1625.4599609375,1629.1300048828125,1629.1300048828125,7576100.0,AMZN,-0.041231374325024474,-1.2350746056896427,0.4237124631178686,88.88888888888889,0,Normal Day,0,0,0,0
2018-12-10,1623.8399658203125,1657.989990234375,1590.8699951171875,1641.030029296875,1641.030029296875,7494800.0,AMZN,0.007304527188374079,0.3005622535979423,0.40343255750100454,73.01587301587301,0,Normal Day,0,0,0,0
2018-12-11,1678.0,1679.469970703125,1619.5999755859375,1643.239990234375,1643.239990234375,6244700.0,AMZN,0.0013466913450979885,0.12385713729509781,-0.2607556402860061,58.73015873015873,0,Normal Day,0,0,0,0
2018-12-12,1669.0,1704.989990234375,1660.27001953125,1663.5400390625,1663.5400390625,6598000.0,AMZN,0.012353672591201731,0.46929939085779626,-0.07819370113199335,36.507936507936506,0,Normal Day,0,0,0,0
2018-12-13,1680.0,1692.1199951171875,1641.5,1658.3800048828125,1658.3800048828125,5271300.0,AMZN,-0.003101839485988852,-0.022274578030995345,-0.8475541700132992,41.269841269841265,0,Normal Day,0,0,0,0
2018-12-14,1638.0,1642.5699462890625,1585.0,1591.9100341796875,1591.9100341796875,6367200.0,AMZN,-0.04008126636079529,-1.173935245779211,-0.17466498871154879,55.55555555555555,0,Normal Day,0,0,0,0
2018-12-17,1566.0,1576.1300048828125,1505.010009765625,1520.9100341796875,1520.9100341796875,8829800.0,AMZN,-0.0446005103778282,-1.300488512616701,0.9410700620503001,76.19047619047619,0,Normal Day,0,0,0,0
2018-12-18,1540.0,1567.550048828125,1523.010009765625,1551.47998046875,1551.47998046875,6523000.0,AMZN,0.0200997729004731,0.7244333397400646,-0.09488674633572496,36.507936507936506,0,Normal Day,0,0,0,0
2018-12-19,1543.050048828125,1584.530029296875,1483.1800537109375,1495.0799560546875,1495.0799560546875,8792200.0,AMZN,-0.03635240230236313,-1.0195222061802949,0.90387679176535,95.23809523809523,1,Normal Day,0,0,0,0
2018-12-20,1484.0,1509.5,1432.68994140625,1460.8299560546875,1460.8299560546875,9991800.0,AMZN,-0.022908473798539237,-0.5855195453823733,1.2666928090111833,82.53968253968253,0,Normal Day,0,0,0,0
2018-12-21,1464.989990234375,1480.0,1363.9599609375,1377.449951171875,1377.449951171875,13640300.0,AMZN,-0.057077146136843795,-1.5911933909084557,2.1398459178759435,98.4126984126984,1,Range Shock,0,0,0,0
2018-12-24,1346.0,1396.030029296875,1307.0,1343.9599609375,1343.9599609375,7220000.0,AMZN,-0.024313035987901528,-0.5789693878186973,0.07689522213949644,92.06349206349206,0,Normal Day,0,0,0,0
2018-12-26,1368.8900146484375,1473.1600341796875,1363.010009765625,1470.9000244140625,1470.9000244140625,10411800.0,AMZN,0.09445226581602438,2.8035415932236374,1.4042262024731165,95.23809523809523,1,Normal Day,0,0,0,0
2018-12-27,1454.199951171875,1469.0,1390.31005859375,1461.6400146484375,1461.6400146484375,9722000.0,AMZN,-0.006295471896068363,-0.06077561912478553,1.0075075657159849,79.36507936507937,0,Normal Day,0,0,0,0
2018-12-28,1473.3499755859375,1513.469970703125,1449.0,1478.02001953125,1478.02001953125,8829000.0,AMZN,0.01120659308629582,0.44193911019147847,0.5276187104523488,65.07936507936508,0,Normal Day,0,0,0,0
2018-12-31,1510.800048828125,1520.760009765625,1487.0,1501.969970703125,1501.969970703125,6954500.0,AMZN,0.016204077654828154,0.5733421709274564,-0.4809813715924555,7.936507936507936,0,Normal Day,0,0,0,0
2018-04-04,215.00999450683597,226.66000366210935,214.0,226.2400054931641,224.7380523681641,19729200.0,NVDA,0.003949424194538102,0.0508765309514872,0.7058270105759317,84.12698412698413,0,Normal Day,0,0,0,0
2018-04-05,228.6000061035156,229.1300048828125,218.4900054931641,221.3800048828125,219.91030883789065,17531000.0,NVDA,-0.021481647097148757,-0.7920667743165254,0.32201632487138704,77.77777777777777,0,Normal Day,0,0,0,0
2018-04-06,217.22999572753903,221.6000061035156,213.07000732421875,214.25,212.82763671875,16574700.0,NVDA,-0.0322070945949229,-1.1359530738141779,0.1281157636631313,68.25396825396825,0,Normal Day,0,0,0,0
2018-04-09,216.8000030517578,221.97000122070312,214.6000061035156,215.41000366210935,213.97994995117188,12488100.0,NVDA,0.005414302626235744,0.17362739491127818,-0.8091757169059143,57.14285714285714,0,Normal Day,0,0,0,0
2018-04-10,224.72000122070312,229.0,222.41000366210935,227.91000366210935,226.3969573974609,19041900.0,NVDA,0.058028836108815214,1.9433970992010963,0.4916367463165413,42.857142857142854,0,Normal Day,0,1,1,0
2018-04-11,227.30999755859372,228.97999572753903,224.9199981689453,226.2400054931641,224.7380523681641,11506100.0,NVDA,-0.007327417507579204,-0.27420715585078864,-1.0723371580357777,20.634920634920633,0,Normal Day,0,0,0,0
2018-04-12,230.0,235.32000732421875,228.2100067138672,234.6000061035156,233.04254150390625,14848000.0,NVDA,0.03695186039139385,1.2004641600971755,-0.26034311888481587,49.2063492063492,0,Normal Day,0,0,0,0
2018-04-13,237.1699981689453,237.50999450683597,229.5500030517578,231.5,229.96311950683597,12575900.0,NVDA,-0.0132139907898261,-0.4754115671772104,-0.7829347648167783,58.73015873015873,0,Normal Day,0,0,0,0
2018-04-16,231.7700042724609,232.83999633789065,227.67999267578125,231.4900054931641,229.95318603515625,8769800.0,NVDA,-4.319593376980884e-05,-0.03650652737693257,-1.8331958361263267,25.396825396825395,0,Normal Day,0,0,0,0
2018-04-17,233.6000061035156,238.3999938964844,231.3500061035156,237.5399932861328,235.96299743652344,11180600.0,NVDA,0.026134934266352723,0.8174875942705676,-1.1356157953420742,47.61904761904761,0,Normal Day,0,0,0,0
2018-04-18,235.5,239.25,232.7700042724609,236.3699951171875,234.80081176757807,9784100.0,NVDA,-0.004925287784827406,-0.2070674585199924,-1.3894528360875882,39.682539682539684,0,Normal Day,0,0,0,0
2018-04-19,231.75,233.1000061035156,226.8000030517578,229.0399932861328,227.5194396972656,11799900.0,NVDA,-0.031010847089915826,-1.0556429056502679,-0.8014326670449549,39.682539682539684,0,Normal Day,0,0,0,0
2018-04-20,228.69000244140625,232.1000061035156,227.4499969482422,228.7100067138672,227.19163513183597,9655000.0,NVDA,-0.0014407760755116273,-0.060041610019695824,-1.3396889967220023,22.22222222222222,0,Normal Day,0,0,0,0
2018-04-23,229.42999267578125,231.5,222.8300018310547,223.8800048828125,222.39373779296875,10687700.0,NVDA,-0.021118283408995523,-0.6962248038992225,-0.9912246550035161,66.66666666666666,0,Normal Day,0,0,0,0
2018-04-24,224.9199981689453,228.8000030517578,218.55999755859372,221.1999969482422,219.7314910888672,10364900.0,NVDA,-0.011970870810130036,-0.37457770570967036,-0.9819944205499257,77.77777777777777,0,Normal Day,0,0,0,0
2018-04-25,220.0,221.5800018310547,210.3000030517578,216.66000366210935,215.2216339111328,14712300.0,NVDA,-0.020524400737400125,-0.6552014543181642,-0.018598900232000278,82.53968253968253,0,Normal Day,0,0,0,0
2018-04-26,223.1999969482422,225.5500030517578,220.52999877929688,225.22000122070312,223.72479248046875,9395600.0,NVDA,0.03950884683296744,1.309562008766184,-1.2271873071115666,20.634920634920633,0,Normal Day,0,0,0,0
2018-04-27,229.5,230.3000030517578,224.6199951171875,226.3300018310547,224.8274688720703,10021200.0,NVDA,0.004928717909964434,0.18622119571524778,-0.9474696011696752,26.984126984126984,0,Normal Day,0,0,0,0
2018-04-30,226.9900054931641,229.0,224.1199951171875,224.8999938964844,223.4069366455078,8196100.0,NVDA,-0.0063183214830871085,-0.17601415643959972,-1.4925071113882353,20.634920634920633,0,Normal Day,0,0,0,0
2018-05-01,224.57000732421875,227.25,222.1999969482422,227.13999938964844,225.632080078125,6344700.0,NVDA,0.009960046299493135,0.35097437459642383,-2.123712312120057,22.22222222222222,0,Normal Day,0,0,0,0
2018-05-02,227.0,228.8000030517578,225.25,226.30999755859372,224.8075714111328,6706200.0,NVDA,-0.0036542173732862,-0.0932465854061678,-1.7066314021652682,9.523809523809524,0,Normal Day,0,0,0,0
2018-05-03,227.6000061035156,234.0500030517578,225.7700042724609,232.9900054931641,231.44325256347656,11078600.0,NVDA,0.02951716043499388,0.9805061694650173,-0.018676311843485723,60.317460317460316,0,Normal Day,0,0,0,0
2018-05-04,231.8300018310547,239.19000244140625,231.1300048828125,239.05999755859372,237.47293090820312,10016500.0,NVDA,0.02605251299375357,0.8381296468254619,-0.29587368453075263,52.38095238095238,0,Normal Day,0,0,0,0
2018-05-07,243.2899932861328,250.9900054931641,242.88999938964844,248.67999267578125,247.0290679931641,17190400.0,NVDA,0.04024095314111805,1.3164556609715257,1.6891455977387655,50.79365079365079,0,Normal Day,0,0,0,0
2018-05-08,248.69000244140625,250.50999450683597,246.7100067138672,250.3999938964844,248.73764038085935,12665400.0,NVDA,0.006916483155506768,0.1764059577621026,0.5614333063251626,7.936507936507936,0,Normal Day,0,0,0,0
2018-05-09,251.2100067138672,255.8699951171875,250.1100006103516,255.77999877929688,254.08192443847656,14919000.0,NVDA,0.021485626580015047,0.6980588301356055,1.305517615111836,28.57142857142857,0,Normal Day,0,0,0,0
2018-05-10,257.9200134277344,260.5,257.20001220703125,260.1300048828125,258.40301513671875,24852000.0,NVDA,0.0170066828161501,0.5119043560596944,2.5786696640300817,3.1746031746031744,1,Normal Day,1,1,1,1
2018-05-11,252.77999877929688,259.7900085449219,250.5399932861328,254.52999877929688,252.8402404785156,30361400.0,NVDA,-0.02152751451162417,-0.9023904471755602,2.5727680226282232,68.25396825396825,1,Normal Day,0,1,1,0
2018-05-14,256.07000732421875,258.489990234375,254.3999938964844,255.3600006103516,253.6647186279297,13078500.0,NVDA,0.003260866022962625,0.04371558792466715,0.32872525229369903,15.873015873015872,0,Normal Day,0,0,0,0
2018-05-15,252.7899932861328,252.8999938964844,241.5,245.55999755859372,243.92979431152344,24088200.0,NVDA,-0.038377131707800646,-1.514676027216331,1.7019251628474348,82.53968253968253,0,Normal Day,0,0,0,0
2018-05-16,244.0,248.5200042724609,242.50999450683597,246.00999450683597,244.37680053710935,13845700.0,NVDA,0.0018325199955485396,0.046555753700453076,0.3034382137021184,34.92063492063492,0,Normal Day,0,0,0,0
2018-05-17,246.0800018310547,251.5,245.42999267578125,247.7100067138672,246.0655059814453,12994600.0,NVDA,0.006910252694299969,0.25395626326591997,0.11380552202938043,36.507936507936506,0,Normal Day,0,0,0,0
2018-05-18,249.80999755859372,252.3699951171875,245.7400054931641,245.94000244140625,244.3072509765625,12092900.0,NVDA,-0.0071454753394626334,-0.2977986274154907,-0.06857991624289728,44.44444444444444,0,Normal Day,0,0,0,0
2018-05-21,249.8800048828125,250.02999877929688,240.4900054931641,244.2400054931641,242.6185607910156,16015600.0,NVDA,-0.006912157452538759,-0.2723904881930876,0.5735701616948565,73.01587301587301,0,Normal Day,0,0,0,0
2018-05-22,244.77999877929688,245.8000030517578,240.25,242.6999969482422,241.0887451171875,12956600.0,NVDA,-0.006305435449128042,-0.26655636491562446,0.020721467923138694,33.33333333333333,0,Normal Day,0,0,0,0
2018-05-23,240.27999877929688,247.58999633789065,240.25,247.5399932861328,246.0487060546875,11073900.0,NVDA,0.02057317497375948,0.786979542871493,-0.383291213023949,52.38095238095238,0,Normal Day,0,0,0,0
2018-05-24,247.38999938964844,249.3999938964844,245.2400054931641,247.69000244140625,246.1977996826172,10934300.0,NVDA,0.0006059516846089388,0.006699881381535655,-0.37931528423619626,15.873015873015872,0,Normal Day,0,0,0,0
2018-05-25,248.1999969482422,249.94000244140625,246.75999450683597,249.27999877929688,247.77821350097656,7302800.0,NVDA,0.0064192849018015015,0.23481271105223628,-1.3226115050681584,4.761904761904762,0,Normal Day,0,0,0,0
2018-05-29,248.5500030517578,251.33999633789065,246.6999969482422,248.58999633789065,247.09239196777344,8817100.0,NVDA,-0.0027678847284949935,-0.12902693269538038,-0.838904545602173,19.047619047619047,0,Normal Day,0,0,0,0
2018-05-30,249.9499969482422,253.33999633789065,248.9499969482422,252.9900054931641,251.4658966064453,9774900.0,NVDA,0.017699875758385476,0.6610245661717331,-0.6210847595998321,15.873015873015872,0,Normal Day,0,0,0,0
2018-05-31,251.6999969482422,255.1999969482422,251.2700042724609,252.19000244140625,250.6706695556641,12346700.0,NVDA,-0.003162365400290383,-0.1939752296118833,-0.13566748769770937,11.11111111111111,0,Normal Day,0,0,0,0
2018-06-01,254.0,257.8699951171875,253.6499938964844,257.6199951171875,256.0679626464844,10549200.0,NVDA,0.021531410517183613,0.804351986872737,-0.6607578781846613,15.873015873015872,0,Normal Day,0,0,0,0
2018-06-04,259.0,265.739990234375,257.70001220703125,264.8500061035156,263.25439453125,16050600.0,NVDA,0.02806454899899712,1.0395238317297468,0.49509888798914997,60.317460317460316,0,Normal Day,0,0,0,0
2018-06-05,264.9800109863281,266.5899963378906,263.1700134277344,265.07000732421875,263.47314453125,9792800.0,NVDA,0.0008309452930102292,-0.0370952404415036,-0.9202083997719032,6.349206349206349,0,Normal Day,0,0,0,0
2018-06-06,261.42999267578125,265.2799987792969,260.7699890136719,265.1499938964844,263.5525817871094,9283900.0,NVDA,0.0003015003901088413,-0.05958444926981601,-0.9764508370495771,20.634920634920633,0,Normal Day,0,0,0,0
2018-06-07,265.0,265.4800109863281,259.25,262.8999938964844,261.316162109375,9236200.0,NVDA,-0.008485667879136521,-0.41130133327397483,-0.9270534472120113,41.269841269841265,0,Normal Day,0,0,0,0
2018-06-08,259.9599914550781,264.0,259.20001220703125,262.2799987792969,260.69989013671875,9011400.0,NVDA,-0.0023583385263338847,-0.15132184967198362,-0.9121295913307499,23.809523809523807,0,Normal Day,0,0,0,0
2018-06-11,261.7699890136719,263.45001220703125,260.1000061035156,260.6199951171875,259.04986572265625,6634300.0,NVDA,-0.006329210239395108,-0.29765029471190835,-1.6131494529736246,6.349206349206349,0,Normal Day,0,0,0,0
2018-06-12,261.69000244140625,263.07000732421875,259.6600036621094,262.5799865722656,260.998046875,7979000.0,NVDA,0.007520487018624862,0.25605428718283424,-1.1151774087054778,9.523809523809524,0,Normal Day,0,0,0,0
2018-06-13,262.6400146484375,265.6700134277344,262.0299987792969,262.3999938964844,260.8191833496094,8455200.0,NVDA,-0.0006853059918731432,-0.07501575977076416,-0.8405504761614426,11.11111111111111,0,Normal Day,0,0,0,0
2018-06-14,264.2200012207031,269.20001220703125,263.6199951171875,266.9100036621094,265.3020324707031,10750400.0,NVDA,0.017187574408914597,0.6412307115214608,0.11123690347200993,33.33333333333333,0,Normal Day,0,0,0,0
2018-06-15,264.6000061035156,267.4800109863281,263.3500061035156,265.260009765625,263.6619567871094,10806500.0,NVDA,-0.006181919031377421,-0.30029868680427274,0.18939050777115124,12.698412698412698,0,Normal Day,0,0,0,0
2018-06-18,263.4800109863281,265.79998779296875,262.3800048828125,265.0899963378906,263.4929504394531,8906700.0,NVDA,-0.0006409963337741292,-0.10157442079932766,-0.5839117078616506,6.349206349206349,0,Normal Day,0,0,0,0
2018-06-19,260.9200134277344,263.6400146484375,255.0200042724609,260.1700134277344,258.6026306152344,14873300.0,NVDA,-0.018559585051754448,-0.817064621732205,1.5594402080722338,68.25396825396825,0,Normal Day,0,0,0,0
2018-06-20,261.8299865722656,264.45001220703125,260.2799987792969,262.3099975585937,260.729736328125,9244500.0,NVDA,0.008225383120929925,0.29633590703005036,-0.36294948313116043,19.047619047619047,0,Normal Day,0,0,0,0
2018-06-21,263.6000061035156,264.3399963378906,256.79998779296875,257.1099853515625,255.56105041503903,8987900.0,NVDA,-0.019823921835218833,-0.8870869546013445,-0.42723981142846623,58.73015873015873,0,Normal Day,0,0,0,0
2018-06-22,257.95001220703125,258.489990234375,250.3300018310547,250.9499969482422,249.4381561279297,10854000.0,NVDA,-0.023958636408660777,-1.082135929219425,0.4838358258595827,66.66666666666666,0,Normal Day,0,0,0,0
2018-06-25,246.6499938964844,246.8000030517578,235.5399932861328,239.1199951171875,237.67942810058597,16645400.0,NVDA,-0.04714085531209991,-2.0061793703961195,2.144431112726961,88.88888888888889,0,Normal Day,0,0,0,0
2018-06-26,243.6999969482422,245.6499938964844,239.91000366210935,241.9900054931641,240.5321350097656,11972100.0,NVDA,0.012002329911246525,0.49985253024493637,0.6788244544645989,47.61904761904761,0,Normal Day,0,0,0,0
2018-06-27,243.75,246.42999267578125,235.5,235.72000122070312,234.2998962402344,11347300.0,NVDA,-0.02591021265943598,-1.266154090889223,0.39453715529659866,88.88888888888889,0,Normal Day,0,0,0,0
2018-06-28,235.32000732421875,241.33999633789065,235.00999450683597,240.8600006103516,239.4089508056641,8450300.0,NVDA,0.021805620264514446,1.0065786410328605,-0.85940300300622,53.96825396825397,0,Normal Day,0,0,0,0
2018-06-29,243.4900054931641,244.0,236.8500061035156,236.8999938964844,235.4727935791016,9807500.0,NVDA,-0.01644114479979324,-0.8835486778623911,-0.1693088041113907,66.66666666666666,0,Normal Day,0,0,0,0
2018-07-02,234.08999633789065,242.38999938964844,233.25999450683597,242.2400054931641,240.78060913085935,8939300.0,NVDA,0.022541098999510185,1.0520457925139037,-0.5386362187549194,84.12698412698413,0,Normal Day,0,0,0,0
2018-07-03,243.63999938964844,243.8800048828125,236.5,236.83999633789065,235.4131622314453,5568300.0,NVDA,-0.022291856968004165,-1.141482343124703,-2.2910633230436974,71.42857142857143,0,Normal Day,1,1,1,1
2018-07-05,239.07000732421875,242.92999267578125,237.5,242.72999572753903,241.2676696777344,7655400.0,NVDA,0.024869074400067998,1.13880080551049,-0.8879344903031947,42.857142857142854,0,Normal Day,0,0,0,0
2018-07-06,241.7400054931641,247.6699981689453,240.8800048828125,247.3300018310547,245.8399810791016,7408800.0,NVDA,0.018951198092452697,0.8227407382874824,-0.9548202374013197,60.317460317460316,0,Normal Day,0,0,0,0
2018-07-09,250.3300018310547,250.72000122070312,246.07000732421875,249.25,247.74839782714844,7597000.0,NVDA,0.007762841258244294,0.2616530498230686,-0.8031235717779904,31.746031746031743,0,Normal Day,0,0,0,0
2018-07-10,249.75,254.13999938964844,248.1199951171875,253.25,251.7242889404297,9000400.0,NVDA,0.016048100202267258,0.7546512071440162,-0.13487920145019708,52.38095238095238,0,Normal Day,0,0,0,0
2018-07-11,249.5,250.8999938964844,247.1000061035156,247.52999877929688,246.0387725830078,9187700.0,NVDA,-0.022586284308731712,-1.272493074916751,-0.12056812304747992,14.285714285714285,0,Normal Day,0,0,0,0
2018-07-12,249.3600006103516,253.1699981689453,248.9600067138672,251.22999572753903,249.71646118164065,8637700.0,NVDA,0.014947597730321442,0.737212119617749,-0.3952025297724725,25.396825396825395,0,Normal Day,0,0,0,0
2018-07-13,251.97999572753903,251.97999572753903,247.6199951171875,249.32000732421875,247.81797790527344,6174700.0,NVDA,-0.007602555583976031,-0.48426611389935154,-1.620417528201,31.746031746031743,0,Normal Day,0,0,0,0
2018-07-16,248.1999969482422,250.33999633789065,247.6999969482422,248.1999969482422,246.7047271728516,4925900.0,NVDA,-0.004492211347343728,-0.3120849024890958,-2.086380520541764,1.5873015873015872,0,Normal Day,0,0,0,0
2018-07-17,246.2100067138672,254.3000030517578,245.17999267578125,253.69000244140625,252.1616668701172,9053400.0,NVDA,0.022119315506436314,1.1336692552338246,0.04508602419774477,85.71428571428571,0,Normal Day,0,0,0,0
2018-07-18,253.38999938964844,253.9499969482422,249.63999938964844,251.6999969482422,250.18362426757807,6941000.0,NVDA,-0.007844342984764472,-0.48880827610868405,-0.8254395409208832,31.746031746031743,0,Normal Day,0,0,0,0
2018-07-19,250.94000244140625,253.38999938964844,250.3300018310547,252.02999877929688,250.51165771484372,5893800.0,NVDA,0.0013111707379968758,-0.02098305345962344,-1.292570167814958,3.1746031746031744,0,Normal Day,0,0,0,0
2018-07-20,251.92999267578125,253.5,250.4499969482422,250.88999938964844,249.37852478027344,5558800.0,NVDA,-0.004523274265583776,-0.3423896544104457,-1.3498573965758496,4.761904761904762,0,Normal Day,0,0,0,0
2018-07-23,249.82000732421875,249.88999938964844,243.27999877929688,249.41000366210935,247.90744018554688,7539600.0,NVDA,-0.00589900271493999,-0.43732991998367315,-0.2788444420007399,66.66666666666666,0,Normal Day,0,0,0,0
2018-07-24,251.3500061035156,254.8500061035156,248.0,248.7100067138672,247.211669921875,8865500.0,NVDA,-0.0028065727400158873,-0.27287328954275053,0.3153684447771553,71.42857142857143,0,Normal Day,0,0,0,0
2018-07-25,249.08999633789065,252.3800048828125,246.75,251.8699951171875,250.3526306152344,7977800.0,NVDA,0.012705551863114005,0.579287370003988,0.0841700673777181,50.79365079365079,0,Normal Day,0,0,0,0
2018-07-26,251.05999755859372,256.3299865722656,250.3800048828125,254.83999633789065,253.30471801757807,8128100.0,NVDA,0.011791717127513278,0.5720020980252268,0.26713480977872606,55.55555555555555,0,Normal Day,0,0,0,0
2018-07-27,256.32000732421875,256.6000061035156,249.83999633789065,252.0200042724609,250.5017242431641,7385500.0,NVDA,-0.011065699037707872,-0.7605526690142507,-0.09655471051645874,68.25396825396825,0,Normal Day,0,0,0,0
2018-07-30,252.58999633789065,252.8300018310547,242.72000122070312,244.1300048828125,242.6592559814453,8508500.0,NVDA,-0.031307043036981376,-1.875358607607957,0.6354761439702655,95.23809523809523,1,Normal Day,0,0,0,0
2018-07-31,243.7100067138672,247.8800048828125,242.13999938964844,244.8600006103516,243.3848419189453,7099700.0,NVDA,0.002990143254850667,0.09386060866721824,-0.2345137193360767,53.96825396825397,0,Normal Day,0,0,0,0
2018-08-01,246.1300048828125,248.3600006103516,243.88999938964844,246.47000122070312,244.9851531982422,7088900.0,NVDA,0.006575229856877563,0.29009331917090075,-0.18764792608195605,38.095238095238095,0,Normal Day,0,0,0,0
2018-08-02,243.58999633789065,250.77999877929688,241.2100067138672,250.6199951171875,249.11013793945312,6741700.0,NVDA,0.016837692763663096,0.9033218989863018,-0.551307718570424,92.06349206349206,0,Normal Day,0,0,0,0
2018-08-03,251.6100006103516,253.05999755859372,250.92999267578125,252.1000061035156,250.58123779296875,5357200.0,NVDA,0.005905419448939408,0.2905555052750798,-1.6779574714953962,1.5873015873015872,0,Normal Day,0,0,0,0
2018-08-06,251.58999633789065,254.1699981689453,249.7100067138672,254.02999877929688,252.4996032714844,5187700.0,NVDA,0.00765566287169758,0.4440946580421098,-1.6336805551382105,39.682539682539684,0,Normal Day,0,0,0,0
2018-08-07,256.0,257.70001220703125,254.9199981689453,256.95001220703125,255.4020233154297,6453300.0,NVDA,0.011494750907884155,0.6754443651448803,-0.4809300762995425,4.761904761904762,0,Normal Day,0,0,0,0
2018-08-08,257.0,260.239990234375,255.58999633789065,258.4200134277344,256.8631896972656,6552500.0,NVDA,0.005721044660759599,0.33892787626424303,-0.33909126455578936,41.269841269841265,0,Normal Day,0,0,0,0
2018-08-09,259.1400146484375,259.25,256.1499938964844,256.4599914550781,254.91497802734372,5107000.0,NVDA,-0.007584627724268436,-0.47186756640149663,-1.496267245117119,6.349206349206349,0,Normal Day,0,0,0,0
2018-08-10,253.1499938964844,256.1000061035156,252.6999969482422,254.7899932861328,253.2550048828125,6409900.0,NVDA,-0.006511869790378355,-0.42510049485230456,-0.24168991251022692,19.047619047619047,0,Normal Day,0,0,0,0
2018-08-13,255.13999938964844,261.0,255.07000732421875,256.1199951171875,254.57701110839844,9380200.0,NVDA,0.005220059624083888,0.32164322844643184,1.6144156275014243,55.55555555555555,0,Normal Day,0,0,0,0
2018-08-14,260.3800048828125,262.0,257.0199890136719,261.42999267578125,259.8550109863281,11655500.0,NVDA,0.020732429275329676,1.3001770009298406,2.3082666957827964,49.2063492063492,0,Normal Day,0,0,0,0
2018-08-15,262.2699890136719,263.6400146484375,255.8999938964844,259.0799865722656,257.5191955566406,14778400.0,NVDA,-0.008988918169487966,-0.6561468220018837,2.695237391455763,80.95238095238095,1,Normal Day,0,1,1,0
2018-08-16,261.8999938964844,262.0,255.00999450683597,257.44000244140625,255.8890380859375,20031500.0,NVDA,-0.006330236731205447,-0.466420165680003,2.8070511989699156,73.01587301587301,1,Normal Day,0,1,1,0
2018-08-17,252.94000244140625,252.97000122070312,243.72999572753903,244.82000732421875,243.34510803222656,28579700.0,NVDA,-0.04902097466753616,-2.9990930193387033,2.8149425478772816,92.06349206349206,1,Normal Day,0,1,1,0
2018-08-20,243.17999267578125,253.1999969482422,238.72000122070312,247.83999633789065,246.34689331054688,21359700.0,NVDA,0.012335506978520322,0.7285455180225981,1.8576875171402436,100.0,1,Range Shock,0,0,0,0
2018-08-21,248.5,253.5,247.6999969482422,253.32000732421875,251.7938690185547,16849700.0,NVDA,0.02211099817338192,1.28075301568182,1.2312017390210686,55.55555555555555,0,Normal Day,0,0,0,0
2018-08-22,252.0,263.0199890136719,251.8600006103516,262.82000732421875,261.23663330078125,18746400.0,NVDA,0.03750196269286734,2.13233054772666,1.3111910024134175,95.23809523809523,1,Normal Day,0,0,0,0
2018-08-23,261.260009765625,269.4800109863281,260.70001220703125,266.8399963378906,265.232421875,18017100.0,NVDA,0.015295667088229927,0.8136014169291048,1.1242295704408745,84.12698412698413,0,Normal Day,0,0,0,0
2018-08-24,267.17999267578125,272.8099975585937,267.0,272.2200012207031,270.5800170898437,13287800.0,NVDA,0.020161921295443787,1.074824136213387,0.5106126718094677,49.2063492063492,0,Normal Day,0,0,0,0
2018-08-27,273.4200134277344,278.8999938964844,272.1499938964844,275.8999938964844,274.2378845214844,12644400.0,NVDA,0.013518616307966747,0.6741353852439522,0.3726702439332003,63.49206349206349,0,Normal Day,0,0,0,0
2018-08-28,275.6600036621094,276.5799865722656,269.5299987792969,274.3800048828125,272.7269897460937,11884600.0,NVDA,-0.005509431266314757,-0.4020280540666407,0.22756554129515483,63.49206349206349,0,Normal Day,0,0,0,0
2018-08-29,273.9200134277344,279.5,273.0799865722656,278.489990234375,276.9636535644531,10502700.0,NVDA,0.015534450119160288,0.7950332628582595,-0.03954240017046811,50.79365079365079,0,Normal Day,0,0,0,0
2018-08-30,277.2300109863281,281.7200012207031,276.32000732421875,277.8099975585937,276.2873840332031,8665200.0,NVDA,-0.002441726640108115,-0.22090251820621898,-0.428271720186053,41.269841269841265,0,Normal Day,0,0,0,0
2018-08-31,277.0,281.20001220703125,276.6000061035156,280.67999267578125,279.14166259765625,7664800.0,NVDA,0.010330832058948117,0.5486087807087991,-0.682680893544057,25.396825396825395,0,Normal Day,0,0,0,0
2018-09-04,280.1499938964844,285.2200012207031,279.0,283.70001220703125,282.14508056640625,9793000.0,NVDA,0.01075947581883901,0.5631999472399829,-0.2761463907611838,46.03174603174603,0,Normal Day,0,0,0,0
2018-09-05,282.989990234375,284.4200134277344,275.1499938964844,278.4200134277344,276.8940734863281,9828900.0,NVDA,-0.018611017670542858,-1.142376394966136,-0.35355582755072673,85.71428571428571,0,Normal Day,0,0,0,0
2018-09-06,277.760009765625,277.8599853515625,271.3900146484375,272.7200012207031,271.22528076171875,8069900.0,NVDA,-0.02047278460399867,-1.2277352766967717,-0.8286183582958214,58.73015873015873,0,Normal Day,0,0,0,0
2018-09-07,269.0,276.92999267578125,267.19000244140625,271.8599853515625,270.3699951171875,7385500.0,NVDA,-0.0031534141733736447,-0.22452333182835585,-1.056661427215109,85.71428571428571,0,Normal Day,1,0,1,0
2018-09-10,272.7699890136719,275.92999267578125,271.0,274.7300109863281,273.2242736816406,5503500.0,NVDA,0.010556935370050896,0.5527716820109847,-1.761914902400229,30.158730158730158,0,Normal Day,0,0,0,0
2018-09-11,272.8599853515625,276.3999938964844,272.0199890136719,272.79998779296875,271.3048095703125,6077800.0,NVDA,-0.007025232734499548,-0.4500039662507016,-1.5128800147869241,20.634920634920633,0,Normal Day,0,0,0,0
2018-09-12,271.19000244140625,271.9800109863281,261.9200134277344,268.20001220703125,266.73004150390625,10477300.0,NVDA,-0.016862097187483268,-0.9953874039161722,-0.2780562303141936,87.30158730158729,0,Normal Day,0,0,0,0
2018-09-13,270.8599853515625,275.0,270.1600036621094,271.3399963378906,269.8528747558594,7638400.0,NVDA,0.011707842260082996,0.6495573047376875,-0.9374089226973785,28.57142857142857,0,Normal Day,0,0,0,0
2018-09-14,274.989990234375,279.1000061035156,273.5,276.42999267578125,274.9149475097656,9673400.0,NVDA,0.018758639345554485,1.0247906256522399,-0.36213863498270893,38.095238095238095,0,Normal Day,0,0,0,0
2018-09-17,275.3999938964844,277.3800048828125,273.1499938964844,273.92999267578125,272.4286193847656,5138200.0,NVDA,-0.009043990323267817,-0.554125994686426,-1.6017002415297854,14.285714285714285,0,Normal Day,0,0,0,0
2018-09-18,274.0899963378906,278.239990234375,270.75,271.0199890136719,269.5345764160156,7488000.0,NVDA,-0.010623123867403179,-0.6554609084610135,-0.719861290106495,71.42857142857143,0,Normal Day,0,0,0,0
2018-09-19,270.2699890136719,272.70001220703125,268.25,271.9800109863281,270.4893493652344,5621500.0,NVDA,0.0035423022972202903,0.16124171512752902,-1.3504933032487216,17.46031746031746,0,Normal Day,0,0,0,0
2018-09-20,267.04998779296875,268.760009765625,264.1000061035156,266.2799987792969,264.820556640625,10764600.0,NVDA,-0.020957545049047233,-1.2427356680244968,0.4505115474387555,25.396825396825395,0,Normal Day,0,0,0,0
2018-09-21,266.760009765625,268.6000061035156,262.1099853515625,263.45001220703125,262.006103515625,10878200.0,NVDA,-0.010627774371833817,-0.6712180116179794,0.6167885037429452,61.9047619047619,0,Normal Day,0,0,0,0
2018-09-24,262.20001220703125,265.8399963378906,258.67999267578125,265.70001220703125,264.2437744140625,7347800.0,NVDA,0.008540529660997208,0.41794413301719274,-0.551788185514162,69.84126984126983,0,Normal Day,0,0,0,0
2018-09-25,268.3699951171875,269.4200134277344,264.9100036621094,268.4100036621094,266.9389038085937,7009700.0,NVDA,0.010199405456220898,0.523297921768593,-0.6492396025559364,22.22222222222222,0,Normal Day,0,0,0,0
2018-09-26,268.6099853515625,270.239990234375,266.2799987792969,266.9200134277344,265.45709228515625,6713700.0,NVDA,-0.0055511261277223336,-0.48710912629926467,-0.7408704406533828,12.698412698412698,0,Normal Day,0,0,0,0
2018-09-27,268.3399963378906,269.20001220703125,266.1300048828125,267.3999938964844,265.9344482421875,5360700.0,NVDA,0.0017982414895077287,0.0006462241413615555,-1.5087217700735622,6.349206349206349,0,Normal Day,0,0,0,0
2018-09-28,272.7300109863281,281.9200134277344,271.6000061035156,281.0199890136719,279.47979736328125,17734900.0,NVDA,0.05093491727238718,2.908883535203535,2.6864976429755436,88.88888888888889,1,Normal Day,1,1,1,1
2018-10-01,284.1600036621094,292.0599975585937,282.6000061035156,289.3599853515625,287.7740783691406,15551500.0,NVDA,0.029677569127038082,1.600301932648829,1.9340867850526278,82.53968253968253,0,Normal Day,0,0,0,0
2018-10-02,288.25,292.760009765625,285.5799865722656,286.4800109863281,284.9098815917969,9599100.0,NVDA,-0.009952935280257305,-0.7971636025989314,0.4472258557682417,66.66666666666666,0,Normal Day,0,0,0,0
2018-10-03,289.32000732421875,289.6199951171875,282.5299987792969,286.7300109863281,285.158447265625,8013800.0,NVDA,0.0008724361276603813,-0.11794331224693998,-0.06574020771760952,65.07936507936508,0,Normal Day,0,0,0,0
2018-10-04,285.2699890136719,286.25,276.17999267578125,279.2900085449219,277.7593078613281,9780500.0,NVDA,-0.025947467014380884,-1.6996510635660276,0.5364711990906064,88.88888888888889,0,Normal Day,0,0,0,0
2018-10-05,278.2900085449219,280.79998779296875,267.5400085449219,269.8599853515625,268.3809509277344,10665900.0,NVDA,-0.03376433000861276,-2.0602678493312543,0.7468843544714964,98.4126984126984,1,Range Shock,0,0,0,0
2018-10-08,266.5,271.1600036621094,260.0799865722656,265.7699890136719,264.3133544921875,10215300.0,NVDA,-0.01515605493417503,-0.9402738212295113,0.5694229499166102,95.23809523809523,1,Normal Day,0,0,0,0
2018-10-09,264.94000244140625,268.760009765625,262.79998779296875,265.5400085449219,264.08465576171875,6837500.0,NVDA,-0.000865256055291409,-0.12647956339311692,-0.6698948396677492,47.61904761904761,0,Normal Day,0,0,0,0
2018-10-10,261.260009765625,263.1099853515625,245.6000061035156,245.69000244140625,244.3434295654297,17123500.0,NVDA,-0.07475340109915889,-3.87053472454231,1.8485982635245501,100.0,1,Crash + Range Shock,1,1,1,1
2018-10-11,242.1699981689453,247.55999755859372,234.25999450683597,235.1300048828125,233.84130859375,18135900.0,NVDA,-0.0429809837340744,-2.1135586109528792,1.7789500700530876,96.82539682539682,1,Normal Day,0,0,0,0
2018-10-12,245.50999450683597,249.5399932861328,239.6499938964844,246.5399932861328,245.1887664794922,15205900.0,NVDA,0.048526318784231595,2.3131085632610042,1.1930467638657478,88.88888888888889,0,Normal Day,0,0,0,0
2018-10-15,246.0,246.0,235.33999633789065,235.3800048828125,234.0899353027344,11244000.0,NVDA,-0.04526647503520966,-2.061352116045768,0.409637234557193,93.65079365079364,0,Normal Day,0,0,0,0
2018-10-16,239.92999267578125,246.27999877929688,237.94000244140625,245.8300018310547,244.4826812744141,10217800.0,NVDA,0.04439638106712865,2.00312266171347,0.09227759070583245,76.19047619047619,0,Normal Day,0,0,0,0
2018-10-17,248.33999633789065,249.8800048828125,241.0800018310547,243.05999755859372,241.7278289794922,8241700.0,NVDA,-0.01126808770487011,-0.49165270799344474,-0.5036746542159157,79.36507936507937,0,Normal Day,0,0,0,0
2018-10-18,245.8600006103516,247.41000366210935,237.08999633789065,239.52999877929688,238.2171936035156,13100500.0,NVDA,-0.01452309149011729,-0.6288400749212476,0.6828919021885141,92.06349206349206,0,Normal Day,0,0,0,0
2018-10-19,241.75999450683597,242.5500030517578,227.6999969482422,229.1699981689453,227.9139709472656,15340200.0,NVDA,-0.04325138123068689,-1.836582061490053,1.0556426373104262,98.4126984126984,1,Range Shock,0,0,0,0
2018-10-22,231.27999877929688,235.32000732421875,227.07000732421875,231.22000122070312,229.95274353027344,9221100.0,NVDA,0.008945360280171543,0.42743232887433175,-0.3397542358927359,71.42857142857143,0,Normal Day,0,0,0,0
2018-10-23,220.42999267578125,224.19000244140625,216.7100067138672,221.05999755859372,219.84841918945312,15660900.0,NVDA,-0.04394087317984128,-1.789302423708171,1.0286280283045943,68.25396825396825,0,Normal Day,0,0,0,0
2018-10-24,219.50999450683597,221.38999938964844,198.8500061035156,199.41000366210935,198.31707763671875,22107200.0,NVDA,-0.09793721343149556,-3.5731341381554635,1.7460593610310355,100.0,1,Crash + Range Shock,0,1,1,0
2018-10-25,195.47000122070312,209.75,193.67999267578125,207.83999633789065,206.7008514404297,23793000.0,NVDA,0.04227459331096289,1.6634501262182915,1.726921900913263,98.4126984126984,1,Range Shock,0,0,0,0
2018-10-26,198.30999755859372,204.83999633789065,193.1199951171875,198.2899932861328,197.2032012939453,16619600.0,NVDA,-0.045948771281290816,-1.5743595248985862,0.752161811936847,93.65079365079364,0,Normal Day,0,0,0,0
2018-10-29,203.9900054931641,204.1300048828125,176.00999450683594,185.6199951171875,184.6026611328125,18950400.0,NVDA,-0.06389622520554733,-2.111287746458784,1.1091244651935528,100.0,1,Range Shock,0,0,0,0
2018-10-30,186.5500030517578,203.3999938964844,185.6199951171875,203.0,201.88739013671875,20179800.0,NVDA,0.09363206845361098,3.112983832697399,1.2128157972364697,96.82539682539682,1,Spike,0,0,0,0
2018-10-31,209.6499938964844,212.58999633789065,204.00999450683597,210.8300018310547,209.67449951171875,18644300.0,NVDA,0.03857154906864934,1.3061786371460826,0.9047807706509217,77.77777777777777,0,Normal Day,0,0,0,0
2018-11-01,212.3000030517578,218.4900054931641,207.19000244140625,218.1100006103516,216.91458129882807,14163200.0,NVDA,0.034530101676502,1.1502840524381015,0.0803935938146618,85.71428571428571,0,Normal Day,0,0,0,0
2018-11-02,217.72999572753903,222.0,210.2100067138672,214.9199981689453,213.7420654296875,11324000.0,NVDA,-0.014625645957705418,-0.3949895275476425,-0.5986494887680535,85.71428571428571,0,Normal Day,0,0,0,0
2018-11-05,214.38999938964844,215.3300018310547,205.27999877929688,211.7700042724609,210.60934448242188,9483300.0,NVDA,-0.014656548494410258,-0.3829542894421384,-1.0877608471003324,80.95238095238095,0,Normal Day,1,0,1,0
2018-11-06,211.4499969482422,214.8500061035156,209.55999755859372,211.05999755859372,209.9032440185547,7475300.0,NVDA,-0.003352654962211902,-0.020506619727555332,-1.6409451309342302,42.857142857142854,0,Normal Day,0,0,0,0
2018-11-07,213.75,217.41000366210935,211.17999267578125,213.7899932861328,212.6182556152344,12095300.0,NVDA,0.012934586167899905,0.4843055413248666,-0.4354150582425051,49.2063492063492,0,Normal Day,0,0,0,0
2018-11-08,211.3999938964844,211.42999267578125,203.8300018310547,205.9900054931641,204.86102294921875,12783800.0,NVDA,-0.036484320895067285,-1.0539232169674633,-0.22758780173337395,66.66666666666666,0,Normal Day,0,0,0,0
2018-11-09,202.3999938964844,209.32000732421875,201.0399932861328,205.6699981689453,204.5427703857422,10331000.0,NVDA,-0.0015535047072153467,0.044192764927258175,-0.7980546680224015,71.42857142857143,0,Normal Day,0,0,0,0
2018-11-12,201.97999572753903,202.8699951171875,188.66000366210935,189.5399932861328,188.5011749267578,15427900.0,NVDA,-0.07842660695722427,-2.230514234695516,0.4269435966266187,93.65079365079364,0,Normal Day,0,0,0,0
2018-11-13,193.4900054931641,204.2100067138672,193.2400054931641,199.30999755859372,198.21763610839844,16117800.0,NVDA,0.05154589187794696,1.627682178596345,0.508739025591111,84.12698412698413,0,Normal Day,0,0,0,0
2018-11-14,206.3000030517578,206.8800048828125,192.8300018310547,197.19000244140625,196.1092529296875,13164500.0,NVDA,-0.010636708317709605,-0.20641511325371573,-0.15076032670195566,90.47619047619047,0,Normal Day,0,0,0,0
2018-11-15,196.9499969482422,205.3000030517578,195.5,202.38999938964844,201.28073120117188,21017700.0,NVDA,0.02637039402387884,0.8582741044294072,1.2113843670551354,76.19047619047619,0,Normal Day,0,0,0,0
2018-11-16,163.32000732421875,170.66000366210938,161.61000061035156,164.42999267578125,163.52877807617188,49088000.0,NVDA,-0.18755870420238321,-4.457016490598129,2.8478204550367487,82.53968253968253,1,Crash,1,1,1,1
2018-11-19,161.7899932861328,161.82000732421875,144.6300048828125,144.6999969482422,143.90692138671875,42445500.0,NVDA,-0.11999023609357151,-2.599776606004546,2.08411354727276,98.4126984126984,1,Range Shock,0,0,0,0
2018-11-20,134.05999755859375,154.25999450683594,133.30999755859375,149.0800018310547,148.26292419433594,42300800.0,NVDA,0.030269585129344623,0.889547543835884,1.8169903294953018,98.4126984126984,1,Range Shock,0,0,0,0
2018-11-21,154.6199951171875,155.3000030517578,143.61000061035156,144.7100067138672,143.91688537597656,25637400.0,NVDA,-0.029313052079445,-0.4795199197980826,0.7375113541091014,92.06349206349206,0,Normal Day,0,0,0,0
2018-11-23,143.30999755859375,149.58999633789062,142.7899932861328,145.0,144.20529174804688,10299200.0,NVDA,0.0020039786944864983,0.2564873426708202,-1.003023994056143,68.25396825396825,0,Normal Day,0,0,0,0
2018-11-26,149.88999938964844,153.47000122070312,146.55999755859375,153.0500030517578,152.21116638183594,20370800.0,NVDA,0.055517204235311944,1.466524471247919,0.35750745657713184,65.07936507936508,0,Normal Day,0,0,0,0
2018-11-27,152.0,157.00999450683594,150.5500030517578,153.72999572753906,152.88743591308594,18451500.0,NVDA,0.004442969246773358,0.28939529958909815,0.15114618630166451,61.9047619047619,0,Normal Day,0,0,0,0
2018-11-28,158.47999572753906,160.27999877929688,153.1300048828125,160.07000732421875,159.19271850585938,20113100.0,NVDA,0.04124133912715947,1.116003234977114,0.31607293927570074,63.49206349206349,0,Normal Day,0,0,0,0
2018-11-29,160.0,161.5,156.13999938964844,157.36000061035156,156.6541290283203,13729300.0,NVDA,-0.015946643171657535,-0.18168432221452926,-0.4032312465710702,41.269841269841265,0,Normal Day,0,0,0,0
2018-11-30,157.75,163.86000061035156,155.72000122070312,163.42999267578125,162.6968994140625,18239100.0,NVDA,0.0385739617795185,1.041864855420987,0.16057888645201018,73.01587301587301,0,Normal Day,0,0,0,0
2018-12-03,172.60000610351562,174.67999267578125,167.33999633789062,170.0399932861328,169.27725219726562,22270100.0,NVDA,0.04044547134519246,1.0649822116809853,0.5109814212172886,60.317460317460316,0,Normal Day,0,0,0,0
2018-12-04,168.24000549316406,168.44000244140625,156.5,157.11000061035156,156.40525817871094,20302800.0,NVDA,-0.07604089652609929,-1.499013128733432,0.27835835371580464,88.88888888888889,0,Normal Day,0,0,0,0
2018-12-06,151.44000244140625,158.49000549316406,150.80999755859375,158.2899932861328,157.5799560546875,17307700.0,NVDA,0.007510603477501604,0.3307900505933435,-0.10286917268825357,68.25396825396825,0,Normal Day,0,0,0,0
2018-12-07,158.4600067138672,158.8699951171875,145.6199951171875,147.61000061035156,146.9478759765625,17041900.0,NVDA,-0.06747101816956452,-1.2798278509964702,-0.23959703797266763,93.65079365079364,0,Normal Day,0,0,0,0
2018-12-10,145.8000030517578,152.86000061035156,145.64999389648438,151.86000061035156,151.17880249023438,15736800.0,NVDA,0.028792022242952922,0.8012753336813534,-0.4626073359299298,63.49206349206349,0,Normal Day,0,0,0,0
2018-12-11,155.55999755859375,155.88999938964844,145.0,148.19000244140625,147.5252685546875,16797800.0,NVDA,-0.024166972322610378,-0.3381591271588879,-0.3466976800954748,84.12698412698413,0,Normal Day,0,0,0,0
2018-12-12,148.4199981689453,152.77999877929688,144.82000732421875,148.89999389648438,148.23208618164062,16353400.0,NVDA,0.004791163126682317,0.2801603480564593,-0.49169702114646524,69.84126984126983,0,Normal Day,0,0,0,0
2018-12-13,150.7899932861328,153.3800048828125,147.44000244140625,148.88999938964844,148.22210693359375,11784600.0,NVDA,-6.732178102551042e-05,0.17945894090823417,-1.2542841461172816,39.682539682539684,0,Normal Day,0,0,0,0
2018-12-14,147.2100067138672,150.58999633789062,145.5,146.4499969482422,145.79306030273438,11795500.0,NVDA,-0.0163878835695382,-0.16192999378929185,-1.177346573305983,30.158730158730158,0,Normal Day,0,0,0,0
2018-12-17,145.24000549316406,148.14999389648438,141.24000549316406,143.5800018310547,142.93592834472656,16571700.0,NVDA,-0.019597173912633936,-0.22780271844482158,-0.39661864767915583,60.317460317460316,0,Normal Day,0,0,0,0
2018-12-18,145.35000610351562,150.3300018310547,144.25,146.94000244140625,146.28086853027344,14109300.0,NVDA,0.02340167531202999,0.6899440995881625,-0.7327747817797069,42.857142857142854,0,Normal Day,0,0,0,0
2018-12-19,145.5800018310547,147.74000549316406,136.42999267578125,138.50999450683594,137.88870239257812,18634100.0,NVDA,-0.05737022361169888,-1.0250100952352201,0.05571354875290407,90.47619047619047,0,Normal Day,0,0,0,0
2018-12-20,138.1699981689453,141.8000030517578,132.69000244140625,135.10000610351562,134.49398803710938,18739700.0,NVDA,-0.024619234908772852,-0.3221452107434058,0.21576625813111863,77.77777777777777,0,Normal Day,0,0,0,0
2018-12-21,136.1699981689453,137.5,128.4600067138672,129.57000732421875,128.9888153076172,21593500.0,NVDA,-0.04093248188887974,-0.6587864392626287,1.049867900124031,77.77777777777777,0,Normal Day,0,0,0,0
2018-12-24,126.48999786376952,129.97999572753906,124.5,127.08000183105467,126.5099639892578,11596000.0,NVDA,-0.019217567914301213,-0.1862758569414799,-1.5636706946687657,42.857142857142854,0,Normal Day,0,0,0,0
2018-12-26,128.94000244140625,133.13999938964844,124.45999908447266,133.10000610351562,132.5029754638672,17377500.0,NVDA,0.047371853454311844,1.2104329376499612,0.17414070753464164,74.6031746031746,0,Normal Day,0,0,0,0
2018-12-27,130.99000549316406,132.3800048828125,125.18000030517578,131.1699981689453,130.5816192626953,15926100.0,NVDA,-0.014500475890790981,-0.09410246632494096,-0.22046438315450606,65.07936507936508,0,Normal Day,0,0,0,0
2018-12-28,132.0,137.38999938964844,130.30999755859375,133.64999389648438,133.0504913330078,15718200.0,NVDA,0.018906734992662245,0.6046374044845281,-0.25121046558133814,60.317460317460316,0,Normal Day,0,0,0,0
2018-12-31,135.39999389648438,136.7100067138672,132.25999450683594,133.5,132.90115356445312,11628500.0,NVDA,-0.001122414258365381,0.20250716171467845,-1.6393632438346866,11.11111111111111,0,Normal Day,0,0,0,0
2018-04-04,998.22998046875,1032.739990234375,996.510009765625,1029.7099609375,1029.7099609375,2536200.0,GOOGL,0.01082770677840268,0.5746742837560848,0.10720417722292894,80.95238095238095,0,Normal Day,0,0,0,0
2018-04-05,1046.3900146484375,1046.7099609375,1024.0,1032.6400146484375,1032.6400146484375,1791800.0,GOOGL,0.0028455136126582974,0.18105741478536283,-1.241937317793976,53.96825396825397,0,Normal Day,0,0,0,0
2018-04-06,1023.0999755859376,1036.0,1006.25,1009.9500122070312,1009.9500122070312,2006700.0,GOOGL,-0.021972809613746244,-1.0595669533960228,-0.9325775746135695,74.6031746031746,0,Normal Day,0,0,0,0
2018-04-09,1020.0399780273438,1044.5899658203125,1019.2000122070312,1020.0900268554688,1020.0900268554688,1661000.0,GOOGL,0.010040115377867713,0.5690920394100194,-1.671839718630473,66.66666666666666,0,Normal Day,0,0,0,0
2018-04-10,1030.260009765625,1041.2099609375,1015.4099731445312,1036.5,1036.5,1831000.0,GOOGL,0.016086789119110066,0.8615481898292232,-1.2219014872721279,66.66666666666666,0,Normal Day,0,0,0,0
2018-04-11,1032.0,1035.8699951171875,1019.2000122070312,1025.06005859375,1025.06005859375,1703000.0,GOOGL,-0.011037087705016884,-0.5010705645105333,-1.3861175173735247,30.158730158730158,0,Normal Day,0,0,0,0
2018-04-12,1031.469970703125,1044.6500244140625,1026.050048828125,1037.2900390625,1037.2900390625,1644800.0,GOOGL,0.01193098918079781,0.6442501264762474,-1.3989316192537602,33.33333333333333,0,Normal Day,0,0,0,0
2018-04-13,1046.8900146484375,1052.97998046875,1030.1500244140625,1036.0400390625,1036.0400390625,1270500.0,GOOGL,-0.0012050631481333289,-0.01402322406238541,-1.9916573865691505,49.2063492063492,0,Normal Day,0,0,0,0
2018-04-16,1045.550048828125,1051.4300537109375,1033.9200439453125,1046.0999755859375,1046.0999755859375,1488800.0,GOOGL,0.009709988170477094,0.5427783511109501,-1.4427997600463496,30.158730158730158,0,Normal Day,0,0,0,0
2018-04-17,1061.199951171875,1085.0,1057.0899658203125,1079.3599853515625,1079.3599853515625,2729200.0,GOOGL,0.031794293606589114,1.5981380776070828,0.43175653530093483,68.25396825396825,0,Normal Day,0,0,0,0
2018-04-18,1079.010009765625,1082.0,1070.52001953125,1075.3900146484375,1075.3900146484375,1556300.0,GOOGL,-0.003678078451122056,-0.14689079125497997,-1.179668397613201,6.349206349206349,0,Normal Day,0,0,0,0
2018-04-19,1069.02001953125,1097.510009765625,1069.02001953125,1089.449951171875,1089.449951171875,1994200.0,GOOGL,0.013074267318758694,0.6673496748722635,-0.3815406250930496,68.25396825396825,0,Normal Day,0,0,0,0
2018-04-20,1084.27001953125,1094.75,1072.0999755859375,1077.3199462890625,1077.3199462890625,2121700.0,GOOGL,-0.011134063450794384,-0.5119309742710844,-0.184022506974335,39.682539682539684,0,Normal Day,0,0,0,0
2018-04-23,1082.97998046875,1088.0,1066.6800537109375,1073.81005859375,1073.81005859375,3479500.0,GOOGL,-0.0032579807952156305,-0.10806755543625919,1.322790858451622,39.682539682539684,0,Normal Day,0,0,0,0
2018-04-24,1059.199951171875,1064.489990234375,1012.8599853515624,1022.6400146484376,1022.6400146484376,6411000.0,GOOGL,-0.04765278881101572,-2.1801871123678693,2.503048934972086,92.06349206349206,1,Normal Day,0,0,0,0
2018-04-25,1029.75,1036.0699462890625,1017.010009765625,1022.989990234375,1022.989990234375,2893000.0,GOOGL,0.00034222754921016917,0.1084192448211332,0.5336112608821797,33.33333333333333,0,Normal Day,0,0,0,0
2018-04-26,1033.219970703125,1052.02001953125,1020.4500122070312,1043.31005859375,1043.31005859375,2546300.0,GOOGL,0.019863408785377765,1.0260698507325816,0.23428016147287892,74.6031746031746,0,Normal Day,0,0,0,0
2018-04-27,1045.5400390625,1051.699951171875,1027.5899658203125,1031.449951171875,1031.449951171875,2037300.0,GOOGL,-0.011367768693671874,-0.443513922016179,-0.2693227025587337,49.2063492063492,0,Normal Day,0,0,0,0
2018-04-30,1034.4200439453125,1038.3699951171875,1018.2999877929688,1018.5800170898438,1018.5800170898438,1724600.0,GOOGL,-0.012477516788293178,-0.48648711891173796,-0.6422611140719819,33.33333333333333,0,Normal Day,0,0,0,0
2018-05-01,1016.2999877929688,1041.72998046875,1010.6099853515624,1040.75,1040.75,1766300.0,GOOGL,0.02176557809714104,1.1012776018574855,-0.5099140826936578,71.42857142857143,0,Normal Day,0,0,0,0
2018-05-02,1034.0,1043.97998046875,1023.1599731445312,1026.050048828125,1026.050048828125,1734900.0,GOOGL,-0.014124382581671872,-0.5662761163964608,-0.508413260492478,33.33333333333333,0,Normal Day,0,0,0,0
2018-05-03,1025.3699951171875,1030.68994140625,1007.8900146484376,1026.300048828125,1026.300048828125,1964100.0,GOOGL,0.0002436528318336232,0.10525736966991447,-0.12527401962479007,39.682539682539684,0,Normal Day,0,0,0,0
2018-05-04,1019.6099853515624,1051.8800048828125,1018.0499877929688,1051.0,1051.0,1844600.0,GOOGL,0.02406698820688794,1.2057472603280264,-0.3080210087153059,74.6031746031746,0,Normal Day,0,0,0,0
2018-05-07,1053.8900146484375,1065.0,1050.27001953125,1059.4599609375,1059.4599609375,1720000.0,GOOGL,0.00804943952188392,0.40276043452660987,-0.48322546318120446,9.523809523809524,0,Normal Day,0,0,0,0
2018-05-08,1064.6199951171875,1065.22998046875,1051.6400146484375,1058.5899658203125,1058.5899658203125,1301500.0,GOOGL,-0.000821168471923804,-0.03219014218996864,-1.2018319694159483,6.349206349206349,0,Normal Day,0,0,0,0
2018-05-09,1064.0999755859375,1094.0,1062.1099853515625,1088.949951171875,1088.949951171875,2358000.0,GOOGL,0.028679645879730428,1.437435584362814,0.3948145882532919,71.42857142857143,0,Normal Day,0,0,0,0
2018-05-10,1095.0,1109.4100341796875,1093.8800048828125,1105.469970703125,1105.469970703125,1820700.0,GOOGL,0.015170595777585515,0.725369863241554,-0.32301598670998144,12.698412698412698,0,Normal Day,0,0,0,0
2018-05-11,1100.4100341796875,1109.010009765625,1097.219970703125,1103.3800048828125,1103.3800048828125,1525200.0,GOOGL,-0.0018905677003448538,-0.16040955048315955,-0.794015314725107,4.761904761904762,0,Normal Day,0,0,0,0
2018-05-14,1105.5699462890625,1118.1500244140625,1104.800048828125,1106.5999755859375,1106.5999755859375,1966900.0,GOOGL,0.0029182790053069573,0.11046816762904464,-0.1642061963754551,6.349206349206349,0,Normal Day,0,0,0,0
2018-05-15,1096.9000244140625,1099.1199951171875,1078.780029296875,1084.8699951171875,1084.8699951171875,1786900.0,GOOGL,-0.01963670788736835,-1.1118803637507044,-0.471764010379186,30.158730158730158,0,Normal Day,0,0,0,0
2018-05-16,1085.0899658203125,1094.3800048828125,1081.6300048828125,1084.0899658203125,1084.0899658203125,1281400.0,GOOGL,-0.0007190071625040578,-0.05797966893385831,-1.294004914050625,6.349206349206349,0,Normal Day,0,0,0,0
2018-05-17,1081.4599609375,1091.0,1076.4200439453125,1081.260009765625,1081.260009765625,1286900.0,GOOGL,-0.002610443915091604,-0.14602961185160282,-1.2239719669290874,14.285714285714285,0,Normal Day,0,0,0,0
2018-05-18,1066.0,1073.72998046875,1064.6800537109375,1069.6400146484375,1069.6400146484375,1774100.0,GOOGL,-0.010746716804689985,-0.584767776352195,-0.32547213620336807,1.5873015873015872,0,Normal Day,0,0,0,0
2018-05-21,1079.0,1093.300048828125,1078.0,1084.010009765625,1084.010009765625,1259000.0,GOOGL,0.013434421787137926,0.7506082146299524,-1.155383365313229,20.634920634920633,0,Normal Day,0,0,0,0
2018-05-22,1089.800048828125,1091.800048828125,1072.260009765625,1075.31005859375,1075.31005859375,1111300.0,GOOGL,-0.008025711103678855,-0.42273864161458596,-1.361461405535724,30.158730158730158,0,Normal Day,0,0,0,0
2018-05-23,1070.0,1088.0,1066.9599609375,1085.9599609375,1085.9599609375,1187000.0,GOOGL,0.009904029315672488,0.5576528965587279,-1.4240425469648579,36.507936507936506,0,Normal Day,0,0,0,0
2018-05-24,1086.9000244140625,1087.1199951171875,1072.300048828125,1085.449951171875,1085.449951171875,1030200.0,GOOGL,-0.00046963956680752105,-0.0010063291246331274,-1.8461534913992146,17.46031746031746,0,Normal Day,0,0,0,0
2018-05-25,1086.550048828125,1089.5699462890625,1082.5999755859375,1084.0799560546875,1084.0799560546875,1111200.0,GOOGL,-0.0012621448973381259,-0.031944159541533734,-1.4340927581518788,1.5873015873015872,0,Normal Day,0,0,0,0
2018-05-29,1076.0,1081.3399658203125,1063.0799560546875,1068.0699462890625,1068.0699462890625,1803800.0,GOOGL,-0.014768292390434493,-0.8008898517723045,0.65850688660888,30.158730158730158,0,Normal Day,0,0,0,0
2018-05-30,1073.47998046875,1078.989990234375,1066.550048828125,1077.469970703125,1077.469970703125,1434300.0,GOOGL,0.008800944588621986,0.5098049372120965,-0.2987335164848662,9.523809523809524,0,Normal Day,0,0,0,0
2018-05-31,1082.0,1110.0,1078.0,1100.0,1100.0,3968400.0,GOOGL,0.02091012270362632,1.1617238194282087,2.949546697977626,74.6031746031746,1,Normal Day,0,1,1,0
2018-06-01,1112.8699951171875,1138.1600341796875,1112.010009765625,1135.0,1135.0,3160100.0,GOOGL,0.031818181818181815,1.728772611677233,1.909303760712235,58.73015873015873,0,Normal Day,0,0,0,0
2018-06-04,1138.5,1157.8599853515625,1137.0,1153.0400390625,1153.0400390625,2237700.0,GOOGL,0.015894307544052865,0.8303472065692016,0.8722283288798242,34.92063492063492,0,Normal Day,0,0,0,0
2018-06-05,1154.6600341796875,1161.0999755859375,1147.4599609375,1151.02001953125,1151.02001953125,1648200.0,GOOGL,-0.001751907533837605,-0.14585457652570338,0.006984760599029034,11.11111111111111,0,Normal Day,0,0,0,0
2018-06-06,1152.77001953125,1154.7099609375,1136.3199462890625,1146.949951171875,1146.949951171875,1746700.0,GOOGL,-0.003536053491956226,-0.2315048167625481,0.1724348166590421,26.984126984126984,0,Normal Day,0,0,0,0
2018-06-07,1144.5799560546875,1145.8699951171875,1126.1199951171875,1134.4200439453125,1134.4200439453125,1805400.0,GOOGL,-0.010924545760484404,-0.6237357106435045,0.2252982867024365,33.33333333333333,0,Normal Day,0,0,0,0
2018-06-08,1131.2099609375,1138.780029296875,1123.22998046875,1132.7099609375,1132.7099609375,1364200.0,GOOGL,-0.0015074513333395744,-0.07246062228146828,-0.5267946735858342,19.047619047619047,0,Normal Day,0,0,0,0
2018-06-11,1132.93994140625,1147.739990234375,1131.4000244140625,1140.9000244140625,1140.9000244140625,1239800.0,GOOGL,0.007230503623172787,0.4230676340135474,-0.7479494182291118,25.396825396825395,0,Normal Day,0,0,0,0
2018-06-12,1141.02001953125,1148.75,1141.02001953125,1148.18994140625,1148.18994140625,1304600.0,GOOGL,0.006389619454983724,0.35344713835176217,-0.5715331931124125,3.1746031746031744,0,Normal Day,0,0,0,0
2018-06-13,1152.280029296875,1155.6400146484375,1143.3800048828125,1144.22998046875,1144.22998046875,1715100.0,GOOGL,-0.003448872694921907,-0.204069968073567,0.2478616768851704,9.523809523809524,0,Normal Day,0,0,0,0
2018-06-14,1152.2099609375,1165.989990234375,1150.5999755859375,1160.1099853515625,1160.1099853515625,1771100.0,GOOGL,0.013878333161928717,0.7816220839380222,0.3438363948818099,19.047619047619047,0,Normal Day,0,0,0,0
2018-06-15,1159.9200439453125,1163.9100341796875,1153.68994140625,1159.27001953125,1159.27001953125,2221900.0,GOOGL,-0.0007240398159817189,-0.07029638663972582,0.9223414776973804,6.349206349206349,0,Normal Day,0,0,0,0
2018-06-18,1152.68994140625,1184.1300048828125,1151.0,1183.5799560546875,1183.5799560546875,1651900.0,GOOGL,0.020970038139403627,1.1544744137111462,0.02643094077735098,76.19047619047619,0,Normal Day,0,0,0,0
2018-06-19,1170.1099853515625,1182.81005859375,1161.6099853515625,1178.68994140625,1178.68994140625,2364100.0,GOOGL,-0.004131545674985693,-0.3189531576695938,1.0135334513651169,42.857142857142854,0,Normal Day,0,0,0,0
2018-06-20,1183.300048828125,1201.489990234375,1182.030029296875,1184.0699462890625,1184.0699462890625,2584300.0,GOOGL,0.004564393649099797,0.18574651785046647,1.1483579710470504,36.507936507936506,0,Normal Day,0,0,0,0
2018-06-21,1185.510009765625,1190.3299560546875,1163.47998046875,1169.43994140625,1169.43994140625,2248300.0,GOOGL,-0.012355693114806016,-0.8630808404561039,0.68181317851342,65.07936507936508,0,Normal Day,0,0,0,0
2018-06-22,1171.489990234375,1175.0,1159.6500244140625,1169.2900390625,1169.2900390625,1711000.0,GOOGL,-0.00012818302030093365,-0.14496313813134593,-0.16416341614023988,20.634920634920633,0,Normal Day,0,0,0,0
2018-06-25,1155.0,1155.989990234375,1119.9000244140625,1139.280029296875,1139.280029296875,2884100.0,GOOGL,-0.025665154720454202,-1.6794050381022878,1.2985190593475433,88.88888888888889,0,Normal Day,0,0,0,0
2018-06-26,1144.1400146484375,1146.8699951171875,1129.0,1132.6199951171875,1132.6199951171875,1734400.0,GOOGL,-0.005845827196495183,-0.5214819098221999,-0.3725040815653175,34.92063492063492,0,Normal Day,0,0,0,0
2018-06-27,1136.0,1146.2099609375,1116.699951171875,1116.93994140625,1116.93994140625,1726900.0,GOOGL,-0.013844055180497807,-1.0330545486412293,-0.3792016324199905,79.36507936507937,0,Normal Day,0,0,0,0
2018-06-28,1112.3900146484375,1134.0,1106.0699462890625,1126.780029296875,1126.780029296875,1486300.0,GOOGL,0.008809863024717453,0.5036784260906295,-0.8905072752837201,73.01587301587301,0,Normal Day,0,0,0,0
2018-06-29,1132.31005859375,1141.3599853515625,1127.02001953125,1129.18994140625,1129.18994140625,1578100.0,GOOGL,0.0021387600478496374,0.02144566136400051,-0.6424906876373887,19.047619047619047,0,Normal Day,0,0,0,0
2018-07-02,1115.3499755859375,1142.989990234375,1106.5999755859375,1142.1099853515625,1142.1099853515625,1160800.0,GOOGL,0.011441869495598209,0.6634872941979297,-1.75386934886608,95.23809523809523,1,Normal Day,0,1,1,0
2018-07-03,1149.4200439453125,1149.9100341796875,1114.4300537109375,1116.280029296875,1116.280029296875,822400.0,GOOGL,-0.022615997045798145,-1.6402514736260991,-2.5108200378076955,95.23809523809523,1,Normal Day,1,1,1,1
2018-07-05,1124.5999755859375,1144.1400146484375,1123.1199951171875,1141.2900390625,1141.2900390625,1429700.0,GOOGL,0.02240478115637199,1.3923935499332656,-0.5488412605666891,53.96825396825397,0,Normal Day,0,0,0,0
2018-07-06,1141.77001953125,1156.199951171875,1137.239990234375,1155.0799560546875,1155.0799560546875,1091000.0,GOOGL,0.012082745419836552,0.6736153214287511,-1.3417863234072245,41.269841269841265,0,Normal Day,0,0,0,0
2018-07-09,1160.0,1167.9300537109375,1157.22998046875,1167.280029296875,1167.280029296875,1079200.0,GOOGL,0.010562102803565475,0.5688109554271595,-1.2461771437211213,7.936507936507936,0,Normal Day,0,0,0,0
2018-07-10,1169.989990234375,1173.5,1162.56005859375,1167.1400146484375,1167.1400146484375,1066700.0,GOOGL,-0.00011994949362908186,-0.14537263203984382,-1.205504940364247,9.523809523809524,0,Normal Day,0,0,0,0
2018-07-11,1155.6199951171875,1180.43994140625,1155.3699951171875,1171.4599609375,1171.4599609375,1662600.0,GOOGL,0.003701309384344724,0.10247727132157307,0.11658913462374891,69.84126984126983,0,Normal Day,0,0,0,0
2018-07-12,1174.8599853515625,1201.989990234375,1173.0999755859375,1201.260009765625,1201.260009765625,2207400.0,GOOGL,0.025438384427818185,1.5685756417749357,0.9113292190661266,77.77777777777777,0,Normal Day,0,0,0,0
2018-07-13,1202.800048828125,1210.43994140625,1195.2900390625,1204.4200439453125,1204.4200439453125,1630600.0,GOOGL,0.002630599665349758,0.008974630836124283,-0.014365839495295551,22.22222222222222,0,Normal Day,0,0,0,0
2018-07-16,1203.81005859375,1208.7099609375,1193.4000244140625,1196.510009765625,1196.510009765625,1339200.0,GOOGL,-0.006567504600618105,-0.6004227537664469,-0.5759716506680559,25.396825396825395,0,Normal Day,0,0,0,0
2018-07-17,1182.739990234375,1218.760009765625,1182.0,1213.0799560546875,1213.0799560546875,2008100.0,GOOGL,0.01384856470386592,0.8342690297268726,0.6872742544269977,92.06349206349206,0,Normal Day,0,0,0,0
2018-07-18,1208.530029296875,1221.5899658203125,1204.56005859375,1212.9100341796875,1212.9100341796875,1947400.0,GOOGL,-0.00014007475282391002,-0.15113261969708738,0.5631856303813677,36.507936507936506,0,Normal Day,0,0,0,0
2018-07-19,1206.6500244140625,1216.47998046875,1197.72998046875,1199.0999755859375,1199.0999755859375,1916900.0,GOOGL,-0.011385888651741583,-0.911893529926912,0.5609819773865308,42.857142857142854,0,Normal Day,0,0,0,0
2018-07-20,1199.239990234375,1210.77001953125,1196.5899658203125,1197.8800048828125,1197.8800048828125,1896900.0,GOOGL,-0.0010174053272988051,-0.19762032095621376,0.6060317920830314,17.46031746031746,0,Normal Day,0,0,0,0
2018-07-23,1195.6600341796875,1215.0999755859375,1192.010009765625,1211.0,1211.0,3272300.0,GOOGL,0.010952678952572563,0.6293811965739188,2.140581539503344,65.07936507936508,0,Normal Day,0,0,0,0
2018-07-24,1271.0,1275.0,1244.1400146484375,1258.1500244140625,1258.1500244140625,5380000.0,GOOGL,0.038934784817557806,2.6338552037380856,2.7209224148859428,80.95238095238095,1,Normal Day,1,1,1,1
2018-07-25,1252.6199951171875,1278.239990234375,1249.050048828125,1275.93994140625,1275.93994140625,2555200.0,GOOGL,0.014139742198449271,0.7770718273229813,0.9913313699247934,73.01587301587301,0,Normal Day,0,0,0,0
2018-07-26,1267.1800537109375,1287.4000244140625,1263.0,1285.5,1285.5,2734300.0,GOOGL,0.007492561588136809,0.30470076914263167,1.0685140994692215,63.49206349206349,0,Normal Day,0,0,0,0
2018-07-27,1289.1199951171875,1291.43994140625,1244.489990234375,1252.8900146484375,1252.8900146484375,2418100.0,GOOGL,-0.02536754986508168,-2.0737241449706576,0.7344369696750824,100.0,1,Range Shock,0,0,0,0
2018-07-30,1245.050048828125,1252.8900146484375,1224.1700439453125,1230.0400390625,1230.0400390625,2194800.0,GOOGL,-0.01823781442806792,-1.5354017938721578,0.46855582056455636,77.77777777777777,0,Normal Day,0,0,0,0
2018-07-31,1231.7099609375,1241.2099609375,1216.18994140625,1227.219970703125,1227.219970703125,1969100.0,GOOGL,-0.0022926638725714755,-0.3652443130573545,0.19607445521312722,69.84126984126983,0,Normal Day,0,0,0,0
2018-08-01,1239.1099853515625,1245.9000244140625,1224.93994140625,1232.989990234375,1232.989990234375,1849700.0,GOOGL,0.004701699507011867,0.12499876479257009,0.0017941830760399228,52.38095238095238,0,Normal Day,0,0,0,0
2018-08-02,1218.5,1244.4100341796875,1218.06005859375,1241.1300048828125,1241.1300048828125,1735200.0,GOOGL,0.006601849741610791,0.2579095203520194,-0.2583565126128774,71.42857142857143,0,Normal Day,0,0,0,0
2018-08-03,1245.1800537109375,1246.52001953125,1229.4200439453125,1238.1600341796875,1238.1600341796875,1063200.0,GOOGL,-0.002392956975853166,-0.3827851421480405,-1.441638050809174,36.507936507936506,0,Normal Day,0,0,0,0
2018-08-06,1241.6099853515625,1242.4599609375,1230.530029296875,1237.6700439453125,1237.6700439453125,1105700.0,GOOGL,-0.0003957406319447477,-0.22252825290039072,-1.3479538492239937,11.11111111111111,0,Normal Day,0,0,0,0
2018-08-07,1252.010009765625,1266.0799560546875,1251.800048828125,1255.8399658203125,1255.8399658203125,2125300.0,GOOGL,0.014680747880977923,0.8897438729738784,0.22637700573937256,15.873015873015872,0,Normal Day,0,0,0,0
2018-08-08,1256.719970703125,1271.719970703125,1252.1199951171875,1261.3299560546875,1261.3299560546875,1717200.0,GOOGL,0.004371568339751751,0.15108922672329061,-0.42769671028492967,46.03174603174603,0,Normal Day,0,0,0,0
2018-08-09,1262.72998046875,1271.9599609375,1260.0999755859375,1264.4599609375,1264.4599609375,1366300.0,GOOGL,0.0024815115725966255,0.020699135787857516,-1.0280865268473145,11.11111111111111,0,Normal Day,0,0,0,0
2018-08-10,1259.1800537109375,1261.199951171875,1247.1600341796875,1252.510009765625,1252.510009765625,1330100.0,GOOGL,-0.00945063627243288,-0.8947330735726777,-1.0100356351207234,15.873015873015872,0,Normal Day,0,0,0,0
2018-08-13,1251.199951171875,1265.969970703125,1247.030029296875,1248.6400146484375,1248.6400146484375,1375000.0,GOOGL,-0.003089791767741377,-0.39395789447766105,-0.8842751582179845,44.44444444444444,0,Normal Day,0,0,0,0
2018-08-14,1252.5,1260.5899658203125,1239.5400390625,1258.1400146484375,1258.1400146484375,1404000.0,GOOGL,0.007608277716996588,0.4094994950375459,-0.8393148408047069,55.55555555555555,0,Normal Day,0,0,0,0
2018-08-15,1244.280029296875,1251.97998046875,1226.239990234375,1232.219970703125,1232.219970703125,1852600.0,GOOGL,-0.02060187550155564,-1.7527470495797013,-0.08466287768063821,73.01587301587301,0,Normal Day,0,0,0,0
2018-08-16,1241.989990234375,1243.699951171875,1219.6300048828125,1224.06005859375,1224.06005859375,1608800.0,GOOGL,-0.006622122919107389,-0.6676041758774862,-0.43694769047737386,69.84126984126983,0,Normal Day,0,0,0,0
2018-08-17,1222.0400390625,1226.949951171875,1204.0,1215.8499755859375,1215.8499755859375,1654600.0,GOOGL,-0.006707255048616305,-0.6819395533542537,-0.342175870317677,63.49206349206349,0,Normal Day,0,0,0,0
2018-08-20,1220.6600341796875,1225.9100341796875,1208.699951171875,1221.949951171875,1221.949951171875,1110900.0,GOOGL,0.005017046270859055,0.23572739577753482,-1.277069625674586,36.507936507936506,0,Normal Day,0,0,0,0
2018-08-21,1223.02001953125,1232.760009765625,1215.030029296875,1217.4100341796875,1217.4100341796875,1154100.0,GOOGL,-0.0037153051872817104,-0.44981438732319173,-1.0842291559854849,39.682539682539684,0,Normal Day,0,0,0,0
2018-08-22,1214.219970703125,1226.530029296875,1213.219970703125,1221.75,1221.75,1114800.0,GOOGL,0.0035649170767980782,0.12615128261121897,-1.270743879200415,14.285714285714285,0,Normal Day,0,0,0,0
2018-08-23,1219.8800048828125,1235.1700439453125,1219.3499755859375,1221.1600341796875,1221.1600341796875,1233300.0,GOOGL,-0.0004828858770718232,-0.19043192764001582,-0.8488774151027008,28.57142857142857,0,Normal Day,0,0,0,0
2018-08-24,1226.0,1237.4000244140625,1221.4200439453125,1236.75,1236.75,1222700.0,GOOGL,0.012766521491005916,0.8242565824160909,-0.8203583776176405,26.984126984126984,0,Normal Day,0,0,0,0
2018-08-27,1244.1400146484375,1257.8699951171875,1240.6800537109375,1256.27001953125,1256.27001953125,1429000.0,GOOGL,0.015783318804325853,1.0271514963346517,-0.11755140747982211,33.33333333333333,0,Normal Day,0,0,0,0
2018-08-28,1255.9000244140625,1256.56005859375,1242.969970703125,1245.8599853515625,1245.8599853515625,1366500.0,GOOGL,-0.008286462319280515,-0.832286339918092,-0.23374828681328547,14.285714285714285,0,Normal Day,0,0,0,0
2018-08-29,1255.0,1267.1700439453125,1252.800048828125,1264.6500244140625,1264.6500244140625,1846300.0,GOOGL,0.015081982954286585,1.0059610089651358,1.2401617583409423,17.46031746031746,0,Normal Day,0,0,0,0
2018-08-30,1263.4000244140625,1269.489990234375,1247.2099609375,1254.43994140625,1254.43994140625,1505200.0,GOOGL,-0.008073445467684258,-0.7980679782609361,0.30628292967539145,61.9047619047619,0,Normal Day,0,0,0,0
2018-08-31,1252.2099609375,1252.550048828125,1225.75,1231.800048828125,1231.800048828125,2115400.0,GOOGL,-0.018047809090601236,-1.557428458413064,1.8476135661916626,79.36507936507937,0,Normal Day,0,0,0,0
2018-09-04,1222.52001953125,1227.8699951171875,1206.56005859375,1211.31005859375,1211.31005859375,2072900.0,GOOGL,-0.01663418527533603,-1.4009473691947372,1.5768669708357372,60.317460317460316,0,Normal Day,0,0,0,0
2018-09-05,1209.219970703125,1214.8699951171875,1175.3399658203125,1199.0999755859375,1199.0999755859375,2699400.0,GOOGL,-0.010080064077060162,-0.8641623965197216,2.3205297787933454,98.4126984126984,1,Range Shock,0,0,0,0
2018-09-06,1198.5699462890625,1198.989990234375,1163.6099853515625,1183.989990234375,1183.989990234375,2342700.0,GOOGL,-0.01260110554516444,-1.0603121861482048,1.664623055492107,90.47619047619047,0,Normal Day,0,0,0,0
2018-09-07,1172.0,1188.550048828125,1169.27001953125,1177.5899658203125,1177.5899658203125,1632900.0,GOOGL,-0.0054054717242969196,-0.48344231904550455,0.22536684137291568,49.2063492063492,0,Normal Day,0,0,0,0
2018-09-10,1184.199951171875,1186.6600341796875,1170.6099853515625,1175.06005859375,1175.06005859375,1383500.0,GOOGL,-0.0021483770242557727,-0.21392888162145174,-0.445370618992823,33.33333333333333,0,Normal Day,0,0,0,0
2018-09-11,1171.0999755859375,1190.93994140625,1165.949951171875,1189.989990234375,1189.989990234375,1462700.0,GOOGL,0.012705675366493484,0.9519117269364344,-0.24101777072295794,71.42857142857143,0,Normal Day,0,0,0,0
2018-09-12,1182.0,1190.68994140625,1166.1600341796875,1171.5999755859375,1171.5999755859375,1785800.0,GOOGL,-0.015453923813943584,-1.2409951047610652,0.5196783204302589,69.84126984126983,0,Normal Day,0,0,0,0
2018-09-13,1179.699951171875,1187.8599853515625,1169.219970703125,1182.1400146484375,1182.1400146484375,2003400.0,GOOGL,0.008996277980655252,0.6757750558578631,0.9032612628153756,42.857142857142854,0,Normal Day,0,0,0,0
2018-09-14,1188.0,1188.0,1173.52001953125,1177.97998046875,1177.97998046875,1208800.0,GOOGL,-0.003519070607659511,-0.3019476657640681,-1.0162463252705816,17.46031746031746,0,Normal Day,0,0,0,0
2018-09-17,1177.77001953125,1181.8199462890625,1158.4599609375,1159.8299560546875,1159.8299560546875,1704800.0,GOOGL,-0.015407752860825458,-1.2002166177621014,0.3213865046882484,66.66666666666666,0,Normal Day,0,0,0,0
2018-09-18,1162.6600341796875,1181.3299560546875,1161.4300537109375,1167.1099853515625,1167.1099853515625,1615700.0,GOOGL,0.006276807439634485,0.5023164443598884,0.11576497588843848,53.96825396825397,0,Normal Day,0,0,0,0
2018-09-19,1168.9599609375,1176.27001953125,1158.6199951171875,1174.27001953125,1174.27001953125,1298100.0,GOOGL,0.006134840991468957,0.4887057801550363,-0.7969726055834252,38.095238095238095,0,Normal Day,0,0,0,0
2018-09-20,1180.6700439453125,1194.0,1176.25,1191.5699462890625,1191.5699462890625,1462200.0,GOOGL,0.014732494630765041,1.130602586821744,-0.375376573982183,38.095238095238095,0,Normal Day,0,0,0,0
2018-09-21,1194.9200439453125,1196.5799560546875,1172.06005859375,1172.1199951171875,1172.1199951171875,4561100.0,GOOGL,-0.016322962183167252,-1.2775512965495563,3.1050222486004593,71.42857142857143,1,Volume Shock,0,1,1,0
2018-09-24,1159.4100341796875,1185.18994140625,1151.5,1179.56005859375,1179.56005859375,1557500.0,GOOGL,0.0063475271367746345,0.4589829166999914,-0.33765426504506524,90.47619047619047,0,Normal Day,0,0,0,0
2018-09-25,1184.25,1196.8599853515625,1174.0899658203125,1193.8900146484375,1193.8900146484375,1657600.0,GOOGL,0.01214855992307116,0.8975931671956129,-0.18869166168980211,63.49206349206349,0,Normal Day,0,0,0,0
2018-09-26,1193.68994140625,1207.239990234375,1185.4000244140625,1194.06005859375,1194.06005859375,1882500.0,GOOGL,0.0001424284843881306,-0.08025697986326849,0.1964871623265907,57.14285714285714,0,Normal Day,0,0,0,0
2018-09-27,1200.0,1216.8599853515625,1198.050048828125,1207.3599853515625,1207.3599853515625,1813700.0,GOOGL,0.011138406868307683,0.8036483940945401,0.024847291362557502,42.857142857142854,0,Normal Day,0,0,0,0
2018-09-28,1204.0899658203125,1208.449951171875,1197.8299560546875,1207.0799560546875,1207.0799560546875,1780600.0,GOOGL,-0.0002319352142463627,-0.11021306132113139,-0.03304692459267465,1.5873015873015872,0,Normal Day,0,0,0,0
2018-10-01,1213.0,1224.199951171875,1203.18994140625,1208.530029296875,1208.530029296875,1658200.0,GOOGL,0.0012013067029354298,0.0185700247841922,-0.2983386145886989,55.55555555555555,0,Normal Day,0,0,0,0
2018-10-02,1206.6700439453125,1224.52001953125,1199.6600341796875,1207.6400146484375,1207.6400146484375,2009000.0,GOOGL,-0.0007364439665229602,-0.17193250070639776,0.3826180663021867,74.6031746031746,0,Normal Day,0,0,0,0
2018-10-03,1212.0,1214.1800537109375,1202.1500244140625,1211.530029296875,1211.530029296875,1312300.0,GOOGL,0.0032211707141634777,0.1893077757926342,-1.013886325451508,9.523809523809524,0,Normal Day,0,0,0,0
2018-10-04,1205.030029296875,1205.9000244140625,1163.8499755859375,1177.0699462890625,1177.0699462890625,2328800.0,GOOGL,-0.028443441082357485,-2.3734166808685266,1.0129807000723923,98.4126984126984,1,Range Shock,0,0,0,0
2018-10-05,1176.0,1182.0,1154.3199462890625,1167.8299560546875,1167.8299560546875,1592600.0,GOOGL,-0.0078499924864328,-0.6546246587426227,-0.2772766241185334,87.30158730158729,0,Normal Day,0,0,0,0
2018-10-08,1160.0,1175.8599853515625,1135.4000244140625,1155.9200439453125,1155.9200439453125,2309500.0,GOOGL,-0.010198327288683867,-0.8305511459328849,0.9913667349458263,96.82539682539682,1,Normal Day,0,0,0,0
2018-10-09,1151.31005859375,1161.550048828125,1144.1700439453125,1145.1700439453125,1145.1700439453125,1684500.0,GOOGL,-0.009299951200178852,-0.7371463849470512,-0.16582738412897263,39.682539682539684,0,Normal Day,0,0,0,0
2018-10-10,1136.4000244140625,1137.02001953125,1091.510009765625,1092.1600341796875,1092.1600341796875,2949000.0,GOOGL,-0.04629007722119256,-3.424435089348954,1.631824389778486,100.0,1,Crash + Range Shock,0,1,1,0
2018-10-11,1079.0400390625,1116.06005859375,1075.8900146484375,1090.739990234375,1090.739990234375,3384800.0,GOOGL,-0.0013002159947915358,0.014321635440973375,1.815606859381334,96.82539682539682,1,Normal Day,0,0,0,0
2018-10-12,1119.6400146484375,1125.8299560546875,1095.030029296875,1120.5400390625,1120.5400390625,2468500.0,GOOGL,0.027320946417048166,2.0838486116061694,0.7975268856974446,85.71428571428571,0,Normal Day,0,0,0,0
2018-10-15,1118.0,1121.800048828125,1098.219970703125,1102.43994140625,1102.43994140625,1503700.0,GOOGL,-0.016153012855652574,-1.085636125689993,-0.7674066671203759,77.77777777777777,0,Normal Day,0,0,0,0
2018-10-16,1113.47998046875,1136.3699951171875,1111.75,1133.0799560546875,1133.0799560546875,1918900.0,GOOGL,0.027792910522956668,2.047255392080972,-0.017041625169458063,77.77777777777777,0,Normal Day,0,0,0,0
2018-10-17,1140.0,1147.0,1114.0,1127.5899658203125,1127.5899658203125,1782600.0,GOOGL,-0.004845192261180577,-0.2832803550767452,-0.2665343236689375,88.88888888888889,0,Normal Day,0,0,0,0
2018-10-18,1130.0,1132.3499755859375,1086.3399658203125,1097.9100341796875,1097.9100341796875,2307600.0,GOOGL,-0.026321564168082227,-1.7433328446987622,0.4861235865588065,100.0,1,Range Shock,0,0,0,0
2018-10-19,1103.7099609375,1120.949951171875,1097.030029296875,1105.1800537109375,1105.1800537109375,2064300.0,GOOGL,0.006621689669392497,0.5568321070183712,0.06514502487200019,73.01587301587301,0,Normal Day,0,0,0,0
2018-10-22,1112.510009765625,1121.68994140625,1100.0,1111.3699951171875,1111.3699951171875,1355800.0,GOOGL,0.0056008443017638776,0.5586573757683617,-1.426084806772729,57.14285714285714,0,Normal Day,0,0,0,0
2018-10-23,1091.2900390625,1118.0,1079.010009765625,1114.9100341796875,1114.9100341796875,1884300.0,GOOGL,0.0031852929969795733,0.3953794661746409,-0.09895651993244076,90.47619047619047,0,Normal Day,0,0,0,0
2018-10-24,1115.0,1116.6199951171875,1055.06005859375,1057.1199951171875,1057.1199951171875,2464300.0,GOOGL,-0.05183381375253289,-3.3458552922388987,0.9443619175919232,100.0,1,Crash + Range Shock,0,1,1,0
2018-10-25,1080.300048828125,1117.8199462890625,1075.550048828125,1103.5899658203125,1103.5899658203125,3647800.0,GOOGL,0.04395903106342582,2.9639059314261753,2.1384994565322843,95.23809523809523,1,Normal Day,0,0,0,0
2018-10-26,1048.3299560546875,1117.0,1042.22998046875,1083.75,1083.75,5321900.0,GOOGL,-0.017977660575742186,-1.040245747613734,2.653817959949382,100.0,1,Range Shock,0,0,0,0
2018-10-29,1096.5400390625,1108.8299560546875,1007.2000122070312,1034.72998046875,1034.72998046875,4064500.0,GOOGL,-0.04523185193194925,-2.60099303847414,1.63971365176666,100.0,1,Range Shock,0,0,0,0
2018-10-30,1020.010009765625,1050.9000244140625,1013.969970703125,1049.510009765625,1049.510009765625,2988400.0,GOOGL,0.01428394805974347,1.0114076297818961,0.7311026778685152,87.30158730158729,0,Normal Day,0,0,0,0
2018-10-31,1068.199951171875,1108.0,1068.199951171875,1090.5799560546875,1090.5799560546875,3545800.0,GOOGL,0.039132496028536384,2.3731604469611116,1.0905586888779386,88.88888888888889,0,Normal Day,0,0,0,0
2018-11-01,1091.4000244140625,1099.9000244140625,1077.8199462890625,1085.97998046875,1085.97998046875,2006600.0,GOOGL,-0.004217916861940596,-0.13221649204317973,-0.4956926711504603,57.14285714285714,0,Normal Day,0,0,0,0
2018-11-02,1089.0,1098.0,1067.6600341796875,1071.489990234375,1071.489990234375,2171900.0,GOOGL,-0.013342778407499346,-0.6457994323374522,-0.2639539024570507,74.6031746031746,0,Normal Day,0,0,0,0
2018-11-05,1072.530029296875,1073.3499755859375,1034.0,1055.72998046875,1055.72998046875,2267900.0,GOOGL,-0.014708499294685614,-0.700224659268666,-0.19653131642772986,90.47619047619047,0,Normal Day,0,0,0,0
2018-11-06,1055.02001953125,1079.8199462890625,1053.6099853515625,1069.5699462890625,1069.5699462890625,1433000.0,GOOGL,0.013109380311590164,0.896140101400194,-1.3854004502904085,69.84126984126983,0,Normal Day,0,0,0,0
2018-11-07,1083.489990234375,1109.9300537109375,1080.5899658203125,1108.239990234375,1108.239990234375,2169400.0,GOOGL,0.03615475928384165,2.1112634138779556,-0.28524101961940723,69.84126984126983,0,Normal Day,0,0,0,0
2018-11-08,1107.300048828125,1108.219970703125,1084.3599853515625,1094.6300048828125,1094.6300048828125,1684700.0,GOOGL,-0.01228072030561197,-0.5705823911254421,-0.9081847658308246,65.07936507936508,0,Normal Day,0,0,0,0
2018-11-09,1084.02001953125,1088.3499755859375,1064.260009765625,1077.02001953125,1077.02001953125,1743000.0,GOOGL,-0.016087614329051547,-0.7662441039848585,-0.7365431549569148,65.07936507936508,0,Normal Day,0,0,0,0
2018-11-12,1073.1300048828125,1074.0999755859375,1040.3499755859375,1049.3599853515625,1049.3599853515625,1700100.0,GOOGL,-0.02568200560628942,-1.2524035351998475,-0.7466508753258195,77.77777777777777,0,Normal Day,0,0,0,0
2018-11-13,1054.81005859375,1066.6700439453125,1040.4000244140625,1047.969970703125,1047.969970703125,1287500.0,GOOGL,-0.0013246308872467722,0.059302153729871875,-1.456855178209132,66.66666666666666,0,Normal Day,0,0,0,0
2018-11-14,1060.0,1065.7900390625,1041.1099853515625,1054.5799560546875,1054.5799560546875,1733300.0,GOOGL,0.006307418663082108,0.4667534871253553,-0.637073037094894,61.9047619047619,0,Normal Day,0,0,0,0
2018-11-15,1051.4599609375,1078.8699951171875,1041.2900390625,1071.050048828125,1071.050048828125,2079200.0,GOOGL,0.015617680460241375,0.9515312711276537,-0.170441545159848,82.53968253968253,0,Normal Day,0,0,0,0
2018-11-16,1065.22998046875,1072.43994140625,1054.9000244140625,1068.27001953125,1068.27001953125,1768300.0,GOOGL,-0.0025956110080166015,-0.03439479352932245,-0.568809741830618,28.57142857142857,0,Normal Day,0,0,0,0
2018-11-19,1063.3900146484375,1068.0,1022.8699951171876,1027.4200439453125,1027.4200439453125,2284200.0,GOOGL,-0.03823937285431094,-1.8911534718516616,0.10383019850570667,95.23809523809523,1,Normal Day,0,0,0,0
2018-11-20,1007.2899780273438,1037.3499755859375,1002.2100219726562,1030.449951171875,1030.449951171875,2722900.0,GOOGL,0.002949044302199516,0.28970223163188247,0.5049102668885421,76.19047619047619,0,Normal Day,0,0,0,0
2018-11-21,1045.31005859375,1054.7099609375,1039.4599609375,1043.4300537109375,1043.4300537109375,1484900.0,GOOGL,0.012596538555124324,0.7855516128218704,-1.1219913944399773,14.285714285714285,0,Normal Day,0,0,0,0
2018-11-23,1033.5,1043.0,1028.52001953125,1030.0999755859375,1030.0999755859375,708900.0,GOOGL,-0.012775248400783408,-0.5311982264199211,-2.455951977121422,12.698412698412698,0,Normal Day,1,0,1,0
2018-11-26,1044.0,1057.0,1039.77001953125,1055.93994140625,1055.93994140625,1577900.0,GOOGL,0.02508491062298522,1.4472992099191608,-0.5881539866815578,22.22222222222222,0,Normal Day,0,0,0,0
2018-11-27,1051.3399658203125,1066.760009765625,1045.5,1052.280029296875,1052.280029296875,1652400.0,GOOGL,-0.0034660229865923105,-0.0507662522033405,-0.40784314275698563,38.095238095238095,0,Normal Day,0,0,0,0
2018-11-28,1057.4599609375,1092.8599853515625,1042.949951171875,1091.7900390625,1091.7900390625,2302100.0,GOOGL,0.0375470489466813,2.0215230812579232,0.6185435216407336,95.23809523809523,1,Normal Day,0,0,0,0
2018-11-29,1083.530029296875,1100.1500244140625,1082.0,1094.5799560546875,1094.5799560546875,1550200.0,GOOGL,0.0025553603645103325,0.23064328193572928,-0.4942857877221377,23.809523809523807,0,Normal Day,0,0,0,0
2018-11-30,1095.6300048828125,1109.6500244140625,1083.1800537109375,1109.6500244140625,1109.6500244140625,2983400.0,GOOGL,0.01376790089752207,0.7766552951246645,1.6722494473853222,57.14285714285714,0,Normal Day,0,0,0,0
2018-12-03,1132.1600341796875,1135.0,1111.72998046875,1116.3599853515625,1116.3599853515625,2876600.0,GOOGL,0.006046916405957018,0.3660737739540394,1.4185574845038182,39.682539682539684,0,Normal Day,0,0,0,0
2018-12-04,1112.989990234375,1114.239990234375,1060.780029296875,1062.469970703125,1062.469970703125,2281500.0,GOOGL,-0.048272972298865166,-2.2827356164333312,0.6803067243947817,95.23809523809523,1,Normal Day,0,0,0,0
2018-12-06,1045.0,1079.4200439453125,1042.47998046875,1078.0799560546875,1078.0799560546875,2371800.0,GOOGL,0.014692166161865328,0.7809381575355675,0.7909173665307689,73.01587301587301,0,Normal Day,0,0,0,0
2018-12-07,1072.22998046875,1085.030029296875,1039.3699951171875,1046.5799560546875,1046.5799560546875,2134100.0,GOOGL,-0.02921861205478354,-1.3284519208823118,0.4083453439103579,90.47619047619047,0,Normal Day,0,0,0,0
2018-12-10,1042.93994140625,1059.5999755859375,1033.0,1053.1800537109375,1053.1800537109375,1682600.0,GOOGL,0.0063063482327050426,0.37693642909864183,-0.3022696851774229,58.73015873015873,0,Normal Day,0,0,0,0
2018-12-11,1066.93994140625,1070.4000244140625,1050.0999755859375,1061.6500244140625,1061.6500244140625,1692600.0,GOOGL,0.008042281728827464,0.46504318905097103,-0.28433505522600167,28.57142857142857,0,Normal Day,0,0,0,0
2018-12-12,1077.0799560546875,1091.72998046875,1071.969970703125,1073.72998046875,1073.72998046875,1448000.0,GOOGL,0.01137847292129492,0.6058466796335711,-0.7390014175684804,26.984126984126984,0,Normal Day,0,0,0,0
2018-12-13,1075.6700439453125,1088.4200439453125,1064.989990234375,1073.5400390625,1073.5400390625,1249300.0,GOOGL,-0.0001768986707133564,0.05513517060598954,-1.1162334614376341,47.61904761904761,0,Normal Day,0,0,0,0
2018-12-14,1060.02001953125,1071.719970703125,1049.3699951171875,1051.7099609375,1051.7099609375,1817900.0,GOOGL,-0.020334665993514085,-0.9010249141785732,-0.035963020036678874,39.682539682539684,0,Normal Day,0,0,0,0
2018-12-17,1047.010009765625,1062.3800048828125,1016.6300048828124,1025.6500244140625,1025.6500244140625,2496600.0,GOOGL,-0.024778634311124648,-1.1003626648571634,0.8766130577920908,92.06349206349206,0,Normal Day,0,0,0,0
2018-12-18,1034.0,1059.68994140625,1030.47998046875,1043.4100341796875,1043.4100341796875,2182000.0,GOOGL,0.017315857595548746,0.8962340081610308,0.45874321682339875,60.317460317460316,0,Normal Day,0,0,0,0
2018-12-19,1047.2900390625,1075.7099609375,1019.4299926757812,1035.4599609375,1035.4599609375,2913200.0,GOOGL,-0.007619318371264967,-0.2776365807334412,1.2141590503256798,95.23809523809523,1,Normal Day,0,0,0,0
2018-12-20,1026.0,1047.43994140625,1007.8599853515624,1023.5800170898438,1023.5800170898438,2683700.0,GOOGL,-0.011473107890043582,-0.4424939680663464,0.9366936242819784,82.53968253968253,0,Normal Day,0,0,0,0
2018-12-21,1032.0400390625,1037.6700439453125,981.1900024414062,991.25,991.25,5232800.0,GOOGL,-0.03158523666939271,-1.3732442927173933,2.376617700515409,95.23809523809523,1,Normal Day,0,0,0,0
2018-12-24,984.3200073242188,1012.1199951171876,977.6599731445312,984.6699829101562,984.6699829101562,1818000.0,GOOGL,-0.006638100468947037,-0.18855600418974724,-0.25828508230974184,66.66666666666666,0,Normal Day,0,0,0,0
2018-12-26,997.989990234375,1048.449951171875,992.6500244140624,1047.8499755859375,1047.8499755859375,2315900.0,GOOGL,0.06416362209910684,2.90059685067478,0.25600839316703,92.06349206349206,1,Normal Day,0,0,0,0
2018-12-27,1026.199951171875,1053.3399658203125,1007.0,1052.9000244140625,1052.9000244140625,2299800.0,GOOGL,0.004819438799243288,0.2881938635408315,0.18259468210543703,85.71428571428571,0,Normal Day,0,0,0,0
2018-12-28,1059.5,1064.22998046875,1042.0,1046.6800537109375,1046.6800537109375,1719900.0,GOOGL,-0.005907465627219836,-0.1716245213470115,-0.7522211539834653,26.984126984126984,0,Normal Day,0,0,0,0
2018-12-31,1057.8299560546875,1062.989990234375,1033.0400390625,1044.9599609375,1044.9599609375,1655500.0,GOOGL,-0.0016433797198475509,0.017157703481542767,-0.8104522406631289,53.96825396825397,0,Normal Day,0,0,0,0
2018-04-04,252.77999877929688,288.3699951171875,252.0,286.94000244140625,286.94000244140625,19896700.0,TSLA,0.0725526249417807,2.4242428618390504,1.6634753219584508,100.0,1,Range Shock,0,0,0,0
2018-04-05,289.3399963378906,306.260009765625,288.20001220703125,305.7200012207031,305.7200012207031,19121100.0,TSLA,0.0654492180229621,2.0757239993248473,1.4301771600618585,82.53968253968253,0,Normal Day,0,0,0,0
2018-04-06,301.0,309.2799987792969,295.5,299.29998779296875,299.29998779296875,13520300.0,TSLA,-0.02099965132179784,-0.6537678848902394,0.7296638487805363,76.19047619047619,0,Normal Day,0,0,0,0
2018-04-09,300.3699951171875,309.5,289.2099914550781,289.6600036621094,289.6600036621094,10249800.0,TSLA,-0.032208434761205294,-0.9809487413515703,0.14501332072801312,90.47619047619047,0,Normal Day,0,0,0,0
2018-04-10,298.9700012207031,307.1000061035156,293.67999267578125,304.70001220703125,304.70001220703125,10989800.0,TSLA,0.05192297298478999,1.6774857664970435,0.22447377551068173,74.6031746031746,0,Normal Day,0,0,0,0
2018-04-11,300.739990234375,308.9800109863281,299.6600036621094,300.92999267578125,300.92999267578125,7482900.0,TSLA,-0.012372889334472443,-0.3552065162096827,-0.5463841891816094,38.095238095238095,0,Normal Day,0,0,0,0
2018-04-12,302.32000732421875,303.95001220703125,293.67999267578125,294.0799865722656,294.0799865722656,7608800.0,TSLA,-0.022762789586399747,-0.6684066917412245,-0.5465332069954675,52.38095238095238,0,Normal Day,0,0,0,0
2018-04-13,303.6000061035156,303.95001220703125,295.9800109863281,300.3399963378906,300.3399963378906,7327200.0,TSLA,0.02128675888009366,0.7118541980930017,-0.6134310076133169,25.396825396825395,0,Normal Day,0,0,0,0
2018-04-16,299.0,299.6600036621094,289.010009765625,291.2099914550781,291.2099914550781,6338500.0,TSLA,-0.030398897896172967,-0.893718663229996,-0.9054692244347066,63.49206349206349,0,Normal Day,0,0,0,0
2018-04-17,288.8699951171875,292.1700134277344,282.510009765625,287.69000244140625,287.69000244140625,7000000.0,TSLA,-0.01208745962349601,-0.31061590192550453,-0.7234931591034918,44.44444444444444,0,Normal Day,0,0,0,0
2018-04-18,291.0799865722656,300.239990234375,288.1600036621094,293.3500061035156,293.3500061035156,6557700.0,TSLA,0.01967396716631523,0.6823845088042111,-0.83775397459484,73.01587301587301,0,Normal Day,0,0,0,0
2018-04-19,291.0799865722656,301.010009765625,288.54998779296875,300.0799865722656,300.0799865722656,6090600.0,TSLA,0.02294181124501209,0.7658879120880497,-1.0474365143194266,73.01587301587301,0,Normal Day,0,0,0,0
2018-04-20,295.1700134277344,299.9800109863281,289.75,290.239990234375,290.239990234375,5627900.0,TSLA,-0.032791244928694854,-0.9391867062353734,-1.2011565531179145,49.2063492063492,0,Normal Day,0,0,0,0
2018-04-23,291.2900085449219,291.6199951171875,282.3299865722656,283.3699951171875,283.3699951171875,4893400.0,TSLA,-0.023670050125207873,-0.6411083414087778,-1.49304504008594,36.507936507936506,0,Normal Day,0,0,0,0
2018-04-24,285.0,287.0899963378906,278.4599914550781,283.4599914550781,283.4599914550781,5685300.0,TSLA,0.00031759303892921713,0.10079540243916296,-1.1424083225060901,26.984126984126984,0,Normal Day,0,0,0,0
2018-04-25,283.5,285.1600036621094,277.25,280.69000244140625,280.69000244140625,4013600.0,TSLA,-0.00977206342049458,-0.21584996527920292,-1.6615529396060917,22.22222222222222,0,Normal Day,0,0,0,0
2018-04-26,278.75,285.7900085449219,276.5,285.4800109863281,285.4800109863281,4356000.0,TSLA,0.017065119894755724,0.5943478592531598,-1.348363365071048,36.507936507936506,0,Normal Day,0,0,0,0
2018-04-27,285.3699951171875,294.4700012207031,283.8299865722656,294.0799865722656,294.0799865722656,4364600.0,TSLA,0.030124615577198362,0.9856971747828506,-1.2390846252559555,58.73015873015873,0,Normal Day,0,0,0,0
2018-04-30,293.6099853515625,298.7300109863281,292.5,293.8999938964844,293.8999938964844,4228200.0,TSLA,-0.0006120534684430815,0.0499151703967865,-1.180099379229668,7.936507936507936,0,Normal Day,0,0,0,0
2018-05-01,293.510009765625,300.82000732421875,293.2200012207031,299.9200134277344,299.9200134277344,4625600.0,TSLA,0.02048322441738578,0.6838245677927968,-0.9223787114790742,14.285714285714285,0,Normal Day,0,0,0,0
2018-05-02,298.57000732421875,306.8500061035156,297.7799987792969,301.1499938964844,301.1499938964844,8970400.0,TSLA,0.00410102831982689,0.19057549103837376,0.4814944181336978,28.57142857142857,0,Normal Day,0,0,0,0
2018-05-03,278.7900085449219,288.0400085449219,275.2300109863281,284.45001220703125,284.45001220703125,17352100.0,TSLA,-0.05545403296668664,-1.5988719111945044,1.9643114687636878,74.6031746031746,0,Normal Day,0,0,0,0
2018-05-04,283.0,296.8599853515625,279.5199890136719,294.0899963378906,294.0899963378906,8569400.0,TSLA,0.03388990584343201,1.0767652571865867,0.5656738372492037,80.95238095238095,0,Normal Day,0,0,0,0
2018-05-07,297.5,305.9599914550781,295.1700134277344,302.7699890136719,302.7699890136719,8678200.0,TSLA,0.029514749851635526,0.9157901913937715,0.6984996869557104,49.2063492063492,0,Normal Day,0,0,0,0
2018-05-08,300.79998779296875,307.75,299.0,301.9700012207031,301.9700012207031,5930000.0,TSLA,-0.0026422294877205474,-0.047895194783303875,-0.27037140052715003,26.984126984126984,0,Normal Day,0,0,0,0
2018-05-09,300.4100036621094,307.010009765625,300.04998779296875,306.8500061035156,306.8500061035156,5727400.0,TSLA,0.016160561854108857,0.5284681824456472,-0.29720067007393874,11.11111111111111,0,Normal Day,0,0,0,0
2018-05-10,307.5,312.989990234375,304.1099853515625,305.0199890136719,305.0199890136719,5651600.0,TSLA,-0.005963881549431663,-0.18960255635212483,-0.298303305526215,30.158730158730158,0,Normal Day,0,0,0,0
2018-05-11,307.70001220703125,308.8800048828125,299.0799865722656,301.0599975585937,301.0599975585937,4679600.0,TSLA,-0.012982727682482093,-0.41566264502017053,-0.7851170897294489,39.682539682539684,0,Normal Day,0,0,0,0
2018-05-14,303.32000732421875,304.94000244140625,291.6199951171875,291.9700012207031,291.9700012207031,7286800.0,TSLA,-0.030193305027584844,-0.9383283839131533,0.5237397619638073,76.19047619047619,0,Normal Day,0,0,0,0
2018-05-15,285.010009765625,286.9599914550781,280.5,284.17999267578125,284.17999267578125,9519200.0,TSLA,-0.026680852527151678,-0.800423181382361,1.207477176022796,12.698412698412698,0,Normal Day,1,1,1,1
2018-05-16,283.8299865722656,288.8099975585937,281.5599975585937,286.4800109863281,286.4800109863281,5674000.0,TSLA,0.008093526531865838,0.30195631551432794,-0.23400405861966897,15.873015873015872,0,Normal Day,0,0,0,0
2018-05-17,285.8999938964844,289.19000244140625,283.9700012207031,284.5400085449219,284.5400085449219,4420600.0,TSLA,-0.006771859700531895,-0.1516180256610503,-0.8733189826495883,1.5873015873015872,0,Normal Day,0,0,0,0
2018-05-18,284.6499938964844,284.6499938964844,274.0,276.82000732421875,276.82000732421875,7251900.0,TSLA,-0.027131513983504805,-0.7882664655793579,0.48117538210600497,66.66666666666666,0,Normal Day,0,0,0,0
2018-05-21,281.3299865722656,291.489990234375,281.29998779296875,284.489990234375,284.489990234375,9182600.0,TSLA,0.027707473113288982,0.9492637716180383,1.041334901511744,55.55555555555555,0,Normal Day,0,0,0,0
2018-05-22,287.760009765625,288.0,273.4200134277344,275.010009765625,275.010009765625,8945800.0,TSLA,-0.033322720637516935,-0.9725164852820495,0.8849409998856747,79.36507936507937,0,Normal Day,0,0,0,0
2018-05-23,277.760009765625,279.9100036621094,274.0,279.07000732421875,279.07000732421875,5985100.0,TSLA,0.014763090121897197,0.5657080101656151,-0.19500858956397957,6.349206349206349,0,Normal Day,0,0,0,0
2018-05-24,278.3999938964844,281.1099853515625,274.8900146484375,277.8500061035156,277.8500061035156,4176700.0,TSLA,-0.004371667283061875,-0.035312119942240344,-1.1698896571701054,11.11111111111111,0,Normal Day,0,0,0,0
2018-05-25,277.6300048828125,279.6400146484375,275.6099853515625,278.8500061035156,278.8500061035156,3875100.0,TSLA,0.003599064164236299,0.22685748983395299,-1.3316021987429993,1.5873015873015872,0,Normal Day,0,0,0,0
2018-05-29,278.510009765625,286.5,276.1499938964844,283.760009765625,283.760009765625,5666600.0,TSLA,0.017608045740141267,0.6579995747553955,-0.3691694945900865,58.73015873015873,0,Normal Day,0,0,0,0
2018-05-30,283.2900085449219,295.010009765625,281.6000061035156,291.7200012207031,291.7200012207031,7489700.0,TSLA,0.028051843745187266,0.9632141330846404,0.3231513631063556,74.6031746031746,0,Normal Day,0,0,0,0
2018-05-31,287.2099914550781,290.3699951171875,282.92999267578125,284.7300109863281,284.7300109863281,5919700.0,TSLA,-0.02396129920857455,-0.7085653748851216,-0.37793356179107707,23.809523809523807,0,Normal Day,0,0,0,0
2018-06-01,285.8599853515625,291.95001220703125,283.8399963378906,291.82000732421875,291.82000732421875,5424400.0,TSLA,0.024900769375628146,0.851405063493612,-0.565280632342145,26.984126984126984,0,Normal Day,0,0,0,0
2018-06-04,294.3399963378906,299.0,293.54998779296875,296.739990234375,296.739990234375,4797800.0,TSLA,0.016859649053089207,0.5813492454729985,-0.9473989320957485,4.761904761904762,0,Normal Day,0,0,0,0
2018-06-05,297.70001220703125,297.79998779296875,286.739990234375,291.1300048828125,291.1300048828125,5995200.0,TSLA,-0.01890539036255797,-0.5575714830269481,-0.0643775361491347,63.49206349206349,0,Normal Day,0,0,0,0
2018-06-06,300.5,322.1700134277344,297.4800109863281,319.5,319.5,18767300.0,TSLA,0.09744785711320676,2.8923517384642246,3.0958155553012183,95.23809523809523,1,Volume Shock,1,1,1,1
2018-06-07,316.1499938964844,330.0,313.5799865722656,316.0899963378906,316.0899963378906,14345300.0,TSLA,-0.010672937909575509,-0.3140546467575482,1.9739367425068612,77.77777777777777,0,Normal Day,0,0,0,0
2018-06-08,319.0,324.4800109863281,317.1499938964844,317.6600036621094,317.6600036621094,8205200.0,TSLA,0.004966963024481356,0.1446787442464335,0.5092465034251931,14.285714285714285,0,Normal Day,0,0,0,0
2018-06-11,322.510009765625,334.6600036621094,322.5,332.1000061035156,332.1000061035156,13183500.0,TSLA,0.04545741445235858,1.3609766330215294,1.5153139123720702,60.317460317460316,0,Normal Day,0,0,0,0
2018-06-12,344.70001220703125,354.9700012207031,338.0,342.7699890136719,342.7699890136719,22347400.0,TSLA,0.03212882479390986,0.9363070084681516,2.272451774096285,79.36507936507937,0,Normal Day,0,1,1,0
2018-06-13,346.7099914550781,347.20001220703125,339.79998779296875,344.7799987792969,344.7799987792969,9469800.0,TSLA,0.005864019109166608,0.1345815942165014,0.4511576497422148,9.523809523809524,0,Normal Day,0,0,0,0
2018-06-14,347.6300048828125,358.75,346.6000061035156,357.7200012207031,357.7200012207031,10981000.0,TSLA,0.03753118651667929,1.0597722978717783,0.7379957154472089,44.44444444444444,0,Normal Day,0,0,0,0
2018-06-15,353.8399963378906,364.6700134277344,351.25,358.1700134277344,358.1700134277344,10848300.0,TSLA,0.0012580012453751648,-0.030314804584839358,0.6488168942735838,61.9047619047619,0,Normal Day,0,0,0,0
2018-06-18,355.3999938964844,373.7300109863281,354.5,370.8299865722656,370.8299865722656,12073200.0,TSLA,0.035346267610104024,0.9587749127934945,0.7880481243913616,79.36507936507937,0,Normal Day,0,0,0,0
2018-06-19,365.1600036621094,370.0,346.25,352.54998779296875,352.54998779296875,12761900.0,TSLA,-0.049294823615173185,-1.5204429721196697,0.8342713102849479,90.47619047619047,0,Normal Day,0,0,0,0
2018-06-20,358.0400085449219,364.3800048828125,352.0,362.2200012207031,362.2200012207031,8383700.0,TSLA,0.02742877255015816,0.7225107073018997,-0.0263186752387314,42.857142857142854,0,Normal Day,0,0,0,0
2018-06-21,362.0,366.2099914550781,346.2699890136719,347.510009765625,347.510009765625,7967100.0,TSLA,-0.04061065486584002,-1.2486577292767256,-0.12042692935098334,82.53968253968253,0,Normal Day,0,0,0,0
2018-06-22,351.5400085449219,352.25,332.0,333.6300048828125,333.6300048828125,10266100.0,TSLA,-0.0399413095817693,-1.2133523152915784,0.3549160301405721,85.71428571428571,0,Normal Day,0,0,0,0
2018-06-25,330.1199951171875,338.4700012207031,327.5,333.010009765625,333.010009765625,6931300.0,TSLA,-0.0018583314093864945,-0.11199675689952214,-0.5476863836371121,39.682539682539684,0,Normal Day,0,0,0,0
2018-06-26,336.04998779296875,343.54998779296875,325.79998779296875,342.0,342.0,7452500.0,TSLA,0.026996156183720196,0.7010078670061226,-0.49939775106377876,77.77777777777777,0,Normal Day,0,0,0,0
2018-06-27,345.0,350.7900085449219,339.5,344.5,344.5,8333700.0,TSLA,0.007309941520467836,0.07026170566145908,-0.2825322069355821,38.095238095238095,0,Normal Day,0,0,0,0
2018-06-28,348.6600036621094,357.0199890136719,346.1099853515625,349.92999267578125,349.92999267578125,8398000.0,TSLA,0.015761952614749636,0.34873759043599123,-0.2785802137402765,34.92063492063492,0,Normal Day,0,0,0,0
2018-06-29,353.3299865722656,353.8599853515625,342.4100036621094,342.95001220703125,342.95001220703125,6492400.0,TSLA,-0.019946791114922018,-0.8239806446234108,-0.9516578206726154,44.44444444444444,0,Normal Day,0,0,0,0
2018-07-02,360.07000732421875,364.7799987792969,329.8500061035156,335.07000732421875,335.07000732421875,18759800.0,TSLA,-0.022977123785770614,-0.8975325448422774,1.5865283219863546,98.4126984126984,1,Range Shock,0,0,0,0
2018-07-03,331.75,332.489990234375,309.69000244140625,310.8599853515625,310.8599853515625,12282600.0,TSLA,-0.07225362295477038,-2.442295950275002,0.44706278083107587,96.82539682539682,1,Normal Day,0,0,0,0
2018-07-05,313.760009765625,314.3900146484375,296.2200012207031,309.1600036621094,309.1600036621094,17476400.0,TSLA,-0.00546864109103832,-0.2078019299327662,1.3061996470109902,88.88888888888889,0,Normal Day,0,0,0,0
2018-07-06,304.95001220703125,312.07000732421875,302.0,308.8999938964844,308.8999938964844,8865500.0,TSLA,-0.0008410200625730772,-0.060447230308287116,-0.5352658877221468,39.682539682539684,0,Normal Day,0,0,0,0
2018-07-09,311.989990234375,318.5199890136719,308.0,318.510009765625,318.510009765625,7596800.0,TSLA,0.031110443700303348,1.0072596697122522,-0.905126379714066,46.03174603174603,0,Normal Day,0,0,0,0
2018-07-10,324.5599975585937,327.67999267578125,319.20001220703125,322.4700012207031,322.4700012207031,9471500.0,TSLA,0.012432863438081828,0.3936264620024347,-0.27098506081239204,22.22222222222222,0,Normal Day,0,0,0,0
2018-07-11,315.79998779296875,321.94000244140625,315.07000732421875,318.9599914550781,318.9599914550781,4884100.0,TSLA,-0.010884763706198824,-0.4313145507572066,-1.9303624046225905,11.11111111111111,0,Normal Day,0,0,0,0
2018-07-12,321.42999267578125,323.2300109863281,312.7699890136719,316.7099914550781,316.7099914550781,5721200.0,TSLA,-0.00705417626121578,-0.3063102290836923,-1.4488202765023457,47.61904761904761,0,Normal Day,0,0,0,0
2018-07-13,315.5799865722656,319.5799865722656,309.25,318.8699951171875,318.8699951171875,5869800.0,TSLA,0.006820131099071271,0.19558059624830573,-1.2489128221121544,36.507936507936506,0,Normal Day,0,0,0,0
2018-07-16,311.7099914550781,315.1600036621094,306.25,310.1000061035156,310.1000061035156,7818700.0,TSLA,-0.027503337247045862,-1.0321081482413872,-0.3780764627871346,28.57142857142857,0,Normal Day,0,0,0,0
2018-07-17,308.8099975585937,324.739990234375,308.5,322.69000244140625,322.69000244140625,6996200.0,TSLA,0.04059979390547935,1.3532145467671572,-0.6378386033609057,80.95238095238095,0,Normal Day,0,0,0,0
2018-07-18,325.0,325.5,316.25,323.8500061035156,323.8500061035156,5624200.0,TSLA,0.003594792690610263,0.0576914590030223,-1.148825112027721,28.57142857142857,0,Normal Day,0,0,0,0
2018-07-19,316.3299865722656,323.5400085449219,314.010009765625,320.2300109863281,320.2300109863281,5915300.0,TSLA,-0.011177999224833741,-0.4469050154078949,-0.9150258367536321,34.92063492063492,0,Normal Day,0,0,0,0
2018-07-20,321.2300109863281,323.239990234375,311.7099914550781,313.5799865722656,313.5799865722656,5162200.0,TSLA,-0.020766399731180774,-0.7993014745942089,-1.1954888254045148,68.25396825396825,0,Normal Day,0,0,0,0
2018-07-23,301.8399963378906,305.5,292.8599853515625,303.20001220703125,303.20001220703125,10992900.0,TSLA,-0.033101520536108174,-1.2274117660862207,0.8522078539467997,73.01587301587301,0,Normal Day,0,0,0,0
2018-07-24,304.4200134277344,307.7200012207031,292.54998779296875,297.42999267578125,297.42999267578125,9590800.0,TSLA,-0.01903040665879034,-0.7138422222440537,0.4906621739722611,80.95238095238095,0,Normal Day,0,0,0,0
2018-07-25,296.739990234375,309.6199951171875,294.5,308.739990234375,308.739990234375,7075400.0,TSLA,0.03802574668696042,1.261752435243659,-0.34852992275750116,76.19047619047619,0,Normal Day,0,0,0,0
2018-07-26,304.8500061035156,310.70001220703125,303.6400146484375,306.6499938964844,306.6499938964844,4630500.0,TSLA,-0.0067694383753268824,-0.2906800142691219,-1.379803679239172,17.46031746031746,0,Normal Day,0,0,0,0
2018-07-27,307.25,307.69000244140625,295.3399963378906,297.17999267578125,297.17999267578125,5703300.0,TSLA,-0.03088211775376688,-1.0987722121893633,-0.7759487424164905,68.25396825396825,0,Normal Day,0,0,0,0
2018-07-30,295.8999938964844,296.1000061035156,286.1300048828125,290.1700134277344,290.1700134277344,6814100.0,TSLA,-0.023588328355922176,-0.8265526888776428,-0.2921029372977157,53.96825396825397,0,Normal Day,0,0,0,0
2018-07-31,292.25,298.32000732421875,289.07000732421875,298.1400146484375,298.1400146484375,5076900.0,TSLA,0.027466660412475807,0.9402863919546411,-0.9962663593186548,34.92063492063492,0,Normal Day,0,0,0,0
2018-08-01,297.989990234375,303.0,293.0,300.8399963378906,300.8399963378906,10129400.0,TSLA,0.009056086257448217,0.2998287947569623,0.9345792800429378,47.61904761904761,0,Normal Day,0,0,0,0
2018-08-02,328.44000244140625,349.989990234375,323.1600036621094,349.5400085449219,349.5400085449219,23215000.0,TSLA,0.16188011168679006,4.5753529067467085,2.7053174993245817,96.82539682539682,1,Spike,1,1,1,1
2018-08-03,347.8099975585937,355.0,342.5299987792969,348.1700134277344,348.1700134277344,13656500.0,TSLA,-0.003919422909241682,-0.20856617391641016,1.5368874813459774,57.14285714285714,0,Normal Day,0,0,0,0
2018-08-06,345.4599914550781,354.9800109863281,341.82000732421875,341.989990234375,341.989990234375,8564300.0,TSLA,-0.01775001566768211,-0.5906432557092415,0.35457085066136795,68.25396825396825,0,Normal Day,0,0,0,0
2018-08-07,343.8399963378906,387.4599914550781,339.1499938964844,379.5700073242188,379.5700073242188,30875800.0,TSLA,0.10988630709363512,2.8669789760337547,2.7078595719615914,100.0,1,Range Shock,1,1,1,1
2018-08-08,369.0899963378906,382.6400146484375,367.1199951171875,370.3399963378906,370.3399963378906,24571200.0,TSLA,-0.02431701875339204,-0.7559300122153821,1.9412124845957932,69.84126984126983,0,Normal Day,0,0,0,0
2018-08-09,365.5499877929688,367.010009765625,345.7300109863281,352.45001220703125,352.45001220703125,17183800.0,TSLA,-0.04830691879830587,-1.3659056280483652,1.1761530544701022,88.88888888888889,0,Normal Day,0,0,0,0
2018-08-10,354.0,360.0,346.0,355.489990234375,355.489990234375,11552000.0,TSLA,0.008625274285869648,0.1418786748278649,0.417528807176642,63.49206349206349,0,Normal Day,0,0,0,0
2018-08-13,361.1300048828125,363.1900024414063,349.0199890136719,356.4100036621094,356.4100036621094,10463900.0,TSLA,0.002588015001850851,-0.03327105928432919,0.19384281715560792,65.07936507936508,0,Normal Day,0,0,0,0
2018-08-14,358.45001220703125,359.20001220703125,347.1000061035156,347.6400146484375,347.6400146484375,6986400.0,TSLA,-0.02460646144485374,-0.7649320242181903,-0.5300444617628749,47.61904761904761,0,Normal Day,0,0,0,0
2018-08-15,341.9100036621094,344.489990234375,332.1400146484375,338.69000244140625,338.69000244140625,9101300.0,TSLA,-0.02574505761680584,-0.7773000089699884,-0.07360751196975972,50.79365079365079,0,Normal Day,0,0,0,0
2018-08-16,339.9100036621094,342.2799987792969,333.82000732421875,335.45001220703125,335.45001220703125,6064000.0,TSLA,-0.00956624113797254,-0.3433522224702752,-0.8270830529977975,14.285714285714285,0,Normal Day,0,0,0,0
2018-08-17,323.5,326.7699890136719,303.5299987792969,305.5,305.5,18958600.0,TSLA,-0.08928308575689323,-2.347477419158144,1.1484858988649198,93.65079365079364,0,Normal Day,0,0,0,0
2018-08-20,291.70001220703125,308.5,288.20001220703125,308.44000244140625,308.44000244140625,17402300.0,TSLA,0.009623575912950082,0.19592112258454328,0.9046353774601538,88.88888888888889,0,Normal Day,0,0,0,0
2018-08-21,310.6099853515625,324.7900085449219,309.0,321.8999938964844,321.8999938964844,13172200.0,TSLA,0.04363892928458621,1.0370828540089427,0.3742895374712216,71.42857142857143,0,Normal Day,0,0,0,0
2018-08-22,320.8699951171875,323.8800048828125,314.6700134277344,321.6400146484375,321.6400146484375,5946000.0,TSLA,-0.0008076398042134737,-0.09724696378488418,-1.0165939759139373,20.634920634920633,0,Normal Day,0,0,0,0
2018-08-23,319.1400146484375,327.32000732421875,318.1000061035156,320.1000061035156,320.1000061035156,5147300.0,TSLA,-0.004787988044973671,-0.199281813406762,-1.2140875765763126,22.22222222222222,0,Normal Day,0,0,0,0
2018-08-24,320.70001220703125,323.8500061035156,319.3999938964844,322.82000732421875,322.82000732421875,3602600.0,TSLA,0.008497348231300928,0.13984181011368932,-1.7536133601688064,1.5873015873015872,0,Normal Day,0,0,0,0
2018-08-27,318.0,322.44000244140625,308.8099975585937,319.2699890136719,319.2699890136719,13079300.0,TSLA,-0.010996896815572756,-0.3490482132245098,0.3563245191007033,66.66666666666666,0,Normal Day,0,0,0,0
2018-08-28,318.4100036621094,318.8800048828125,311.19000244140625,311.8599853515625,311.8599853515625,7649100.0,TSLA,-0.02320920824723072,-0.6418214490276515,-0.5798071565810821,11.11111111111111,0,Normal Day,0,0,0,0
2018-08-29,310.2699890136719,311.8500061035156,303.69000244140625,305.010009765625,305.010009765625,7447400.0,TSLA,-0.02196490703421108,-0.61100166738693,-0.6800172286822693,15.873015873015872,0,Normal Day,0,0,0,0
2018-08-30,302.260009765625,304.6000061035156,297.7200012207031,303.1499938964844,303.1499938964844,7216700.0,TSLA,-0.006098212549056648,-0.19116582327017423,-0.6986365016869708,7.936507936507936,0,Normal Day,0,0,0,0
2018-08-31,302.0,305.3099975585937,298.6000061035156,301.6600036621094,301.6600036621094,5375100.0,TSLA,-0.004915026436991392,-0.1519524984384645,-1.1161511679325966,6.349206349206349,0,Normal Day,0,0,0,0
2018-09-04,296.94000244140625,298.19000244140625,288.0,288.95001220703125,288.95001220703125,8350500.0,TSLA,-0.04213349897494081,-1.093816217018788,-0.2827285325397119,49.2063492063492,0,Normal Day,0,0,0,0
2018-09-05,285.04998779296875,286.7799987792969,277.17999267578125,280.739990234375,280.739990234375,7720800.0,TSLA,-0.028413295123081047,-0.7260896552506837,-0.4145378556639461,46.03174603174603,0,Normal Day,0,0,0,0
2018-09-06,284.79998779296875,291.1700134277344,278.8800048828125,280.95001220703125,280.95001220703125,7480800.0,TSLA,0.0007481013748020499,0.05259376835578754,-0.3965643757500925,71.42857142857143,0,Normal Day,0,0,0,0
2018-09-07,260.1000061035156,268.3500061035156,252.25,263.239990234375,263.239990234375,22491900.0,TSLA,-0.06303620289436324,-1.5988142877076663,1.9006258408380599,88.88888888888889,0,Normal Day,0,0,0,0
2018-09-10,273.260009765625,286.0299987792969,271.0,285.5,285.5,14283500.0,TSLA,0.08456165701041798,2.205787313468797,0.9945246902158728,80.95238095238095,0,Normal Day,0,0,0,0
2018-09-11,279.4700012207031,282.0,273.54998779296875,279.44000244140625,279.44000244140625,9170000.0,TSLA,-0.02122591088824431,-0.4807088965677899,0.07306636963990852,25.396825396825395,0,Normal Day,0,0,0,0
2018-09-12,281.44000244140625,292.5,278.6499938964844,290.5400085449219,290.5400085449219,10015400.0,TSLA,0.03972232324125858,1.061705648723944,0.26752497936356956,69.84126984126983,0,Normal Day,0,0,0,0
2018-09-13,288.0199890136719,295.0,285.17999267578125,289.4599914550781,289.4599914550781,6340300.0,TSLA,-0.0037172749297168244,-0.027882288459506667,-0.7024004479716206,41.269841269841265,0,Normal Day,0,0,0,0
2018-09-14,288.760009765625,297.3299865722656,286.5199890136719,295.20001220703125,295.20001220703125,6765600.0,TSLA,0.019830100605955178,0.5676661690812598,-0.5294187892315071,53.96825396825397,0,Normal Day,0,0,0,0
2018-09-17,290.0400085449219,300.8699951171875,288.1300048828125,294.8399963378906,294.8399963378906,6887600.0,TSLA,-0.0012195659019422287,0.04380237790491235,-0.5087162290483542,68.25396825396825,0,Normal Day,0,0,0,0
2018-09-18,296.69000244140625,302.6400146484375,275.5,284.9599914550781,284.9599914550781,16547500.0,TSLA,-0.03350971715346883,-0.8012175201910691,1.4146387862243155,96.82539682539682,1,Normal Day,0,0,0,0
2018-09-19,280.510009765625,300.0,280.5,299.0199890136719,299.0199890136719,8294900.0,TSLA,0.049340251193859985,1.3290464339489745,-0.022879720682179056,88.88888888888889,0,Normal Day,0,0,0,0
2018-09-20,303.5599975585937,305.9800109863281,293.3299865722656,298.3299865722656,298.3299865722656,7349400.0,TSLA,-0.00230754620680125,-0.015482250423115459,-0.24796451973376063,65.07936507936508,0,Normal Day,0,0,0,0
2018-09-21,297.70001220703125,300.5799865722656,295.3699951171875,299.1000061035156,299.1000061035156,5050500.0,TSLA,0.0025811000097486856,0.09455525876738746,-1.111732428936397,3.1746031746031744,0,Normal Day,0,0,0,0
2018-09-24,298.4800109863281,303.0,293.5799865722656,299.67999267578125,299.67999267578125,4843000.0,TSLA,0.001939105852324514,0.07619175597276423,-1.194303324740894,30.158730158730158,0,Normal Day,0,0,0,0
2018-09-25,300.0,304.6000061035156,296.5,300.989990234375,300.989990234375,4481700.0,TSLA,0.004371321378170929,0.14979573941627622,-1.4633808653164093,17.46031746031746,0,Normal Day,0,0,0,0
2018-09-26,301.9100036621094,313.8900146484375,301.1099853515625,309.5799865722656,309.5799865722656,7843200.0,TSLA,0.02853914288379412,0.7719648452375333,-0.03395553363871514,61.9047619047619,0,Normal Day,0,0,0,0
2018-09-27,312.8999938964844,314.9599914550781,306.9100036621094,307.5199890136719,307.5199890136719,8509100.0,TSLA,-0.006654169028826682,-0.13873920025741948,0.16015933302703797,14.285714285714285,0,Normal Day,0,0,0,0
2018-09-28,270.260009765625,278.0,260.5599975585937,264.7699890136719,264.7699890136719,33649700.0,TSLA,-0.13901535356161646,-3.239782069135897,2.7175143385701617,90.47619047619047,1,Crash,0,1,1,0
2018-10-01,305.7699890136719,311.44000244140625,301.04998779296875,310.70001220703125,310.70001220703125,21777600.0,TSLA,0.1734714095221256,3.6648039993633827,1.6265389982684264,41.269841269841265,1,Spike,1,1,1,1
2018-10-02,313.95001220703125,316.8399963378906,299.1499938964844,301.0199890136719,301.0199890136719,11743500.0,TSLA,-0.031155528847901064,-0.6793566182601951,0.4225264046699276,84.12698412698413,0,Normal Day,0,0,0,0
2018-10-03,303.3299865722656,304.6000061035156,291.57000732421875,294.79998779296875,294.79998779296875,7995000.0,TSLA,-0.020663083674554987,-0.44852132568952396,-0.29980715276073006,74.6031746031746,0,Normal Day,0,0,0,0
2018-10-04,293.95001220703125,294.0,277.6700134277344,281.8299865722656,281.8299865722656,9814200.0,TSLA,-0.0439959354062513,-0.9268212751415408,0.0658570586368962,84.12698412698413,0,Normal Day,0,0,0,0
2018-10-05,274.6499938964844,274.8800048828125,260.0,261.95001220703125,261.95001220703125,17944500.0,TSLA,-0.07053888980027623,-1.4372153516780075,1.0993525003914877,82.53968253968253,0,Normal Day,0,0,0,0
2018-10-08,264.5199890136719,267.760009765625,249.0,250.55999755859372,250.55999755859372,13472700.0,TSLA,-0.04348163434875304,-0.8467475851215823,0.6497058287439156,93.65079365079364,0,Normal Day,0,0,0,0
2018-10-09,255.25,266.7699890136719,253.3000030517578,262.79998779296875,262.79998779296875,12060600.0,TSLA,0.04885053621343804,1.0506081752577927,0.45476009287650443,77.77777777777777,0,Normal Day,0,0,0,0
2018-10-10,264.6099853515625,265.510009765625,247.7700042724609,256.8800048828125,256.8800048828125,12815300.0,TSLA,-0.022526572241776337,-0.419847014205067,0.5385651081890378,92.06349206349206,0,Normal Day,0,0,0,0
2018-10-11,257.5299987792969,262.25,249.02999877929688,252.22999572753903,252.22999572753903,8167700.0,TSLA,-0.01810187273001174,-0.32011871959439553,-0.31927919193213855,76.19047619047619,0,Normal Day,0,0,0,0
2018-10-12,261.0,261.989990234375,252.00999450683597,258.7799987792969,258.7799987792969,7201400.0,TSLA,0.025968374748074015,0.5717156510445429,-0.5807409132118699,47.61904761904761,0,Normal Day,0,0,0,0
2018-10-15,259.0599975585937,263.2799987792969,254.5399932861328,259.5899963378906,259.5899963378906,6200000.0,TSLA,0.003130062456196874,0.11352603052481158,-0.8603140772962973,31.746031746031743,0,Normal Day,0,0,0,0
2018-10-16,265.70001220703125,277.3800048828125,262.239990234375,276.5899963378906,276.5899963378906,9526400.0,TSLA,0.06548788566517894,1.3663506453272025,-0.05470233126428888,77.77777777777777,0,Normal Day,0,0,0,0
2018-10-17,282.3999938964844,282.70001220703125,265.79998779296875,271.7799987792969,271.7799987792969,8655500.0,TSLA,-0.01739035258787058,-0.3255541872474029,-0.18789539414925518,85.71428571428571,0,Normal Day,0,0,0,0
2018-10-18,269.2900085449219,271.0,263.0,263.9100036621094,263.9100036621094,5421200.0,TSLA,-0.028957226994391336,-0.5584882838317322,-1.063420492818665,22.22222222222222,0,Normal Day,0,0,0,0
2018-10-19,267.3900146484375,269.6600036621094,253.5,260.0,260.0,9375500.0,TSLA,-0.014815670523484405,-0.27663875950279687,-0.00836521478857026,84.12698412698413,0,Normal Day,0,0,0,0
2018-10-22,260.67999267578125,261.8599853515625,252.58999633789065,260.95001220703125,260.95001220703125,5600300.0,TSLA,0.003653893103966346,0.09397933681313293,-1.050116593623694,39.682539682539684,0,Normal Day,0,0,0,0
2018-10-23,263.8699951171875,297.92999267578125,262.1000061035156,294.1400146484375,294.1400146484375,19027800.0,TSLA,0.1271891200950553,2.474394756745321,1.2748605646828666,98.4126984126984,1,Range Shock,0,0,0,0
2018-10-24,301.04998779296875,304.44000244140625,285.7300109863281,288.5,288.5,20058300.0,TSLA,-0.019174591580742823,-0.3795979401552916,1.276227982342192,84.12698412698413,0,Normal Day,0,0,0,0
2018-10-25,317.2200012207031,321.0,301.010009765625,314.8599853515625,314.8599853515625,20840700.0,TSLA,0.09136910000541594,1.702431814379581,1.2232166340169797,82.53968253968253,0,Normal Day,0,0,0,0
2018-10-26,308.25,339.8999938964844,306.6499938964844,330.8999938964844,330.8999938964844,27425500.0,TSLA,0.050943305885668894,0.9035213618474414,1.5674936328672635,96.82539682539682,1,Normal Day,0,0,0,0
2018-10-29,337.4700012207031,347.1600036621094,326.5,334.8500061035156,334.8500061035156,14486000.0,TSLA,0.011937178240828057,0.16706399206069805,0.47987032795009615,76.19047619047619,0,Normal Day,0,0,0,0
2018-10-30,328.3900146484375,337.8999938964844,322.260009765625,329.8999938964844,329.8999938964844,9126700.0,TSLA,-0.014782774725412434,-0.3340850457735744,-0.426778916850705,57.14285714285714,0,Normal Day,0,0,0,0
2018-10-31,332.5400085449219,342.0,329.1000061035156,337.32000732421875,337.32000732421875,7624300.0,TSLA,0.022491705259208395,0.45151219584049374,-0.7667340546223032,39.682539682539684,0,Normal Day,0,0,0,0
2018-11-01,338.260009765625,347.8399963378906,334.7300109863281,344.2799987792969,344.2799987792969,8000100.0,TSLA,0.02063320082994204,0.40469106701190977,-0.6622011710477591,38.095238095238095,0,Normal Day,0,0,0,0
2018-11-02,343.739990234375,349.20001220703125,340.9100036621094,346.4100036621094,346.4100036621094,7808000.0,TSLA,0.0061868388822028395,0.09982500364280689,-0.6836919287747882,7.936507936507936,0,Normal Day,0,0,0,0
2018-11-05,340.5,343.9599914550781,330.1400146484375,341.3999938964844,341.3999938964844,7831000.0,TSLA,-0.014462659024454146,-0.2969868677395082,-0.6064948607208787,47.61904761904761,0,Normal Day,0,0,0,0
2018-11-06,339.07000732421875,348.79998779296875,336.0899963378906,341.0599975585937,341.0599975585937,6762900.0,TSLA,-0.0009958885294935648,-0.01574788899318932,-0.8484556825989225,39.682539682539684,0,Normal Day,0,0,0,0
2018-11-07,343.3399963378906,351.17999267578125,340.79998779296875,348.1600036621094,348.1600036621094,7374500.0,TSLA,0.020817469519555456,0.43326358777046003,-0.6055393215681524,20.634920634920633,0,Normal Day,0,0,0,0
2018-11-08,348.5,357.5799865722656,348.44000244140625,351.3999938964844,351.3999938964844,7090700.0,TSLA,0.009306038029340737,0.1834533479166929,-0.6287731947383233,12.698412698412698,0,Normal Day,0,0,0,0
2018-11-09,349.0,354.0,345.2300109863281,350.510009765625,350.510009765625,5098800.0,TSLA,-0.0025326811221332776,-0.07143552271407674,-1.244018278980582,11.11111111111111,0,Normal Day,0,0,0,0
2018-11-12,348.3699951171875,349.7799987792969,330.3399963378906,331.2799987792969,331.2799987792969,6941500.0,TSLA,-0.05486294385483207,-1.1845777707581824,-0.5969797476654657,74.6031746031746,0,Normal Day,0,0,0,0
2018-11-13,333.1600036621094,344.70001220703125,332.20001220703125,338.7300109863281,338.7300109863281,5448600.0,TSLA,0.022488566271682907,0.46094783142946016,-1.0734068720169667,41.269841269841265,0,Normal Day,0,0,0,0
2018-11-14,342.70001220703125,347.1099853515625,337.1499938964844,344.0,344.0,5040300.0,TSLA,0.01555808119371089,0.30327798694409885,-1.1311181451405536,22.22222222222222,0,Normal Day,0,0,0,0
2018-11-15,342.3299865722656,348.5799865722656,339.0400085449219,348.44000244140625,348.44000244140625,4625700.0,TSLA,0.012906983841297239,0.21826798054951857,-1.1947178317850575,19.047619047619047,0,Normal Day,0,0,0,0
2018-11-16,345.19000244140625,355.70001220703125,345.1199951171875,354.3099975585937,354.3099975585937,7206200.0,TSLA,0.016846501768046977,0.30294985664659707,-0.38250447407971183,26.984126984126984,0,Normal Day,0,0,0,0
2018-11-19,356.3399963378906,366.75,352.8800048828125,353.4700012207031,353.4700012207031,9708900.0,TSLA,-0.002370794907506539,-0.10766160994420615,0.19218022343322197,52.38095238095238,0,Normal Day,0,0,0,0
2018-11-20,341.75,349.79998779296875,333.54998779296875,347.489990234375,347.489990234375,8004700.0,TSLA,-0.016918015576077885,-0.42600867868574016,-0.21900055866874663,63.49206349206349,0,Normal Day,0,0,0,0
2018-11-21,352.0,353.1000061035156,337.3999938964844,338.19000244140625,338.19000244140625,4686800.0,TSLA,-0.026763325719673523,-0.635660472358424,-1.17315751190009,61.9047619047619,0,Normal Day,0,0,0,0
2018-11-23,334.3500061035156,337.5,325.54998779296875,325.8299865722656,325.8299865722656,4202600.0,TSLA,-0.03654754954289958,-0.8325288627334784,-1.2986118867372274,39.682539682539684,0,Normal Day,0,0,0,0
2018-11-26,325.0,346.2200012207031,325.0,346.0,346.0,7992100.0,TSLA,0.061903490344529355,1.2994994885477507,0.17892081478688188,80.95238095238095,0,Normal Day,0,0,0,0
2018-11-27,340.04998779296875,346.9599914550781,335.5,343.9200134277344,343.9200134277344,6358300.0,TSLA,-0.006011521885160766,-0.18735240699556377,-0.29349161687972597,26.984126984126984,0,Normal Day,0,0,0,0
2018-11-28,345.989990234375,348.2799987792969,342.2099914550781,347.8699951171875,347.8699951171875,4127600.0,TSLA,0.011485175433918469,0.18369949956074183,-1.783429550933814,3.1746031746031744,0,Normal Day,0,0,0,0
2018-11-29,347.0,347.5,339.54998779296875,341.1700134277344,341.1700134277344,3080700.0,TSLA,-0.019260016050525117,-0.48408048533796966,-2.3895109252503155,6.349206349206349,0,Normal Day,1,0,1,0
2018-11-30,341.8299865722656,351.6000061035156,338.260009765625,350.4800109863281,350.4800109863281,5629100.0,TSLA,0.02728844034402738,0.5212020168792499,-0.2791586837749824,42.857142857142854,0,Normal Day,0,0,0,0
2018-12-03,360.0,366.0,352.0,358.489990234375,358.489990234375,8306500.0,TSLA,0.022854311221644354,0.4047116964436128,1.0555024436810208,47.61904761904761,0,Normal Day,0,0,0,0
2018-12-04,356.04998779296875,368.6799926757813,352.0,359.70001220703125,359.70001220703125,8461900.0,TSLA,0.003375329871456542,-0.034360309689632086,1.0914917617054762,58.73015873015873,0,Normal Day,0,0,0,0
2018-12-06,356.010009765625,367.3800048828125,350.760009765625,363.05999755859375,363.05999755859375,7842500.0,TSLA,0.009341076556952144,0.09422539523156144,0.832935896827733,57.14285714285714,0,Normal Day,0,0,0,0
2018-12-07,369.0,379.489990234375,357.6499938964844,357.9700012207031,357.9700012207031,11511200.0,TSLA,-0.014019711265681804,-0.4458451512070709,1.8597996123882146,79.36507936507937,0,Normal Day,0,0,0,0
2018-12-10,360.0,365.9800109863281,353.1199951171875,365.1499938964844,365.1499938964844,6613500.0,TSLA,0.020057526192968588,0.35060733988739423,0.1695535503835448,31.746031746031743,0,Normal Day,0,0,0,0
2018-12-11,369.9100036621094,372.1700134277344,360.2300109863281,366.760009765625,366.760009765625,6308800.0,TSLA,0.004409190458858518,-0.018958129078284112,0.04084480930410388,23.809523809523807,0,Normal Day,0,0,0,0
2018-12-12,369.4200134277344,371.9100036621094,365.1600036621094,366.6000061035156,366.6000061035156,5027000.0,TSLA,-0.00043626256366288143,-0.116686111373823,-0.6623494061282009,4.761904761904762,0,Normal Day,0,0,0,0
2018-12-13,370.1499938964844,377.4400024414063,366.75,376.7900085449219,376.7900085449219,7365900.0,TSLA,0.027795969099162897,0.5256950940234121,0.5131195198869782,17.46031746031746,0,Normal Day,0,0,0,0
2018-12-14,375.0,377.8699951171875,364.3299865722656,365.7099914550781,365.7099914550781,6337600.0,TSLA,-0.029406345281373782,-0.7776269385715932,0.025922227747808866,39.682539682539684,0,Normal Day,0,0,0,0
2018-12-17,362.0,365.7000122070313,343.8800048828125,348.4200134277344,348.4200134277344,7674000.0,TSLA,-0.04727783881033931,-1.160076895535382,0.5605964481561656,85.71428571428571,0,Normal Day,0,0,0,0
2018-12-18,350.5400085449219,351.54998779296875,333.69000244140625,337.0299987792969,337.0299987792969,7100000.0,TSLA,-0.032690471871530125,-0.8278460291010827,0.26111289629099405,69.84126984126983,0,Normal Day,0,0,0,0
2018-12-19,337.6000061035156,347.010009765625,329.739990234375,332.9700012207031,332.9700012207031,8274200.0,TSLA,-0.01204639816425489,-0.33731939422974894,0.7220200620525732,68.25396825396825,0,Normal Day,0,0,0,0
2018-12-20,327.04998779296875,330.2900085449219,311.8699951171875,315.3800048828125,315.3800048828125,9071900.0,TSLA,-0.052827570872462516,-1.2410336308317396,1.0363602729371428,76.19047619047619,0,Normal Day,0,0,0,0
2018-12-21,317.3999938964844,323.4700012207031,312.44000244140625,319.7699890136719,319.7699890136719,8016800.0,TSLA,0.013919665365249093,0.27060447852005987,0.6396300001243431,31.746031746031743,0,Normal Day,0,0,0,0
2018-12-24,313.5,314.5,295.20001220703125,295.3900146484375,295.3900146484375,5559900.0,TSLA,-0.07624222160570547,-1.7054938314343997,-0.5725479169355352,92.06349206349206,0,Normal Day,0,0,0,0
2018-12-26,300.0,326.9700012207031,294.0899963378906,326.0899963378906,326.0899963378906,8163100.0,TSLA,0.10393032996051384,2.1624341128801285,0.6145756787676957,98.4126984126984,1,Range Shock,0,0,0,0
2018-12-27,319.8399963378906,322.1700134277344,301.5,316.1300048828125,316.1300048828125,8575100.0,TSLA,-0.030543689064161595,-0.6790600043276834,0.7670089527622004,90.47619047619047,0,Normal Day,0,0,0,0
2018-12-28,323.1000061035156,336.239990234375,318.4100036621094,333.8699951171875,333.8699951171875,9939000.0,TSLA,0.05611612298855057,1.13029458142284,1.1589954330989425,65.07936507936508,0,Normal Day,0,0,0,0
2018-12-31,337.7900085449219,339.2099914550781,325.260009765625,332.79998779296875,332.79998779296875,6302300.0,TSLA,-0.0032048621914742,-0.1764416209144388,-0.4515135583027203,49.2063492063492,0,Normal Day,0,0,0,0
2018-04-04,273.6300048828125,290.3099975585937,271.2200012207031,288.94000244140625,288.94000244140625,12914000.0,NFLX,0.0185778854451051,0.40772915510180174,0.3016597317143668,92.06349206349206,0,Normal Day,0,0,0,0
2018-04-05,293.1499938964844,299.1600036621094,289.1099853515625,293.9700012207031,293.9700012207031,10655200.0,NFLX,0.017408454131638978,0.37058669185392934,-0.11245328345137683,57.14285714285714,0,Normal Day,0,0,0,0
2018-04-06,289.1000061035156,298.8500061035156,285.6499938964844,288.8500061035156,288.8500061035156,11444800.0,NFLX,-0.01741672652286576,-0.7648139944557991,0.12439884715104249,73.01587301587301,0,Normal Day,0,0,0,0
2018-04-09,291.7699890136719,299.54998779296875,289.1199951171875,289.92999267578125,289.92999267578125,9853600.0,NFLX,0.003738918294772646,-0.06074128079960285,-0.2546058320029265,57.14285714285714,0,Normal Day,0,0,0,0
2018-04-10,297.67999267578125,298.95001220703125,291.69000244140625,298.07000732421875,298.07000732421875,10660500.0,NFLX,0.028075793653884573,0.7279057398399178,-0.007420807010765303,25.396825396825395,0,Normal Day,0,0,0,0
2018-04-11,302.8800048828125,311.6400146484375,301.82000732421875,303.6700134277344,303.6700134277344,14877400.0,NFLX,0.01878755314493735,0.4076000176788309,0.987018689045694,49.2063492063492,0,Normal Day,0,0,0,0
2018-04-12,309.7200012207031,311.1300048828125,306.75,309.25,309.25,10249400.0,NFLX,0.018375164901138708,0.39225477689282984,-0.046426751203267155,1.5873015873015872,0,Normal Day,0,0,0,0
2018-04-13,317.2900085449219,317.489990234375,308.2300109863281,311.6499938964844,311.6499938964844,12046600.0,NFLX,0.0077606916620351655,0.05147422973734261,0.39842184672921527,41.269841269841265,0,Normal Day,0,0,0,0
2018-04-16,315.989990234375,316.1000061035156,304.0,307.7799987792969,307.7799987792969,20307900.0,NFLX,-0.01241776092725653,-0.5953067130970187,1.7313580207256776,61.9047619047619,0,Normal Day,0,0,0,0
2018-04-17,329.6600036621094,338.6199951171875,323.7699890136719,336.0599975585937,336.0599975585937,33866500.0,NFLX,0.09188380951153315,2.6221514352299353,2.537325858401476,68.25396825396825,1,Normal Day,0,1,1,0
2018-04-18,336.29998779296875,338.82000732421875,331.1000061035156,334.5199890136719,334.5199890136719,11221100.0,NFLX,-0.004582540487144145,-0.3710114923861589,-0.17641257805940555,19.047619047619047,0,Normal Day,0,0,0,0
2018-04-19,332.8800048828125,335.3099975585937,326.7699890136719,332.70001220703125,332.70001220703125,8438800.0,NFLX,-0.005440562197813065,-0.3881855955636311,-0.9712375363291047,23.809523809523807,0,Normal Day,0,0,0,0
2018-04-20,332.2200012207031,336.510009765625,326.0,327.7699890136719,327.7699890136719,9158700.0,NFLX,-0.014818223662377084,-0.6693825246292993,-0.9350565231589564,44.44444444444444,0,Normal Day,0,0,0,0
2018-04-23,329.1499938964844,331.2200012207031,317.0799865722656,318.69000244140625,318.69000244140625,8968000.0,NFLX,-0.027702312220802137,-1.034572763490185,-1.0308101702399708,68.25396825396825,0,Normal Day,0,0,0,0
2018-04-24,319.2200012207031,320.25,302.3099975585937,307.0199890136719,307.0199890136719,13893200.0,NFLX,-0.03661869948330118,-1.318633185285491,0.2321472174071693,80.95238095238095,0,Normal Day,0,0,0,0
2018-04-25,306.3699951171875,309.9800109863281,292.6199951171875,305.760009765625,305.760009765625,14919700.0,NFLX,-0.004103899723580431,-0.23364777945004656,0.41657184529154173,79.36507936507937,0,Normal Day,0,0,0,0
2018-04-26,310.0,316.6300048828125,305.5799865722656,313.9800109863281,313.9800109863281,9266700.0,NFLX,0.026883833588977262,0.7987031681860441,-0.9706679867294284,52.38095238095238,0,Normal Day,0,0,0,0
2018-04-27,316.25,317.45001220703125,306.5,311.760009765625,311.760009765625,7074400.0,NFLX,-0.007070517685916612,-0.31717009685165864,-1.5789734237980197,50.79365079365079,0,Normal Day,0,0,0,0
2018-04-30,311.07000732421875,317.8800048828125,310.1199951171875,312.4599914550781,312.4599914550781,6088800.0,NFLX,0.0022452581072837322,0.011079379571276004,-1.7716387075927913,20.634920634920633,0,Normal Day,0,0,0,0
2018-05-01,310.3599853515625,313.4800109863281,306.69000244140625,313.29998779296875,313.29998779296875,6036600.0,NFLX,0.002688332461314139,0.013748643771262378,-1.5824069051158016,12.698412698412698,0,Normal Day,0,0,0,0
2018-05-02,311.6499938964844,317.1000061035156,310.3999938964844,313.3599853515625,313.3599853515625,5697100.0,NFLX,0.00019150194998857417,-0.08797597066895464,-1.533324072438814,12.698412698412698,0,Normal Day,0,0,0,0
2018-05-03,312.5899963378906,312.5899963378906,305.7300109863281,311.69000244140625,311.69000244140625,6135800.0,NFLX,-0.005329279385441237,-0.28519301241577677,-1.22418643141663,15.873015873015872,0,Normal Day,0,0,0,0
2018-05-04,308.7099914550781,320.9800109863281,307.6700134277344,320.0899963378906,320.0899963378906,8209500.0,NFLX,0.026949834228524757,0.8073372676410879,-0.5140384139221439,68.25396825396825,0,Normal Day,0,0,0,0
2018-05-07,321.989990234375,329.0199890136719,319.3399963378906,326.260009765625,326.260009765625,7117800.0,NFLX,0.019275870843589997,0.5212838165171638,-0.7801860608327095,39.682539682539684,0,Normal Day,0,0,0,0
2018-05-08,325.8999938964844,327.3500061035156,323.04998779296875,326.8900146484375,326.8900146484375,4735700.0,NFLX,0.00193099020399428,-0.06219757016486941,-1.52622805281126,1.5873015873015872,0,Normal Day,0,0,0,0
2018-05-09,328.7900085449219,331.95001220703125,327.510009765625,330.29998779296875,330.29998779296875,5633400.0,NFLX,0.010431561050277403,0.231736574747378,-1.0594298788590344,3.1746031746031744,0,Normal Day,0,0,0,0
2018-05-10,331.5,332.0599975585937,327.3399963378906,329.6000061035156,329.6000061035156,5302300.0,NFLX,-0.002119230140244122,-0.2533004815827997,-1.0757323045879434,6.349206349206349,0,Normal Day,0,0,0,0
2018-05-11,329.6499938964844,331.260009765625,324.8699951171875,326.4599914550781,326.4599914550781,4589700.0,NFLX,-0.009526743295785418,-0.5215225508687003,-1.2430829484617651,15.873015873015872,0,Normal Day,0,0,0,0
2018-05-14,327.25,330.5,327.0400085449219,328.5299987792969,328.5299987792969,4089800.0,NFLX,0.006340768787600698,0.07961773301292166,-1.3206377112505718,1.5873015873015872,0,Normal Day,0,0,0,0
2018-05-15,325.94000244140625,326.94000244140625,322.42999267578125,326.1300048828125,326.1300048828125,4746100.0,NFLX,-0.007305250374096481,-0.422043718434821,-0.9618627201530991,6.349206349206349,0,Normal Day,0,0,0,0
2018-05-16,326.2799987792969,329.7200012207031,325.1400146484375,328.19000244140625,328.19000244140625,3671700.0,NFLX,0.006316491974830601,0.09829613272611304,-1.630160224543691,7.936507936507936,0,Normal Day,0,0,0,0
2018-05-17,327.5299987792969,330.45001220703125,323.1700134277344,325.2200012207031,325.2200012207031,4935700.0,NFLX,-0.009049639533834909,-0.45161797448845037,-0.7791440781735148,28.57142857142857,0,Normal Day,0,0,0,0
2018-05-18,324.8999938964844,326.4200134277344,322.79998779296875,324.17999267578125,324.17999267578125,3577700.0,NFLX,-0.0031978615737600254,-0.22855089985784066,-1.4613473758713342,3.1746031746031744,0,Normal Day,0,0,0,0
2018-05-21,327.1099853515625,331.8800048828125,325.45001220703125,331.82000732421875,331.82000732421875,6657300.0,NFLX,0.02356719976879766,0.7831201098440164,0.17003783257573712,22.22222222222222,0,Normal Day,0,0,0,0
2018-05-22,334.04998779296875,336.6300048828125,331.1499938964844,331.6199951171875,331.6199951171875,5964400.0,NFLX,-0.0006027731981689086,-0.13654953634120903,-0.06849783509095464,17.46031746031746,0,Normal Day,0,0,0,0
2018-05-23,329.0400085449219,345.0,328.0899963378906,344.7200012207031,344.7200012207031,10049100.0,NFLX,0.039503064641462166,1.3513737519068851,1.4927695109951533,84.12698412698413,0,Normal Day,0,0,0,0
2018-05-24,344.3399963378906,354.0,341.1199951171875,349.2900085449219,349.2900085449219,14758600.0,NFLX,0.013257157426420562,0.3702456954589489,2.6267863832567295,68.25396825396825,1,Normal Day,0,1,1,0
2018-05-25,349.8999938964844,354.3599853515625,348.8299865722656,351.2900085449219,351.2900085449219,7817400.0,NFLX,0.005725900973611107,0.09855243790278757,0.8093433889042897,15.873015873015872,0,Normal Day,0,0,0,0
2018-05-29,351.5,356.1000061035156,346.7099914550781,349.7300109863281,349.7300109863281,9717900.0,NFLX,-0.004440768369858895,-0.2961760368624977,1.3574079901681526,42.857142857142854,0,Normal Day,0,0,0,0
2018-05-30,352.3699951171875,354.0,349.260009765625,353.5400085449219,353.5400085449219,5685500.0,NFLX,0.010894110996790302,0.28729340285054183,-0.1761514723631465,6.349206349206349,0,Normal Day,0,0,0,0
2018-05-31,353.79998779296875,355.5299987792969,350.2099914550781,351.6000061035156,351.6000061035156,6921700.0,NFLX,-0.00548736322486044,-0.3397433218163621,0.3696665536038348,15.873015873015872,0,Normal Day,0,0,0,0
2018-06-01,353.8800048828125,359.989990234375,352.82000732421875,359.92999267578125,359.92999267578125,7112300.0,NFLX,0.023691656506436943,0.7937664501917273,0.4157291883513009,30.158730158730158,0,Normal Day,0,0,0,0
2018-06-04,362.6799926757813,363.0,355.510009765625,361.80999755859375,361.80999755859375,7682000.0,NFLX,0.005223251524098399,0.10728215228930943,0.5994692281121508,31.746031746031743,0,Normal Day,0,0,0,0
2018-06-05,363.3200073242188,369.8299865722656,361.4100036621094,365.7999877929688,365.7999877929688,8358000.0,NFLX,0.011027860648678988,0.35423312521653094,0.833897201279323,41.269841269841265,0,Normal Day,0,0,0,0
2018-06-06,367.7799987792969,369.6799926757813,363.3299865722656,367.4500122070313,367.4500122070313,7712300.0,NFLX,0.004510728455782129,0.08295966532684815,0.5928902904536774,23.809523809523807,0,Normal Day,0,0,0,0
2018-06-07,368.5400085449219,368.7000122070313,357.79998779296875,361.3999938964844,361.3999938964844,8278000.0,NFLX,-0.016464874430697222,-0.7550616952229164,0.7186159150219378,58.73015873015873,0,Normal Day,0,0,0,0
2018-06-08,358.0599975585937,362.3900146484375,356.25,360.5700073242188,360.5700073242188,5225700.0,NFLX,-0.002296587123084736,-0.16112950997811157,-0.5629392925167226,23.809523809523807,0,Normal Day,0,0,0,0
2018-06-11,361.8800048828125,365.6700134277344,360.9100036621094,361.4500122070313,361.4500122070313,4432400.0,NFLX,0.002440593684824189,0.012032820366492834,-0.9815026934196173,6.349206349206349,0,Normal Day,0,0,0,0
2018-06-12,363.6000061035156,365.9800109863281,362.0,363.8299865722656,363.8299865722656,4291000.0,NFLX,0.006584518702052545,0.1700131305516575,-1.0523602025838747,3.1746031746031744,0,Normal Day,0,0,0,0
2018-06-13,367.5299987792969,384.25,364.1099853515625,379.9299926757813,379.9299926757813,18222800.0,NFLX,0.0442514545191778,1.6942897262458807,2.3551662113633562,87.30158730158729,0,Normal Day,0,0,0,0
2018-06-14,384.2699890136719,395.0299987792969,383.25,392.8699951171875,392.8699951171875,14598300.0,NFLX,0.034058912670389595,1.2376436762015277,1.6103111462176558,60.317460317460316,0,Normal Day,0,0,0,0
2018-06-15,390.7099914550781,398.8599853515625,387.510009765625,391.9800109863281,391.9800109863281,13588100.0,NFLX,-0.002265340041032926,-0.23789254648626001,1.3272903337874271,53.96825396825397,0,Normal Day,0,0,0,0
2018-06-18,387.7200012207031,393.1600036621094,386.5,390.3999938964844,390.3999938964844,6824800.0,NFLX,-0.004030861384660912,-0.3182844215020529,-0.2928021268527478,26.984126984126984,0,Normal Day,0,0,0,0
2018-06-19,389.5,405.2900085449219,388.5,404.9800109863281,404.9800109863281,16697100.0,NFLX,0.03734635583449748,1.3329178535006032,1.6615005743584825,76.19047619047619,0,Normal Day,0,0,0,0
2018-06-20,415.1499938964844,419.4700012207031,409.6000061035156,416.760009765625,416.760009765625,16494600.0,NFLX,0.029087852387101053,0.9735510971212473,1.4529312325010917,44.44444444444444,0,Normal Day,0,0,0,0
2018-06-21,421.3800048828125,423.2099914550781,406.3699951171875,415.4400024414063,415.4400024414063,18389900.0,NFLX,-0.003167308026893058,-0.33613014112571066,1.5095644076470962,74.6031746031746,0,Normal Day,0,0,0,0
2018-06-22,419.9800109863281,420.5,409.6499938964844,411.0899963378906,411.0899963378906,10428600.0,NFLX,-0.010470840742230179,-0.640313745665002,0.27573282513658603,50.79365079365079,0,Normal Day,0,0,0,0
2018-06-25,404.6900024414063,405.989990234375,378.75,384.4800109863281,384.4800109863281,22490900.0,NFLX,-0.06473031596149748,-2.725156404611941,1.781707972453722,98.4126984126984,1,Range Shock,0,0,0,0
2018-06-26,393.2799987792969,404.7799987792969,389.0499877929688,399.3900146484375,399.3900146484375,15191200.0,NFLX,0.03877965885368112,1.420871943468869,0.9024303776282977,74.6031746031746,0,Normal Day,0,0,0,0
2018-06-27,407.55999755859375,411.5899963378906,390.0,390.3900146484375,390.3900146484375,16541400.0,NFLX,-0.022534364079988923,-1.1988737266760674,0.9950143544090254,90.47619047619047,0,Normal Day,0,0,0,0
2018-06-28,395.0,396.8999938964844,387.1000061035156,395.4200134277344,395.4200134277344,12219900.0,NFLX,0.012884547735747286,0.3488669074886384,0.34495101381139787,47.61904761904761,0,Normal Day,0,0,0,0
2018-06-29,399.1900024414063,401.3299865722656,390.5499877929688,391.4299926757813,391.4299926757813,9252500.0,NFLX,-0.010090588782710339,-0.7160857929474218,-0.2430880226431086,55.55555555555555,0,Normal Day,0,0,0,0
2018-07-02,385.4500122070313,398.3800048828125,380.0,398.1799926757813,398.1799926757813,8142500.0,NFLX,0.017244462934119045,0.5310265548616284,-0.5205064938319693,88.88888888888889,0,Normal Day,0,0,0,0
2018-07-03,399.489990234375,399.9800109863281,389.5,390.5199890136719,390.5199890136719,5280300.0,NFLX,-0.019237540315961085,-1.1015438743386035,-1.3217719301703243,53.96825396825397,0,Normal Day,0,0,0,0
2018-07-05,393.7999877929688,399.239990234375,390.8599853515625,398.3900146484375,398.3900146484375,8448900.0,NFLX,0.02015268323304726,0.6836630780732712,-0.3944362697521772,34.92063492063492,0,Normal Day,0,0,0,0
2018-07-06,397.4500122070313,408.6499938964844,395.5199890136719,408.25,408.25,8629600.0,NFLX,0.024749579530158466,0.8638302206241175,-0.3650977889612587,69.84126984126983,0,Normal Day,0,0,0,0
2018-07-09,415.9500122070313,419.1199951171875,411.1000061035156,418.9700012207031,418.9700012207031,11127500.0,NFLX,0.026258423075819045,0.9099813225557847,0.11250659259532476,28.57142857142857,0,Normal Day,0,0,0,0
2018-07-10,417.239990234375,419.4400024414063,413.0799865722656,415.6300048828125,415.6300048828125,9382900.0,NFLX,-0.007971922400552008,-0.6124519412643099,-0.29863006601228326,20.634920634920633,0,Normal Day,0,0,0,0
2018-07-11,411.3399963378906,419.7699890136719,410.6000061035156,418.6499938964844,418.6499938964844,9713900.0,NFLX,0.007266051483755042,0.08743119502177911,-0.33598593176612196,42.857142857142854,0,Normal Day,0,0,0,0
2018-07-12,415.1600036621094,416.7900085449219,407.7999877929688,413.5,413.5,12743300.0,NFLX,-0.012301430721524781,-0.7791132960574961,0.20204885493628252,41.269841269841265,0,Normal Day,0,0,0,0
2018-07-13,409.1900024414063,410.0,395.0799865722656,395.7999877929688,395.7999877929688,15719000.0,NFLX,-0.0428053499565446,-2.053187398368389,0.803187233588633,77.77777777777777,0,Normal Day,0,0,0,0
2018-07-16,398.9800109863281,403.3599853515625,391.75,400.4800109863281,400.4800109863281,22960000.0,NFLX,0.01182421257629573,0.3246589920666372,1.6671135277016214,65.07936507936508,0,Normal Day,0,0,0,0
2018-07-17,346.95001220703125,385.0,344.0,379.4800109863281,379.4800109863281,58410400.0,NFLX,-0.05243707407088768,-2.599747862957299,2.9070136008579124,100.0,1,Range Shock,0,1,1,0
2018-07-18,381.239990234375,383.1300048828125,372.3599853515625,375.1300048828125,375.1300048828125,21746300.0,NFLX,-0.01146307045846572,-0.6414618674548683,0.9193038958990369,61.9047619047619,0,Normal Day,0,0,0,0
2018-07-19,371.05999755859375,375.75,363.0,364.2300109863281,364.2300109863281,16878700.0,NFLX,-0.02905657706556809,-1.4360582240401534,0.4226531416954764,73.01587301587301,0,Normal Day,0,0,0,0
2018-07-20,364.9200134277344,370.5,360.1400146484375,361.0499877929688,361.0499877929688,15096700.0,NFLX,-0.008730810469867309,-0.49188344589477634,0.21336952347996463,60.317460317460316,0,Normal Day,0,0,0,0
2018-07-23,359.1499938964844,363.8999938964844,353.6000061035156,362.6600036621094,362.6600036621094,11505200.0,NFLX,0.004459260278562242,0.10417112833190596,-0.27728967049290093,60.317460317460316,0,Normal Day,0,0,0,0
2018-07-24,366.9400024414063,367.3999938964844,354.5599975585937,357.32000732421875,357.32000732421875,12851500.0,NFLX,-0.014724525130887893,-0.8452976669555984,-0.07890357371126737,79.36507936507937,0,Normal Day,0,0,0,0
2018-07-25,357.57000732421875,363.2799987792969,355.6499938964844,362.8699951171875,362.8699951171875,8467800.0,NFLX,0.015532261500075755,0.612783146326236,-0.8236228460359964,36.507936507936506,0,Normal Day,0,0,0,0
2018-07-26,358.19000244140625,365.5400085449219,356.6300048828125,363.0899963378906,363.0899963378906,6993700.0,NFLX,0.0006062811024980901,-0.09381993279984141,-1.1002443506022084,52.38095238095238,0,Normal Day,0,0,0,0
2018-07-27,366.8500061035156,367.0,351.6499938964844,355.2099914550781,355.2099914550781,8949500.0,NFLX,-0.021702621835605153,-1.1683206326156268,-0.56307900603733,90.47619047619047,0,Normal Day,0,0,0,0
2018-07-30,351.92999267578125,352.0299987792969,334.0199890136719,334.9599914550781,334.9599914550781,18260700.0,NFLX,-0.05700853153665,-2.6709808469495333,0.7770484668713312,95.23809523809523,1,Normal Day,0,0,0,0
2018-07-31,331.510009765625,342.5,328.0,337.45001220703125,337.45001220703125,14085400.0,NFLX,0.007433785572827328,0.2752731756925357,0.24212280600224498,87.30158730158729,0,Normal Day,0,0,0,0
2018-08-01,335.8699951171875,344.4100036621094,334.0199890136719,338.3800048828125,338.3800048828125,7790500.0,NFLX,0.002755942042197005,0.05940756697115477,-0.8930936607167025,71.42857142857143,0,Normal Day,0,0,0,0
2018-08-02,337.2300109863281,345.0,334.7099914550781,344.5,344.5,7131300.0,NFLX,0.018086160614918637,0.740964718781586,-1.1362803607634127,66.66666666666666,0,Normal Day,0,0,0,0
2018-08-03,347.75,347.8599853515625,338.4800109863281,343.0899963378906,343.0899963378906,8848400.0,NFLX,-0.0040928988740475325,-0.25002459583515174,-0.7110764873180265,55.55555555555555,0,Normal Day,0,0,0,0
2018-08-06,342.8699951171875,351.9800109863281,341.739990234375,350.9200134277344,350.9200134277344,8198100.0,NFLX,0.022822050113441354,0.9845194102851337,-0.8560157583617922,66.66666666666666,0,Normal Day,0,0,0,0
2018-08-07,353.2300109863281,357.3099975585937,349.010009765625,351.8299865722656,351.8299865722656,7970900.0,NFLX,0.002593107003623897,0.05467094789679341,-0.8643865654975398,44.44444444444444,0,Normal Day,0,0,0,0
2018-08-08,352.2099914550781,352.2900085449219,346.6099853515625,347.6099853515625,347.6099853515625,5394700.0,NFLX,-0.01199443305505837,-0.5982320248835813,-1.49566544232038,19.047619047619047,0,Normal Day,0,0,0,0
2018-08-09,347.9599914550781,352.44000244140625,345.82000732421875,349.3599853515625,349.3599853515625,4820300.0,NFLX,0.005034377819239288,0.177676226282403,-1.5434095828417818,25.396825396825395,0,Normal Day,0,0,0,0
2018-08-10,346.9100036621094,349.1000061035156,344.4200134277344,345.8699951171875,345.8699951171875,4328400.0,NFLX,-0.009989667909056634,-0.5110111130179885,-1.5374064049473024,9.523809523809524,0,Normal Day,0,0,0,0
2018-08-13,339.8900146484375,347.19000244140625,339.07000732421875,341.3099975585937,341.3099975585937,6888900.0,NFLX,-0.013184137459072709,-0.6414199402740208,-0.7092205064346491,46.03174603174603,0,Normal Day,0,0,0,0
2018-08-14,342.0899963378906,342.4100036621094,336.25,337.489990234375,337.489990234375,5805200.0,NFLX,-0.011192192879034847,-0.546794963223495,-0.9002484571208191,23.809523809523807,0,Normal Day,0,0,0,0
2018-08-15,334.0299987792969,335.5,321.0,326.3999938964844,326.3999938964844,11784500.0,NFLX,-0.03286022299561836,-1.4812948983181196,0.5434594694327461,88.88888888888889,0,Normal Day,0,0,0,0
2018-08-16,329.8999938964844,331.1700134277344,321.2099914550781,322.44000244140625,322.44000244140625,6689700.0,NFLX,-0.012132326988749916,-0.5486489825767418,-0.6559201138090752,71.42857142857143,0,Normal Day,0,0,0,0
2018-08-17,319.010009765625,324.3699951171875,312.9599914550781,316.7799987792969,316.7799987792969,10407900.0,NFLX,-0.017553664617459833,-0.7776388906498067,0.5206440166653729,76.19047619047619,0,Normal Day,0,0,0,0
2018-08-20,314.6400146484375,331.6000061035156,310.92999267578125,327.7300109863281,327.7300109863281,13591100.0,NFLX,0.03456661484066805,1.5234610770632846,1.258944336152686,96.82539682539682,1,Normal Day,0,0,0,0
2018-08-21,331.0,341.5,329.70001220703125,338.0199890136719,338.0199890136719,14783200.0,NFLX,0.031397728869490125,1.3409437425316413,1.3999249132845182,69.84126984126983,0,Normal Day,0,0,0,0
2018-08-22,338.489990234375,346.2099914550781,337.4100036621094,344.44000244140625,344.44000244140625,8930700.0,NFLX,0.01899299933849387,0.830731314694256,0.14738507545329665,42.857142857142854,0,Normal Day,0,0,0,0
2018-08-23,348.1099853515625,350.0799865722656,337.6499938964844,339.1700134277344,339.1700134277344,11336400.0,NFLX,-0.015300165417251061,-0.6677058488985763,0.7336556088036019,77.77777777777777,0,Normal Day,0,0,0,0
2018-08-24,346.0,359.1499938964844,344.5400085449219,358.82000732421875,358.82000732421875,14729100.0,NFLX,0.05793552825586429,2.414015095870646,1.27787224208115,82.53968253968253,0,Normal Day,0,0,0,0
2018-08-27,367.1499938964844,374.489990234375,360.0,364.5799865722656,364.5799865722656,17427300.0,NFLX,0.01605255874944101,0.6345606408422354,1.520607400138706,79.36507936507937,0,Normal Day,0,0,0,0
2018-08-28,367.2300109863281,369.989990234375,360.3800048828125,368.489990234375,368.489990234375,9222600.0,NFLX,0.010724679922424511,0.4109697495082132,0.09958548346125488,41.269841269841265,0,Normal Day,0,0,0,0
2018-08-29,367.2000122070313,369.8599853515625,362.9100036621094,368.0400085449219,368.0400085449219,8118700.0,NFLX,-0.0012211503741714066,-0.09356518384635612,-0.16453655264733802,15.873015873015872,0,Normal Day,0,0,0,0
2018-08-30,365.0,376.80999755859375,363.5400085449219,370.9800109863281,370.9800109863281,10981000.0,NFLX,0.007988268593487445,0.3058952749700447,0.587040367549832,69.84126984126983,0,Normal Day,0,0,0,0
2018-08-31,370.6600036621094,376.0,367.0799865722656,367.6799926757813,367.6799926757813,7943400.0,NFLX,-0.008895407334139184,-0.39838531936739524,-0.27877022599942525,33.33333333333333,0,Normal Day,0,0,0,0
2018-09-04,366.4700012207031,368.8800048828125,361.260009765625,363.6000061035156,363.6000061035156,7605200.0,NFLX,-0.01109656944500485,-0.4764399281553236,-0.37331737350638455,20.634920634920633,0,Normal Day,0,0,0,0
2018-09-05,360.0,363.3900146484375,335.8299865722656,341.17999267578125,341.17999267578125,13092800.0,NFLX,-0.061661202011507876,-2.44033130749447,0.9738201593862598,98.4126984126984,1,Range Shock,0,0,0,0
2018-09-06,347.44000244140625,356.0,341.989990234375,346.4599914550781,346.4599914550781,13050200.0,NFLX,0.015475698729832574,0.6357014589983636,0.8883155744546825,77.77777777777777,0,Normal Day,0,0,0,0
2018-09-07,342.20001220703125,355.75,341.25,348.67999267578125,348.67999267578125,9105800.0,NFLX,0.0064076697900368376,0.26604007989613787,-0.08582767830458136,82.53968253968253,0,Normal Day,0,0,0,0
2018-09-10,352.2699890136719,352.5,343.0799865722656,348.4100036621094,348.4100036621094,5752200.0,NFLX,-0.0007743174811952094,-0.02003368458221124,-1.3750513780112281,39.682539682539684,0,Normal Day,0,0,0,0
2018-09-11,344.6700134277344,356.1499938964844,343.8999938964844,355.92999267578125,355.92999267578125,6198100.0,NFLX,0.021583734492781146,0.8626608078791708,-1.3328077285616542,60.317460317460316,0,Normal Day,0,0,0,0
2018-09-12,359.0799865722656,370.4299926757813,356.239990234375,369.9500122070313,369.9500122070313,10480800.0,NFLX,0.0393898233353461,1.5845096832185126,0.194007225784884,73.01587301587301,0,Normal Day,0,0,0,0
2018-09-13,371.9100036621094,374.0899963378906,366.8399963378906,368.1499938964844,368.1499938964844,8366100.0,NFLX,-0.004865571701994177,-0.1683759107652266,-0.5949060713169741,14.285714285714285,0,Normal Day,0,0,0,0
2018-09-14,368.5499877929688,371.0899963378906,363.4599914550781,364.55999755859375,364.55999755859375,4756400.0,NFLX,-0.00975145021705488,-0.36217350377807594,-2.059449563143704,15.873015873015872,0,Normal Day,0,0,0,0
2018-09-17,364.2200012207031,367.3299865722656,349.57000732421875,350.3500061035156,350.3500061035156,7071900.0,NFLX,-0.03897847144568908,-1.5005908036484754,-0.9101285390460684,90.47619047619047,0,Normal Day,0,0,0,0
2018-09-18,353.6700134277344,368.1499938964844,351.5599975585937,367.6499938964844,367.6499938964844,10414000.0,NFLX,0.04937915653370143,1.9932320178853093,0.23514439032720025,87.30158730158729,0,Normal Day,0,0,0,0
2018-09-19,373.9500122070313,377.6099853515625,359.1700134277344,366.9599914550781,366.9599914550781,11876800.0,NFLX,-0.0018767916574494144,-0.006809781754783879,0.6540737947150442,88.88888888888889,0,Normal Day,0,0,0,0
2018-09-20,370.260009765625,370.260009765625,363.1700134277344,365.3599853515625,365.3599853515625,6768100.0,NFLX,-0.00436016497921543,-0.10504860711546811,-0.9483572650824073,12.698412698412698,0,Normal Day,0,0,0,0
2018-09-21,366.5899963378906,372.2200012207031,360.739990234375,361.1900024414063,361.1900024414063,11930600.0,NFLX,-0.01141335416395883,-0.3855258049558308,0.7445998869450332,55.55555555555555,0,Normal Day,0,0,0,0
2018-09-24,359.0,373.6400146484375,354.3299865722656,369.6099853515625,369.6099853515625,9322500.0,NFLX,0.023311782865645947,0.987534874775,0.024158147279109674,92.06349206349206,0,Normal Day,0,0,0,0
2018-09-25,370.2300109863281,371.3399963378906,364.489990234375,369.4299926757813,369.4299926757813,6799800.0,NFLX,-0.00048698001383807107,0.020435713041286985,-0.8608431770105287,7.936507936507936,0,Normal Day,0,0,0,0
2018-09-26,373.5899963378906,382.0,370.8800048828125,377.8800048828125,377.8800048828125,13799700.0,NFLX,0.02287310823311274,0.9859456452027999,1.5282526970862915,52.38095238095238,0,Normal Day,0,0,0,0
2018-09-27,379.8699951171875,383.2000122070313,376.0,380.7099914550781,380.7099914550781,7326200.0,NFLX,0.007489114363548438,0.3340499608437159,-0.589169631036014,11.11111111111111,0,Normal Day,0,0,0,0
2018-09-28,379.239990234375,380.7999877929688,373.7300109863281,374.1300048828125,374.1300048828125,7114900.0,NFLX,-0.017283461742406175,-0.7173220760989671,-0.66023048750873,11.11111111111111,0,Normal Day,0,0,0,0
2018-10-01,375.8500061035156,386.1099853515625,375.5899963378906,381.4299926757813,381.4299926757813,8376600.0,NFLX,0.01951190147193716,0.8475512983831643,-0.07164996774932181,44.44444444444444,0,Normal Day,0,0,0,0
2018-10-02,384.3800048828125,386.7999877929688,373.8299865722656,377.1400146484375,377.1400146484375,8638700.0,NFLX,-0.01124709149705048,-0.46815998991435726,0.019669361097713084,61.9047619047619,0,Normal Day,0,0,0,0
2018-10-03,378.5299987792969,380.9299926757813,374.8800048828125,377.0499877929688,377.0499877929688,5798600.0,NFLX,-0.000238709370451222,0.015761419915456366,-1.2472774711152668,4.761904761904762,0,Normal Day,0,0,0,0
2018-10-04,375.8800048828125,375.9200134277344,360.3999938964844,363.6499938964844,363.6499938964844,9074400.0,NFLX,-0.035539038139001666,-1.448595024285992,0.2957618654447077,82.53968253968253,0,Normal Day,0,0,0,0
2018-10-05,359.7699890136719,363.5,343.0,351.3500061035156,351.3500061035156,13523000.0,NFLX,-0.03382369860968575,-1.3307205328218785,1.6559849544661418,95.23809523809523,1,Normal Day,0,0,0,0
2018-10-08,345.17999267578125,352.95001220703125,338.1099853515625,349.1000061035156,349.1000061035156,12375500.0,NFLX,-0.0064038706728728485,-0.16633804585067735,1.2499803932691647,79.36507936507937,0,Normal Day,0,0,0,0
2018-10-09,348.4800109863281,358.7200012207031,347.0899963378906,355.7099914550781,355.7099914550781,8755000.0,NFLX,0.0189343604583109,0.89829307099275,0.04550441406056508,55.55555555555555,0,Normal Day,0,0,0,0
2018-10-10,353.5199890136719,355.1499938964844,325.3900146484375,325.8900146484375,325.8900146484375,17183100.0,NFLX,-0.08383227214017273,-3.12121469599473,2.021819980658699,98.4126984126984,1,Crash + Range Shock,0,1,1,0
2018-10-11,324.94000244140625,334.20001220703125,315.8099975585937,321.1000061035156,321.1000061035156,16082100.0,NFLX,-0.014698236612401959,-0.4625119787867614,1.6302381256043026,92.06349206349206,0,Normal Day,0,0,0,0
2018-10-12,339.57000732421875,341.29998779296875,328.8999938964844,339.5599975585937,339.5599975585937,14870800.0,NFLX,0.05748985083833032,2.266571805555776,1.2646741228161622,65.07936507936508,0,Normal Day,0,1,1,0
2018-10-15,337.6300048828125,339.2099914550781,326.92999267578125,333.1300048828125,333.1300048828125,11215000.0,NFLX,-0.018936249034080196,-0.6700382083905063,0.3904376182044281,68.25396825396825,0,Normal Day,0,0,0,0
2018-10-16,337.239990234375,347.95001220703125,330.5599975585937,346.3999938964844,346.3999938964844,20156400.0,NFLX,0.0398342653593751,1.5579471646389098,1.9280737255291007,85.71428571428571,0,Normal Day,0,0,0,0
2018-10-17,378.3299865722656,380.0,356.5,364.7000122070313,364.7000122070313,32610900.0,NFLX,0.05282915309754761,1.9595208092855234,2.567327898409257,96.82539682539682,1,Normal Day,0,1,1,0
2018-10-18,360.6700134277344,362.2000122070313,346.04998779296875,346.7099914550781,346.7099914550781,18461000.0,NFLX,-0.04932827022155592,-1.7858560509678612,1.1342735569741844,82.53968253968253,0,Normal Day,0,0,0,0
2018-10-19,351.0,355.79998779296875,332.20001220703125,332.6700134277344,332.6700134277344,16717200.0,NFLX,-0.040494875756018865,-1.4148783421599684,0.8243463039461525,96.82539682539682,1,Normal Day,0,0,0,0
2018-10-22,333.1000061035156,335.79998779296875,320.3399963378906,329.5400085449219,329.5400085449219,17097200.0,NFLX,-0.00940873765736156,-0.30511983842895063,0.8218340463603271,80.95238095238095,0,Normal Day,0,0,0,0
2018-10-23,318.0,336.5799865722656,316.7699890136719,333.1600036621094,333.1600036621094,14907300.0,NFLX,0.010984994305157437,0.42921006935805317,0.4590885127336174,92.06349206349206,0,Normal Day,0,0,0,0
2018-10-24,332.2799987792969,333.0,300.7300109863281,301.8299865722656,301.8299865722656,19039300.0,NFLX,-0.09403895049064362,-3.0299745089028027,0.9310704279203238,100.0,1,Crash + Range Shock,0,0,0,0
2018-10-25,307.1199951171875,319.94000244140625,305.25,312.8699951171875,312.8699951171875,13346900.0,NFLX,0.03657691096334665,1.2494746546157667,0.09986670208792607,77.77777777777777,0,Normal Day,0,0,0,0
2018-10-26,300.510009765625,313.989990234375,292.29998779296875,299.8299865722656,299.8299865722656,19616000.0,NFLX,-0.04167868043734157,-1.3403693322673287,0.9175455913389834,95.23809523809523,1,Normal Day,0,0,0,0
2018-10-29,305.260009765625,307.8900146484375,275.3999938964844,284.8399963378906,284.8399963378906,21698800.0,NFLX,-0.04999496683351944,-1.555500352225374,1.0689299503143455,100.0,1,Range Shock,0,0,0,0
2018-10-30,275.57000732421875,290.5199890136719,271.2099914550781,285.8099975585937,285.8099975585937,23685700.0,NFLX,0.003405424916353415,0.18266498029812986,1.1748810307035589,90.47619047619047,0,Normal Day,0,0,0,0
2018-10-31,297.7699890136719,311.5,295.04998779296875,301.7799987792969,301.7799987792969,20360300.0,NFLX,0.055876286194044646,1.8259817432411816,0.7177074808940513,80.95238095238095,0,Normal Day,0,0,0,0
2018-11-01,304.5899963378906,318.45001220703125,296.6700134277344,317.3800048828125,317.3800048828125,15121500.0,NFLX,0.05169330693424947,1.628475102787897,-0.22174619449224908,90.47619047619047,0,Normal Day,0,0,0,0
2018-11-02,318.0,321.8800048828125,308.3299865722656,309.1000061035156,309.1000061035156,13404600.0,NFLX,-0.02608859616835072,-0.7637575262435348,-0.7320985894563184,63.49206349206349,0,Normal Day,0,0,0,0
2018-11-05,311.1000061035156,317.5299987792969,303.739990234375,315.44000244140625,315.44000244140625,10283000.0,NFLX,0.020511149183760936,0.6722561049746045,-1.536511302495436,61.9047619047619,0,Normal Day,0,0,0,0
2018-11-06,314.760009765625,320.2200012207031,305.29998779296875,310.8399963378906,310.8399963378906,9710400.0,NFLX,-0.01458282420718053,-0.4122966175502503,-1.6066447769553223,71.42857142857143,0,Normal Day,0,0,0,0
2018-11-07,312.8999938964844,328.5599975585937,311.0,327.5,327.5,13328300.0,NFLX,0.05359671811345521,1.6361393575461738,-0.7302399242713498,77.77777777777777,0,Normal Day,0,0,0,0
2018-11-08,328.0,332.04998779296875,316.6099853515625,317.9200134277344,317.9200134277344,11023900.0,NFLX,-0.029251867396230917,-0.8565388262703307,-1.2641698017308796,69.84126984126983,0,Normal Day,0,0,0,0
2018-11-09,311.07000732421875,312.9800109863281,298.010009765625,303.4700012207031,303.4700012207031,13480800.0,NFLX,-0.04545172243557371,-1.3112613872896788,-0.5577937246236812,69.84126984126983,0,Normal Day,0,0,0,0
2018-11-12,300.0,302.489990234375,290.6300048828125,294.07000732421875,294.07000732421875,10924800.0,NFLX,-0.030975034957897166,-0.8672109444605857,-1.164975713419994,46.03174603174603,0,Normal Day,0,0,0,0
2018-11-13,295.0,303.54998779296875,289.1000061035156,294.3999938964844,294.3999938964844,12232200.0,NFLX,0.0011221361038081228,0.06535365810768551,-0.8269666134717331,68.25396825396825,0,Normal Day,0,0,0,0
2018-11-14,300.3999938964844,301.8399963378906,278.29998779296875,286.7300109863281,286.7300109863281,16853600.0,NFLX,-0.026052931620824473,-0.7337610309235585,0.24532731439771047,95.23809523809523,1,Normal Day,0,0,0,0
2018-11-15,285.510009765625,292.5,282.1600036621094,290.0599975585937,290.0599975585937,9967100.0,NFLX,0.011613665973822143,0.3691952058234547,-1.4720952337653765,33.33333333333333,0,Normal Day,0,0,0,0
2018-11-16,287.1400146484375,291.7200012207031,281.0,286.2099914550781,286.2099914550781,9099500.0,NFLX,-0.013273137061024232,-0.3492972059453771,-1.598173383451856,41.269841269841265,0,Normal Day,0,0,0,0
2018-11-19,283.7900085449219,285.0899963378906,269.1499938964844,270.6000061035156,270.6000061035156,12993800.0,NFLX,-0.05454032290138464,-1.5250757942535338,-0.29731458345904677,82.53968253968253,0,Normal Day,0,0,0,0
2018-11-20,254.6300048828125,276.3399963378906,250.0,266.9800109863281,266.9800109863281,16693800.0,NFLX,-0.01337766088520598,-0.29371822132018766,0.5997841498333978,96.82539682539682,1,Normal Day,0,0,0,0
2018-11-21,274.4200134277344,275.3399963378906,261.510009765625,262.1300048828125,262.1300048828125,11023000.0,NFLX,-0.018166176881923908,-0.4340992514874963,-0.8157779806610297,73.01587301587301,0,Normal Day,0,0,0,0
2018-11-23,260.1099853515625,265.5,256.8399963378906,258.82000732421875,258.82000732421875,5245100.0,NFLX,-0.012627312772048028,-0.2433812023945592,-2.6388350113948675,26.984126984126984,0,Normal Day,1,1,1,1
2018-11-26,260.54998779296875,266.25,253.8000030517578,261.42999267578125,261.42999267578125,12498600.0,NFLX,0.010084171538922115,0.4519050802486715,-0.12238711288282059,58.73015873015873,0,Normal Day,0,0,0,0
2018-11-27,259.239990234375,269.0799865722656,256.1400146484375,266.6300048828125,266.6300048828125,11149500.0,NFLX,0.019890648941264254,0.7445583162418129,-0.3873739407008569,60.317460317460316,0,Normal Day,0,0,0,0
2018-11-28,271.9800109863281,284.0,263.3399963378906,282.6499938964844,282.6499938964844,14801300.0,NFLX,0.060083219143745197,1.8807805008779999,0.5472173418208593,90.47619047619047,0,Normal Day,0,0,0,0
2018-11-29,282.32000732421875,290.489990234375,275.5,288.75,288.75,15431500.0,NFLX,0.021581483230987245,0.7349730167835287,0.8279347051857283,68.25396825396825,0,Normal Day,0,0,0,0
2018-11-30,288.0,290.8099975585937,283.0599975585937,286.1300048828125,286.1300048828125,11860100.0,NFLX,-0.009073576163419913,-0.16696966084814835,-0.01391518971683599,15.873015873015872,0,Normal Day,0,0,0,0
2018-12-03,293.19000244140625,298.7200012207031,284.5799865722656,290.29998779296875,290.29998779296875,14117400.0,NFLX,0.014573735151838093,0.5159438985940268,0.6838001765398627,58.73015873015873,0,Normal Day,0,0,0,0
2018-12-04,288.1300048828125,295.739990234375,274.7200012207031,275.3299865722656,275.3299865722656,12800600.0,NFLX,-0.05156735050012878,-1.4424319445812932,0.30856450062978164,92.06349206349206,0,Normal Day,0,0,0,0
2018-12-06,268.3299865722656,283.2200012207031,267.1400146484375,282.8800048828125,282.8800048828125,13074300.0,NFLX,0.027421707328508616,0.8861761358543208,0.34864629793343077,74.6031746031746,0,Normal Day,0,0,0,0
2018-12-07,282.4800109863281,284.2099914550781,263.3800048828125,265.1400146484375,265.1400146484375,12466700.0,NFLX,-0.06271206846777336,-1.6977729557701442,0.11482286414200758,92.06349206349206,0,Normal Day,0,0,0,0
2018-12-10,264.19000244140625,271.17999267578125,260.6099853515625,269.70001220703125,269.70001220703125,9605600.0,NFLX,0.01719845103214647,0.5928722489417559,-0.861083694597499,33.33333333333333,0,Normal Day,0,0,0,0
2018-12-11,274.0799865722656,274.5,262.760009765625,265.32000732421875,265.32000732421875,9843200.0,NFLX,-0.016240284332839607,-0.3509735700410649,-0.7338701680108844,41.269841269841265,0,Normal Day,0,0,0,0
2018-12-12,267.6600036621094,281.7699890136719,266.4800109863281,274.8800048828125,274.8800048828125,11456700.0,NFLX,0.03603195120868331,1.1582196255495012,-0.10794638003791675,71.42857142857143,0,Normal Day,0,0,0,0
2018-12-13,277.6400146484375,279.32000732421875,271.8500061035156,276.0199890136719,276.0199890136719,8379300.0,NFLX,0.004147206455942023,0.23395281884324032,-1.243602714016626,11.11111111111111,0,Normal Day,0,0,0,0
2018-12-14,271.8099975585937,277.6700134277344,265.0,266.8399963378906,266.8399963378906,9915300.0,NFLX,-0.03325843432059026,-0.829617124388469,-0.5623033130983873,46.03174603174603,0,Normal Day,0,0,0,0
2018-12-17,266.510009765625,272.9800109863281,261.0799865722656,262.79998779296875,262.79998779296875,9634700.0,NFLX,-0.015140191127143272,-0.32308920044707334,-0.5981295413963773,41.269841269841265,0,Normal Day,0,0,0,0
2018-12-18,263.29998779296875,275.75,263.2900085449219,270.94000244140625,270.94000244140625,10350100.0,NFLX,0.030974181988357333,1.029224372442323,-0.3229395546409283,41.269841269841265,0,Normal Day,0,0,0,0
2018-12-19,269.9599914550781,280.8699951171875,263.7699890136719,266.7699890136719,266.7699890136719,13788400.0,NFLX,-0.015390910866460873,-0.31896327965916954,0.7391446572526945,79.36507936507937,0,Normal Day,0,0,0,0
2018-12-20,264.6400146484375,269.8999938964844,251.8800048828125,260.5799865722656,260.5799865722656,16792900.0,NFLX,-0.023203518747714213,-0.53704691600975,1.4061780943402535,84.12698412698413,0,Normal Day,0,0,0,0
2018-12-21,263.8299865722656,264.5,241.2899932861328,246.38999938964844,246.38999938964844,21397600.0,NFLX,-0.05445539916275164,-1.4045566624423367,2.1063723953278406,95.23809523809523,1,Normal Day,0,0,0,0
2018-12-24,242.0,250.6499938964844,233.67999267578125,233.8800048828125,233.8800048828125,9547600.0,NFLX,-0.05077314232649622,-1.2558707147367558,-0.6899034426420974,85.71428571428571,0,Normal Day,0,0,0,0
2018-12-26,233.9199981689453,254.5,231.22999572753903,253.6699981689453,253.6699981689453,14402700.0,NFLX,0.08461601194188768,2.4306510620043045,0.723923743585809,93.65079365079364,0,Normal Day,0,0,0,0
2018-12-27,250.1100006103516,255.58999633789065,240.1000061035156,255.57000732421875,255.57000732421875,12235200.0,NFLX,0.007490082268254771,0.35304618308172586,0.008067544570690916,71.42857142857143,0,Normal Day,0,0,0,0
2018-12-28,257.94000244140625,261.9100036621094,249.8000030517578,256.0799865722656,256.0799865722656,10992800.0,NFLX,0.001995458126664723,0.20641641844053651,-0.4613613207819693,39.682539682539684,0,Normal Day,0,0,0,0
2018-12-31,260.1600036621094,270.1000061035156,260.0,267.6600036621094,267.6600036621094,13508900.0,NFLX,0.045220312781357776,1.3346691684476348,0.47345572483936693,19.047619047619047,0,Normal Day,0,0,0,0
2018-04-04,154.22000122070312,160.22999572753906,154.0399932861328,159.74000549316406,157.02716064453125,65768700.0,QQQ,0.0157702557485761,1.0009842732314658,0.6873112127011541,92.06349206349206,0,Normal Day,0,0,0,0
2018-04-05,161.3300018310547,161.5800018310547,159.47999572753906,160.64999389648438,157.92169189453125,43054900.0,QQQ,0.00569666576360625,0.3553197257150955,-0.42209084258620894,46.03174603174603,0,Normal Day,0,0,0,0
2018-04-06,158.8800048828125,160.4600067138672,155.8800048828125,156.6300048828125,153.969970703125,59870900.0,QQQ,-0.02502329568534148,-1.5722289647313443,0.3687385008884619,80.95238095238095,0,Normal Day,0,0,0,0
2018-04-09,157.97999572753906,160.8800048828125,157.4600067138672,157.72999572753906,155.05126953125,41810400.0,QQQ,0.0070227903739092795,0.462907301892412,-0.6955783714037601,69.84126984126983,0,Normal Day,0,0,0,0
2018-04-10,160.2100067138672,161.72999572753906,159.07000732421875,161.2100067138672,158.47218322753906,48296800.0,QQQ,0.02206311310208002,1.3784167989784901,-0.31971162948137594,55.55555555555555,0,Normal Day,0,0,0,0
2018-04-11,160.1999969482422,162.0,160.10000610351562,160.27999877929688,157.55796813964844,41622100.0,QQQ,-0.005768930983792706,-0.355911968165667,-0.7809133725844666,31.746031746031743,0,Normal Day,0,0,0,0
2018-04-12,161.25,162.77000427246094,161.16000366210938,162.2100067138672,159.4552001953125,30467900.0,QQQ,0.012041485924612126,0.7392425923948981,-1.522104284785582,23.809523809523807,0,Normal Day,0,0,0,0
2018-04-13,163.02000427246094,163.25999450683594,160.6699981689453,161.3699951171875,158.62945556640625,44604900.0,QQQ,-0.005178536842290606,-0.32016211563514024,-0.47550913927085386,50.79365079365079,0,Normal Day,0,0,0,0
2018-04-16,162.5,163.19000244140625,161.47999572753906,162.60000610351562,159.8385772705078,28180800.0,QQQ,0.0076223025527273145,0.4761833574456771,-1.7542283333114184,23.809523809523807,0,Normal Day,0,0,0,0
2018-04-17,164.24000549316406,166.4600067138672,163.91000366210938,166.10000610351562,163.27914428710938,35536100.0,QQQ,0.021525260518171475,1.2992373412765161,-1.150760160311277,49.2063492063492,0,Normal Day,0,0,0,0
2018-04-18,166.10000610351562,167.0,165.30999755859375,166.44000244140625,163.61337280273438,29573900.0,QQQ,0.0020469761590451133,0.11260453652552524,-1.4914873131855637,23.809523809523807,0,Normal Day,0,0,0,0
2018-04-19,165.60000610351562,165.99000549316406,164.33999633789062,164.91000366210938,162.10934448242188,34705700.0,QQQ,-0.009192575732338696,-0.568827897218803,-1.0574729815594615,22.22222222222222,0,Normal Day,0,0,0,0
2018-04-20,164.49000549316406,164.61000061035156,161.72999572753906,162.3000030517578,159.5436553955078,49197100.0,QQQ,-0.0158269043348841,-0.9509387461819337,-0.11245202859618209,58.73015873015873,0,Normal Day,0,0,0,0
2018-04-23,163.08999633789062,163.72999572753906,161.02000427246094,161.88999938964844,159.14064025878906,33040600.0,QQQ,-0.0025260492855054485,-0.1275602546715903,-1.0997370634565247,57.14285714285714,0,Normal Day,0,0,0,0
2018-04-24,162.66000366210938,162.91000366210938,157.38999938964844,158.4600067138672,155.76890563964844,70256800.0,QQQ,-0.021187137450607373,-1.228258604161556,0.9838347672247856,88.88888888888889,0,Normal Day,0,0,0,0
2018-04-25,158.74000549316406,159.30999755859375,156.47000122070312,158.64999389648438,155.95562744140625,52089300.0,QQQ,0.0011987103651467492,0.12036876688663883,0.16897185739732418,57.14285714285714,0,Normal Day,0,0,0,0
2018-04-26,160.6999969482422,162.52999877929688,160.17999267578125,161.99000549316406,159.23895263671875,43005500.0,QQQ,0.021052944668803766,1.2855672198643298,-0.29684817477369946,41.269841269841265,0,Normal Day,0,0,0,0
2018-04-27,164.3699951171875,164.41000366210938,161.1699981689453,162.08999633789062,159.33724975585938,51043400.0,QQQ,0.0006172931780383914,0.07817047605799919,0.3073165404549399,63.49206349206349,0,Normal Day,0,0,0,0
2018-04-30,162.47000122070312,163.47999572753906,160.5399932861328,160.94000244140625,158.20677185058594,35615300.0,QQQ,-0.007094875222244546,-0.3839373712201199,-0.7650563622405188,57.14285714285714,0,Normal Day,0,0,0,0
2018-05-01,160.52000427246094,162.8000030517578,160.13999938964844,162.77999877929688,160.0155029296875,36513500.0,QQQ,0.011432703277769735,0.7106839054248553,-0.6223005021570771,47.61904761904761,0,Normal Day,0,0,0,0
2018-05-02,163.05999755859375,163.57000732421875,161.6300048828125,161.82000732421875,159.07183837890625,38646800.0,QQQ,-0.0058973320303589965,-0.3201778402900589,-0.3401473602850741,22.22222222222222,0,Normal Day,0,0,0,0
2018-05-03,161.0,162.39999389648438,159.22000122070312,161.8000030517578,159.05215454101562,60337100.0,QQQ,-0.0001237418143350959,0.01844688685709817,1.4733232061929051,60.317460317460316,0,Normal Day,0,0,0,0
2018-05-04,161.10000610351562,165.25,160.97999572753906,164.8699951171875,162.0700225830078,41543200.0,QQQ,0.018974078349966356,1.130752555665572,-0.03316701070432325,76.19047619047619,0,Normal Day,0,0,0,0
2018-05-07,165.63999938964844,166.77999877929688,165.50999450683594,166.24000549316406,163.41677856445312,32500200.0,QQQ,0.008309716750705956,0.4646631650449113,-0.9428621187634008,6.349206349206349,0,Normal Day,0,0,0,0
2018-05-08,165.88999938964844,166.42999267578125,164.86000061035156,166.07000732421875,163.24964904785156,26040200.0,QQQ,-0.0010227194420898771,-0.09870515814243268,-1.6475657597555158,11.11111111111111,0,Normal Day,0,0,0,0
2018-05-09,166.3699951171875,168.0,165.77999877929688,167.8800048828125,165.02891540527344,29122700.0,QQQ,0.010899051653705782,0.6473525440224874,-1.0992749332838383,33.33333333333333,0,Normal Day,0,0,0,0
2018-05-10,168.4199981689453,169.74000549316406,168.2899932861328,169.6199951171875,166.73934936523438,27067600.0,QQQ,0.01036445010718577,0.596425153678248,-1.2485746199395447,9.523809523809524,0,Normal Day,0,0,0,0
2018-05-11,169.4199981689453,169.86000061035156,168.72000122070312,169.4600067138672,166.58206176757812,24688800.0,QQQ,-0.000943314210203131,-0.1654105548655259,-1.4831379012791663,3.1746031746031744,0,Normal Day,0,0,0,0
2018-05-14,169.85000610351562,170.82000732421875,169.47000122070312,169.75,166.86715698242188,21821700.0,QQQ,0.0017114400663471563,0.03760734072730844,-1.6750553861354467,9.523809523809524,0,Normal Day,0,0,0,0
2018-05-15,168.41000366210938,168.5,166.97999572753906,167.8699951171875,165.01905822753906,49361600.0,QQQ,-0.01107526962347357,-0.8400023074543805,0.906520983412261,14.285714285714285,0,Normal Day,1,0,1,0
2018-05-16,168.08999633789062,169.3699951171875,168.00999450683594,168.97999572753906,166.11019897460938,22941200.0,QQQ,0.0066122104852021175,0.41688850083656903,-1.4409503064532525,11.11111111111111,0,Normal Day,0,0,0,0
2018-05-17,168.38999938964844,169.61000061035156,167.50999450683594,168.3300018310547,165.47125244140625,27480200.0,QQQ,-0.0038465219905057762,-0.30256269908744565,-0.8663166871388004,36.507936507936506,0,Normal Day,0,0,0,0
2018-05-18,167.67999267578125,168.25999450683594,167.2100067138672,167.4600067138672,164.61605834960938,26217900.0,QQQ,-0.005168233630791555,-0.39645070745212085,-0.9466968840840982,3.1746031746031744,0,Normal Day,0,0,0,0
2018-05-21,168.75999450683594,169.5,167.67999267578125,168.39999389648438,165.5400848388672,22954600.0,QQQ,0.005613222054529926,0.3721858438349949,-1.2143108981880408,33.33333333333333,0,Normal Day,0,0,0,0
2018-05-22,169.1699981689453,169.4499969482422,167.8800048828125,168.17999267578125,165.3238067626953,19477700.0,QQQ,-0.0013064997301553576,-0.1253021347851925,-1.521501747383975,20.634920634920633,0,Normal Day,0,0,0,0
2018-05-23,166.89999389648438,169.6199951171875,166.8800048828125,169.60000610351562,166.71969604492188,26557800.0,QQQ,0.0084433652331162,0.5621649707274887,-0.6033101882270945,57.14285714285714,0,Normal Day,0,0,0,0
2018-05-24,169.5500030517578,169.85000610351562,167.83999633789062,169.5500030517578,166.6705322265625,27696500.0,QQQ,-0.0002948890834477531,-0.03951611443574277,-0.40386825214337585,38.095238095238095,0,Normal Day,0,0,0,0
2018-05-25,169.52999877929688,170.3300018310547,169.2100067138672,169.72000122070312,166.83766174316406,27460500.0,QQQ,0.001002753842379144,0.06945236916102564,-0.3713736051578863,4.761904761904762,0,Normal Day,0,0,0,0
2018-05-29,168.9499969482422,169.9199981689453,167.9600067138672,168.97000122070312,166.10037231445312,41220500.0,QQQ,-0.004419202600944788,-0.33879267209830344,1.0660283562993131,36.507936507936506,0,Normal Day,0,0,0,0
2018-05-30,169.5800018310547,170.47999572753906,169.22000122070312,170.17999267578125,167.2898406982422,22665800.0,QQQ,0.007161142188996536,0.49821623438648077,-0.9364971245011301,11.11111111111111,0,Normal Day,0,0,0,0
2018-05-31,170.17999267578125,171.1999969482422,169.6300048828125,170.07000732421875,167.1817169189453,35670900.0,QQQ,-0.000646326034178662,-0.09630194323743188,0.6312326170590126,22.22222222222222,0,Normal Day,0,0,0,0
2018-06-01,170.9199981689453,172.83999633789062,170.8699951171875,172.74000549316406,169.8063507080078,45543300.0,QQQ,0.015699287203366864,1.107351685347236,1.4021019266607164,39.682539682539684,0,Normal Day,0,0,0,0
2018-06-04,173.17999267578125,174.33999633789062,173.07000732421875,174.3000030517578,171.3398895263672,20459600.0,QQQ,0.009031104030946327,0.6169238651746114,-1.25110885244173,9.523809523809524,0,Normal Day,0,0,0,0
2018-06-05,174.7100067138672,175.1300048828125,174.07000732421875,174.83999633789062,171.8706817626953,24779300.0,QQQ,0.0030978906184391014,0.17811093854889776,-0.453245499856807,1.5873015873015872,0,Normal Day,0,0,0,0
2018-06-06,175.02000427246094,175.88999938964844,174.13999938964844,175.86000061035156,172.87338256835938,25036600.0,QQQ,0.005834042172757003,0.3766322667364384,-0.3647928770110027,33.33333333333333,0,Normal Day,0,0,0,0
2018-06-07,175.88999938964844,175.92999267578125,173.5500030517578,174.42999267578125,171.46766662597656,39600300.0,QQQ,-0.00813147704694764,-0.6411638159996682,1.3362071274972145,55.55555555555555,0,Normal Day,0,0,0,0
2018-06-08,173.61000061035156,174.8800048828125,173.17999267578125,174.44000244140625,171.4774932861328,31780300.0,QQQ,5.730911459642681e-05,-0.012973671944778178,0.4730331953099377,30.158730158730158,0,Normal Day,0,0,0,0
2018-06-11,174.30999755859375,175.33999633789062,174.27999877929688,174.91000366210938,171.93951416015625,22319700.0,QQQ,0.0026943528574475645,0.18855956212696706,-0.8268227599524522,1.5873015873015872,0,Normal Day,0,0,0,0
2018-06-12,175.14999389648438,176.0,174.9600067138672,175.8300018310547,172.84388732910156,22511800.0,QQQ,0.0052598332231119215,0.3618775483587666,-0.7700360688962846,1.5873015873015872,0,Normal Day,0,0,0,0
2018-06-13,176.10000610351562,177.13999938964844,175.42999267578125,175.82000732421875,172.83407592773438,37858600.0,QQQ,-5.67645261790844e-05,-0.04144804954989619,1.0531989465493223,31.746031746031743,0,Normal Day,0,0,0,0
2018-06-14,176.6300048828125,177.88999938964844,176.5,177.60000610351562,174.5838623046875,35916000.0,QQQ,0.010124082114945598,0.7144369100850568,1.0058177917426434,17.46031746031746,0,Normal Day,1,0,1,0
2018-06-15,176.92999267578125,177.3300018310547,176.11000061035156,176.97999572753906,173.97438049316406,49615700.0,QQQ,-0.003491054691296477,-0.31315434781650864,1.9661080965304234,11.11111111111111,0,Normal Day,1,1,1,1
2018-06-18,175.49000549316406,176.64999389648438,174.94000244140625,176.5,173.87388610839844,31633200.0,QQQ,-0.0005776389861585034,-0.12079001576030673,0.28725454400295874,31.746031746031743,0,Normal Day,0,0,0,0
2018-06-19,174.27000427246094,176.0399932861328,173.7100067138672,176.0,173.38131713867188,38236000.0,QQQ,-0.0028329094192987643,-0.2874174702891053,0.9012083616445672,57.14285714285714,0,Normal Day,0,0,0,0
2018-06-20,176.80999755859375,177.97999572753906,176.64999389648438,177.25,174.61273193359375,33038000.0,QQQ,0.0071023499835162675,0.46568535249451715,0.3182610670781426,15.873015873015872,0,Normal Day,0,0,0,0
2018-06-21,177.6999969482422,177.8800048828125,175.3699951171875,175.7100067138672,173.09564208984375,43469400.0,QQQ,-0.00868831171100947,-0.7951496022089523,1.2288466068949744,61.9047619047619,0,Normal Day,0,0,0,0
2018-06-22,176.3000030517578,176.3699951171875,174.69000244140625,175.32000732421875,172.71144104003906,30073200.0,QQQ,-0.0022195882297560755,-0.32469806696189246,-0.19922934574850917,31.746031746031743,0,Normal Day,0,0,0,0
2018-06-25,173.72999572753906,173.99000549316406,169.80999755859375,171.3699951171875,168.82022094726562,77799700.0,QQQ,-0.02253018137849565,-2.007840068702359,2.628367469472362,88.88888888888889,1,Normal Day,0,0,0,0
2018-06-26,172.0,173.05999755859375,171.3699951171875,172.07000732421875,169.509765625,39008100.0,QQQ,0.004084491027587081,0.2542231391422048,0.4426054547877173,38.095238095238095,0,Normal Day,0,0,0,0
2018-06-27,172.8000030517578,173.5800018310547,169.61000061035156,169.72999572753906,167.20458984375,52843500.0,QQQ,-0.013599073615319915,-1.3741732072336632,1.3006025679068576,88.88888888888889,0,Normal Day,0,0,0,0
2018-06-28,169.52000427246094,171.77000427246094,169.1699981689453,171.19000244140625,168.64288330078125,46407700.0,QQQ,0.008601997459371851,0.698480180389315,0.8285204288574348,68.25396825396825,0,Normal Day,0,0,0,0
2018-06-29,172.00999450683594,172.9199981689453,171.39999389648438,171.64999389648438,169.09603881835938,36408500.0,QQQ,0.0026870716908338446,0.1040522553156692,0.08146055162197975,25.396825396825395,0,Normal Day,0,0,0,0
2018-07-02,170.0399932861328,172.85000610351562,169.6699981689453,172.8000030517578,170.22891235351562,31770000.0,QQQ,0.006699586478031973,0.5172859373610952,-0.28762830641747444,85.71428571428571,0,Normal Day,0,0,0,0
2018-07-03,173.4499969482422,173.4499969482422,170.6300048828125,170.8000030517578,168.2586669921875,25512700.0,QQQ,-0.01157409357839579,-1.2892176802347175,-1.0509392612483157,79.36507936507937,0,Normal Day,0,0,0,0
2018-07-05,171.91000366210938,173.05999755859375,171.02999877929688,172.9199981689453,170.3471221923828,31626200.0,QQQ,0.012412170127867961,1.1214633295599188,-0.40104920883441664,53.96825396825397,0,Normal Day,0,0,0,0
2018-07-06,173.32000732421875,175.74000549316406,173.0,175.61000061035156,172.9971160888672,37005600.0,QQQ,0.015556434780809413,1.4337543848315988,0.06729313900113197,73.01587301587301,0,Normal Day,0,0,0,0
2018-07-09,176.52000427246094,177.22999572753906,175.82000732421875,177.19000244140625,174.55361938476562,27362100.0,QQQ,0.008997278862723206,0.7404639305200676,-0.9083327129109056,22.22222222222222,0,Normal Day,0,0,0,0
2018-07-10,177.52000427246094,177.72000122070312,176.7100067138672,177.32000732421875,174.6816864013672,23902500.0,QQQ,0.0007336829625930959,-0.09298342137289094,-1.2727277499350127,1.5873015873015872,0,Normal Day,0,0,0,0
2018-07-11,175.92999267578125,177.07000732421875,175.8000030517578,176.4199981689453,173.79507446289062,30280600.0,QQQ,-0.005075586094579994,-0.7266878938110838,-0.5720968706632296,14.285714285714285,0,Normal Day,0,0,0,0
2018-07-12,177.1999969482422,179.4600067138672,177.0800018310547,179.4600067138672,176.78982543945312,27930100.0,QQQ,0.01723150662248458,1.6713704771938904,-0.9331070992706428,66.66666666666666,0,Normal Day,0,0,0,0
2018-07-13,179.4499969482422,179.89999389648438,178.9499969482422,179.61000061035156,176.93759155273438,28049800.0,QQQ,0.0008358292843716668,-0.10165790319461306,-0.8495433446153062,1.5873015873015872,0,Normal Day,0,0,0,0
2018-07-16,179.64999389648438,179.9499969482422,178.8800048828125,179.17999267578125,176.51397705078125,21405300.0,QQQ,-0.0023941464232425202,-0.43395066609549315,-1.6079758250368235,6.349206349206349,0,Normal Day,0,0,0,0
2018-07-17,177.27999877929688,180.6499938964844,177.27999877929688,180.2700042724609,177.58778381347656,31034100.0,QQQ,0.0060834092610489955,0.5286850374056651,-0.30760551171892137,90.47619047619047,0,Normal Day,0,0,0,0
2018-07-18,180.2899932861328,180.44000244140625,179.3800048828125,179.92999267578125,177.25283813476562,23220800.0,QQQ,-0.0018860851321999524,-0.3584904794382055,-1.210703250807319,4.761904761904762,0,Normal Day,0,0,0,0
2018-07-19,179.27999877929688,179.8800048828125,178.82000732421875,179.02999877929688,176.36622619628906,31094100.0,QQQ,-0.0050019618743846,-0.7205298944302364,-0.2088020836365271,7.936507936507936,0,Normal Day,0,0,0,0
2018-07-20,179.57000732421875,180.1699981689453,178.7899932861328,178.99000549316406,176.3268280029297,35897300.0,QQQ,-0.00022338853764170398,-0.21547613123944018,0.25677776633675425,28.57142857142857,0,Normal Day,0,0,0,0
2018-07-23,178.4600067138672,179.63999938964844,177.74000549316406,179.55999755859375,176.8883514404297,22184700.0,QQQ,0.0031845604203273605,0.17150253393026707,-1.216019241124877,55.55555555555555,0,Normal Day,0,0,0,0
2018-07-24,181.41000366210935,182.0500030517578,179.55999755859375,180.3000030517578,177.6173095703125,36900300.0,QQQ,0.004121006973872455,0.24885938029341756,0.4135098435672509,74.6031746031746,0,Normal Day,0,0,0,0
2018-07-25,180.3800048828125,182.92999267578125,180.2899932861328,182.82000732421875,180.09983825683594,35026600.0,QQQ,0.013976839827881138,1.4237627418369505,0.48149415505720106,77.77777777777777,0,Normal Day,0,0,0,0
2018-07-26,180.33999633789065,180.9199981689453,179.80999755859375,180.0500030517578,177.37103271484375,40873500.0,QQQ,-0.015151626833227386,-2.0805806775552225,1.1192359512801027,14.285714285714285,0,Normal Day,0,1,1,0
2018-07-27,181.19000244140625,181.30999755859372,176.60000610351562,177.6199951171875,174.9772186279297,59456100.0,QQQ,-0.01349608247905144,-1.799684316418135,2.529061791641609,100.0,1,Range Shock,0,0,0,0
2018-07-30,177.6300048828125,177.72999572753906,174.27000427246094,175.11000061035156,172.50454711914062,60193000.0,QQQ,-0.014131391092956698,-1.8268161187579635,2.2978826175774385,93.65079365079364,0,Normal Day,0,0,0,0
2018-07-31,175.8000030517578,177.1300048828125,174.82000732421875,176.4499969482422,173.82461547851562,47285100.0,QQQ,0.007652368481993069,0.7459750385229941,1.3212753031623727,69.84126984126983,0,Normal Day,0,0,0,0
2018-08-01,176.86000061035156,177.64999389648438,176.10000610351562,177.1199951171875,174.48463439941406,37101900.0,QQQ,0.003797039441631985,0.27291967680508256,0.45051758701415556,39.682539682539684,0,Normal Day,0,0,0,0
2018-08-02,175.8699951171875,179.74000549316406,175.7899932861328,179.52999877929688,176.85877990722656,47178200.0,QQQ,0.013606616513737398,1.3922027815903437,1.1592944236699019,93.65079365079364,0,Normal Day,0,0,0,0
2018-08-03,179.8699951171875,180.08999633789062,179.0800018310547,180.0800018310547,177.40061950683594,28934400.0,QQQ,0.0030636850480004643,0.19330492057929494,-0.48432146236717344,3.1746031746031744,0,Normal Day,0,0,0,0
2018-08-06,179.9600067138672,181.19000244140625,179.74000549316406,181.13999938964844,178.44482421875,24808800.0,QQQ,0.005886139038391719,0.5419031820213227,-0.9215046247917534,36.507936507936506,0,Normal Day,0,0,0,0
2018-08-07,181.6499938964844,182.13999938964844,181.25999450683597,181.8000030517578,179.09503173828125,29895700.0,QQQ,0.0036437454679782736,0.2602021740866987,-0.31965126217326206,1.5873015873015872,0,Normal Day,0,0,0,0
2018-08-08,181.5500030517578,182.3500061035156,181.05999755859372,182.0200042724609,179.31173706054688,22680700.0,QQQ,0.0012100018641628494,-0.017338198209750737,-1.220427405038719,25.396825396825395,0,Normal Day,0,0,0,0
2018-08-09,181.91000366210935,182.6300048828125,181.63999938964844,181.91000366210935,179.20338439941406,18852900.0,QQQ,-0.0006042697645398743,-0.22118286094574327,-1.6320074372407332,4.761904761904762,0,Normal Day,0,0,0,0
2018-08-10,180.67999267578125,181.22000122070312,179.83999633789062,180.5200042724609,177.8340606689453,33818500.0,QQQ,-0.0076411711478437195,-1.0721874649574805,0.13381835784970686,33.33333333333333,0,Normal Day,0,0,0,0
2018-08-13,180.8500061035156,182.00999450683597,180.2400054931641,180.32000732421875,177.6370391845703,26089200.0,QQQ,-0.0011078950997006915,-0.26246972534233526,-0.6513120448185942,57.14285714285714,0,Normal Day,0,0,0,0
2018-08-14,181.00999450683597,181.66000366210935,180.0399932861328,181.4499969482422,178.75021362304688,20913000.0,QQQ,0.00626656717307667,0.6202440857403583,-1.3193120815259107,46.03174603174603,0,Normal Day,0,0,0,0
2018-08-15,180.00999450683594,180.5800018310547,178.1199951171875,179.22999572753906,176.56324768066406,58528000.0,QQQ,-0.012234759881153169,-1.623184459768978,1.606104106636781,77.77777777777777,0,Normal Day,0,0,0,0
2018-08-16,180.6100006103516,180.9900054931641,179.47000122070312,179.82000732421875,177.14447021484375,27711800.0,QQQ,0.0032918658996967396,0.26753425213625087,-0.5491462570083636,41.269841269841265,0,Normal Day,0,0,0,0
2018-08-17,179.35000610351562,180.30999755859372,178.27000427246094,179.86000061035156,177.1838836669922,36092600.0,QQQ,0.0002224932683511724,-0.12082422629747658,0.19484371936226688,63.49206349206349,0,Normal Day,0,0,0,0
2018-08-20,180.25999450683597,180.3300018310547,179.0,179.6999969482422,177.0262451171875,24939000.0,QQQ,-0.0008896889860533866,-0.24591121525324028,-0.8110322740095819,28.57142857142857,0,Normal Day,0,0,0,0
2018-08-21,180.2400054931641,181.44000244140625,180.1300048828125,180.3600006103516,177.6764373779297,26258700.0,QQQ,0.0036728580008674673,0.3088742223209246,-0.7027418462024885,26.984126984126984,0,Normal Day,0,0,0,0
2018-08-22,179.97999572753906,181.2700042724609,179.75,181.05999755859372,178.36602783203125,18042400.0,QQQ,0.0038811587190638983,0.3455696682481801,-1.5836822763782146,42.857142857142854,0,Normal Day,0,0,0,0
2018-08-23,180.7400054931641,182.0500030517578,180.5,180.8000030517578,178.1099090576172,25776200.0,QQQ,-0.0014359167915947069,-0.31366905327826455,-0.5701768483984023,46.03174603174603,0,Normal Day,0,0,0,0
2018-08-24,181.3999938964844,182.6300048828125,181.3600006103516,182.47999572753903,179.764892578125,23136100.0,QQQ,0.009291922775461292,0.996019442396679,-0.7851636332782718,22.22222222222222,0,Normal Day,0,0,0,0
2018-08-27,183.3999938964844,184.33999633789065,183.1100006103516,184.33999633789065,181.5972137451172,29343600.0,QQQ,0.010192875487052451,1.0725893361706687,-0.06148548178391695,20.634920634920633,0,Normal Day,0,0,0,0
2018-08-28,184.8300018310547,185.0200042724609,184.22000122070312,184.6100006103516,181.8631896972656,20277000.0,QQQ,0.0014646477589778586,0.012989984514556966,-1.0888454538326255,1.5873015873015872,0,Normal Day,0,0,0,0
2018-08-29,184.92999267578125,186.83999633789065,184.8600006103516,186.7400054931641,183.9615173339844,29175600.0,QQQ,0.011537945860356568,1.2155451840962805,0.1665827005080152,66.66666666666666,0,Normal Day,0,0,0,0
2018-08-30,186.3800048828125,187.5200042724609,185.7899932861328,186.41000366210935,183.63641357421875,29315500.0,QQQ,-0.0017672378684256205,-0.37927679827821503,0.22774494630992786,53.96825396825397,0,Normal Day,0,0,0,0
2018-08-31,186.17999267578125,187.17999267578125,185.97999572753903,186.6499938964844,183.87283325195312,28653200.0,QQQ,0.0012874335385493862,0.01696001532063444,0.25664796261399286,22.22222222222222,0,Normal Day,0,0,0,0
2018-09-04,186.0800018310547,186.3999938964844,184.8500061035156,185.8500061035156,183.0847625732422,29063500.0,QQQ,-0.0042859549438229285,-0.6663464024810012,0.3118738648111315,42.857142857142854,0,Normal Day,0,0,0,0
2018-09-05,185.5200042724609,185.5500030517578,182.82000732421875,183.4499969482422,180.720458984375,42623300.0,QQQ,-0.012913710325409299,-1.6747073554668122,1.605286118530664,84.12698412698413,0,Normal Day,0,0,0,0
2018-09-06,183.52999877929688,183.75,180.5800018310547,181.80999755859372,179.10487365722656,46091400.0,QQQ,-0.008939692474376242,-1.1834631267780067,1.6810760490167953,88.88888888888889,0,Normal Day,0,0,0,0
2018-09-07,180.5,182.6699981689453,180.44000244140625,181.1100006103516,178.41526794433594,46629500.0,QQQ,-0.003850290049674484,-0.5512989079695512,1.5244035342407065,69.84126984126983,0,Normal Day,0,0,0,0
2018-09-10,182.1499938964844,182.25,180.72999572753903,181.72000122070312,179.0161895751953,26132000.0,QQQ,0.003368106540337442,0.32903886991409464,-0.4204968143213084,42.857142857142854,0,Normal Day,0,0,0,0
2018-09-11,180.9900054931641,183.4199981689453,180.5200042724609,183.1199951171875,180.39537048339844,30116500.0,QQQ,0.007704224469730451,0.8508900278314293,0.08160189260560087,85.71428571428571,0,Normal Day,0,0,0,0
2018-09-12,182.8500061035156,182.97999572753903,181.00999450683597,182.5800018310547,179.86341857910156,36204000.0,QQQ,-0.0029488112852975343,-0.4392877156947285,0.6534608785606276,63.49206349206349,0,Normal Day,0,0,0,0
2018-09-13,183.72000122070312,184.8800048828125,183.63999938964844,184.52999877929688,181.78440856933597,31133200.0,QQQ,0.010680270648751053,1.2141705905217308,0.07956976948997345,20.634920634920633,0,Normal Day,0,0,0,0
2018-09-14,184.66000366210935,184.9499969482422,183.25999450683597,183.9900054931641,181.2524261474609,31224100.0,QQQ,-0.002926446916222459,-0.43839618589967533,0.23033992322875693,50.79365079365079,0,Normal Day,0,0,0,0
2018-09-17,183.67999267578125,183.80999755859372,181.1699981689453,181.33999633789065,178.64186096191406,33071200.0,QQQ,-0.014402925472693966,-1.7591749747971357,0.43317140726186126,79.36507936507937,0,Normal Day,0,0,0,0
2018-09-18,181.4900054931641,183.72999572753903,181.3999938964844,182.83999633789065,180.11952209472656,31877300.0,QQQ,0.008271639832096986,0.8980131217734733,0.3095665812110444,68.25396825396825,0,Normal Day,0,0,0,0
2018-09-19,182.8699951171875,183.3000030517578,181.50999450683597,182.6999969482422,179.9816436767578,31843400.0,QQQ,-0.0007654829213695028,-0.15151296030086955,0.25923405223397966,53.96825396825397,0,Normal Day,0,0,0,0
2018-09-20,183.9600067138672,184.97000122070312,183.5200042724609,184.72000122070312,181.9715881347656,33295800.0,QQQ,0.011056374513290205,1.2063220505684709,0.4027525831764734,33.33333333333333,0,Normal Day,0,0,0,0
2018-09-21,185.22000122070312,185.47999572753903,183.47999572753903,183.7100067138672,180.9766082763672,38605400.0,QQQ,-0.005467775868733645,-0.7342368587390273,0.995894074429647,63.49206349206349,0,Normal Day,0,0,0,0
2018-09-24,182.0500030517578,183.9600067138672,181.3000030517578,183.88999938964844,181.4799041748047,34945600.0,QQQ,0.0027809997282572723,0.20095281285220812,0.45262618961322676,79.36507936507937,0,Normal Day,0,0,0,0
2018-09-25,183.80999755859372,184.27999877929688,183.17999267578125,184.13999938964844,181.72662353515625,25277500.0,QQQ,0.0013594858421013822,0.028019939092549056,-1.2020194805025934,15.873015873015872,0,Normal Day,0,0,0,0
2018-09-26,184.3000030517578,185.9900054931641,183.91000366210935,184.2700042724609,181.8549346923828,36210600.0,QQQ,0.0007060669192576498,-0.08501235006278852,0.5733162470770903,65.07936507936508,0,Normal Day,0,0,0,0
2018-09-27,185.0200042724609,186.4900054931641,184.9199981689453,185.8300018310547,183.39447021484372,33113300.0,QQQ,0.008465734103202173,0.9188836757625257,0.0020404690766008863,44.44444444444444,0,Normal Day,0,0,0,0
2018-09-28,185.30999755859372,186.27999877929688,184.97000122070312,185.7899932861328,183.3550262451172,28076800.0,QQQ,-0.00021507720314754361,-0.19792215155508222,-0.9723582274538861,25.396825396825395,0,Normal Day,0,0,0,0
2018-10-01,186.8699951171875,187.52999877929688,185.6999969482422,186.1699981689453,183.7300262451172,27371300.0,QQQ,0.0020452125457345424,0.1043622864677692,-1.0847838405129013,60.317460317460316,0,Normal Day,0,0,0,0
2018-10-02,186.00999450683597,187.17999267578125,185.32000732421875,185.75,183.31553649902344,25618600.0,QQQ,-0.002255971735075967,-0.4834762404242474,-1.390934902921539,61.9047619047619,0,Normal Day,0,0,0,0
2018-10-03,186.52999877929688,186.97000122070312,185.66000366210935,185.9499969482422,183.51292419433597,29128700.0,QQQ,0.001076764681719053,-0.017906274169781328,-0.6653532512375654,25.396825396825395,0,Normal Day,0,0,0,0
2018-10-04,185.1999969482422,185.32000732421875,181.05999755859372,182.3800048828125,179.98971557617188,80557300.0,QQQ,-0.01919869477112737,-2.6085109145947523,3.352189025506625,98.4126984126984,1,Volume Shock + Range Shock,1,1,1,1
2018-10-05,182.3600006103516,182.97000122070312,178.42999267578125,180.1499938964844,177.78890991210938,83325600.0,QQQ,-0.012227396754405762,-1.628323355556892,2.7346248471812933,98.4126984126984,1,Range Shock,0,0,0,0
2018-10-08,179.52000427246094,180.63999938964844,176.92999267578125,179.0500030517578,176.70335388183594,66864500.0,QQQ,-0.006105870331338924,-0.8154134188421818,1.8473076516551283,93.65079365079364,0,Normal Day,0,0,0,0
2018-10-09,179.17999267578125,181.0200042724609,178.75,179.6300048828125,177.2757568359375,49097900.0,QQQ,0.0032393440278690837,0.3746431158838864,0.8659879628266891,71.42857142857143,0,Normal Day,0,0,0,0
2018-10-10,178.50999450683594,178.6199951171875,171.5,171.72999572753906,169.47926330566406,114471100.0,QQQ,-0.043979468312121316,-4.679012441671237,2.559541705509182,100.0,1,Crash + Range Shock,1,1,1,1
2018-10-11,171.02000427246094,173.39999389648438,167.80999755859375,169.60000610351562,167.377197265625,143084500.0,QQQ,-0.012403086956118546,-1.2328840846497218,2.435318955244309,98.4126984126984,1,Range Shock,0,0,0,0
2018-10-12,174.1699981689453,174.86000061035156,170.92999267578125,174.32000732421875,172.0353240966797,102078400.0,QQQ,0.027830116091992586,2.8050205699244257,1.5634610909915472,92.06349206349206,1,Normal Day,0,0,0,0
2018-10-15,173.7100067138672,174.0399932861328,171.55999755859375,172.2100067138672,169.95298767089844,64885300.0,QQQ,-0.0121041212711119,-1.1319538549347887,0.660095964353087,76.19047619047619,0,Normal Day,0,0,0,0
2018-10-16,174.02000427246094,177.64999389648438,173.6999969482422,177.22000122070312,174.8973388671875,71979700.0,QQQ,0.029092464122275025,2.710285457268807,0.7778766012173609,90.47619047619047,1,Normal Day,0,0,0,0
2018-10-17,178.0800018310547,178.25999450683594,175.47000122070312,177.2899932861328,174.96640014648438,66987600.0,QQQ,0.000394867524824482,0.04306192693404803,0.5838179987870212,80.95238095238095,0,Normal Day,0,0,0,0
2018-10-18,176.6199951171875,176.67999267578125,172.44000244140625,173.17999267578125,170.9102783203125,82486200.0,QQQ,-0.02318228998696911,-2.0383934823655614,0.8801685259139033,93.65079365079364,0,Normal Day,0,0,0,0
2018-10-19,174.5800018310547,176.07000732421875,172.38999938964844,173.02000427246094,170.75238037109375,82923700.0,QQQ,-0.0009238645608125723,-0.038129041360416054,0.8092713344611264,85.71428571428571,0,Normal Day,0,0,0,0
2018-10-22,174.05999755859375,175.25,172.58999633789062,173.91000366210938,171.63070678710938,52909300.0,QQQ,0.0051438604493054246,0.5042297036501322,-0.042534457477803204,76.19047619047619,0,Normal Day,0,0,0,0
2018-10-23,170.63999938964844,174.1300048828125,168.82000732421875,173.27000427246094,170.99908447265625,77567000.0,QQQ,-0.0036801241821872175,-0.2649769257844373,0.5999498550198001,96.82539682539682,1,Normal Day,0,0,0,0
2018-10-24,173.07000732421875,173.36000061035156,165.0399932861328,165.33999633789062,163.17300415039062,102997400.0,QQQ,-0.04576679662584428,-3.631167733106375,1.0378278417152544,100.0,1,Crash + Range Shock,0,1,1,0
2018-10-25,167.91000366210938,172.0800018310547,167.16000366210938,171.05999755859375,168.81805419921875,83481100.0,QQQ,0.03459549009482774,2.706392933225609,0.5657732710074618,93.65079365079364,1,Normal Day,0,0,0,0
2018-10-26,165.1999969482422,169.9600067138672,164.22999572753906,166.66000366210938,164.47572326660156,130970900.0,QQQ,-0.02572195819466614,-1.89243343325132,1.3143404707569954,96.82539682539682,1,Normal Day,0,0,0,0
2018-10-29,169.2100067138672,169.86000061035156,160.08999633789062,163.22999572753906,161.09068298339844,111871900.0,QQQ,-0.020580789772337734,-1.449395977548818,0.9307303300471997,100.0,1,Range Shock,0,0,0,0
2018-10-30,162.75,166.0399932861328,162.00999450683594,165.9199981689453,163.74542236328125,92584000.0,QQQ,0.01647978226125221,1.279351505745479,0.4677414536045325,85.71428571428571,0,Normal Day,0,0,0,0
2018-10-31,168.6199951171875,171.25,168.5399932861328,169.82000732421875,167.5943145751953,73828600.0,QQQ,0.023505342356227903,1.7553244457605652,-0.20870621820140164,74.6031746031746,0,Normal Day,0,0,0,0
2018-11-01,170.07000732421875,172.24000549316406,168.77999877929688,172.05999755859375,169.80494689941406,52706800.0,QQQ,0.013190377787111003,0.9900700014251105,-1.520094540803053,76.19047619047619,0,Normal Day,1,0,1,0
2018-11-02,171.52999877929688,172.5500030517578,168.22000122070312,169.3800048828125,167.1600799560547,75966800.0,QQQ,-0.015575912196045105,-1.0434183966555688,-0.24553810929904282,88.88888888888889,0,Normal Day,0,0,0,0
2018-11-05,169.60000610351562,169.66000366210938,167.0800018310547,168.9600067138672,166.74560546875,39573500.0,QQQ,-0.0024795063953884813,-0.1029738781324231,-2.086712472117059,65.07936507936508,0,Normal Day,0,1,1,0
2018-11-06,168.97000122070312,171.19000244140625,168.72000122070312,170.24000549316406,168.00881958007812,34410400.0,QQQ,0.007575696569495893,0.6054836647876332,-2.1234954273152162,60.317460317460316,0,Normal Day,1,0,1,0
2018-11-07,172.27999877929688,175.5800018310547,171.8699951171875,175.5800018310547,173.27880859375,51169600.0,QQQ,0.031367335517526435,2.172733322379526,-1.0768345705719222,76.19047619047619,0,Normal Day,0,1,1,0
2018-11-08,174.75999450683594,175.3000030517578,173.6300048828125,174.4600067138672,172.1735076904297,40296500.0,QQQ,-0.00637874251497006,-0.4083009074492667,-1.5319073496831246,33.33333333333333,0,Normal Day,0,0,0,0
2018-11-09,172.8300018310547,173.25,170.16000366210938,171.52000427246094,169.27203369140625,50602700.0,QQQ,-0.016852035124011802,-1.096420274976154,-0.8696832982649163,71.42857142857143,0,Normal Day,0,0,0,0
2018-11-12,170.32000732421875,170.63999938964844,166.17999267578125,166.3300018310547,164.1500701904297,62578400.0,QQQ,-0.03025876979958916,-1.9087222310520113,-0.22143553313214503,88.88888888888889,0,Normal Day,0,0,0,0
2018-11-13,167.11000061035156,169.47999572753906,166.0,166.47000122070312,164.28822326660156,64128100.0,QQQ,0.0008416266652314209,0.12359009457241056,-0.14975009447987508,73.01587301587301,0,Normal Day,0,0,0,0
2018-11-14,168.1199951171875,168.6999969482422,164.25,165.1999969482422,163.03488159179688,75270700.0,QQQ,-0.007628919772117844,-0.42405342154610304,0.3023589029918992,88.88888888888889,0,Normal Day,0,0,0,0
2018-11-15,164.89999389648438,168.5399932861328,163.4600067138672,168.08999633789062,165.88697814941406,73254300.0,QQQ,0.017493781267975548,1.2013595468250535,0.2123182484979966,90.47619047619047,0,Normal Day,0,0,0,0
2018-11-16,166.4499969482422,168.30999755859375,165.77999877929688,167.5,165.30471801757812,65390700.0,QQQ,-0.003509980942033298,-0.16556654292403342,-0.08097039749783551,53.96825396825397,0,Normal Day,0,0,0,0
2018-11-19,166.6999969482422,166.89999389648438,161.5399932861328,162.05999755859375,159.93601989746094,67280500.0,QQQ,-0.03247758554324077,-1.9540808282818833,0.02995296332788103,93.65079365079364,0,Normal Day,0,0,0,0
2018-11-20,158.3699951171875,161.3800048828125,157.1300048828125,159.16000366210938,157.07403564453125,102652800.0,QQQ,-0.0178945571783303,-1.0036115100982665,1.1388345647113394,82.53968253968253,0,Normal Day,0,0,0,0
2018-11-21,161.35000610351562,161.97000122070312,159.22999572753906,160.3699951171875,158.26817321777344,42965800.0,QQQ,0.007602386787492991,0.5846042525192656,-1.2081498013893062,58.73015873015873,0,Normal Day,0,0,0,0
2018-11-23,159.08999633789062,160.83999633789062,159.08999633789062,159.2100067138672,157.1233673095703,23503700.0,QQQ,-0.007233329891461487,-0.32769691894626346,-2.3386830378101267,33.33333333333333,0,Normal Day,0,1,1,0
2018-11-26,161.44000244140625,162.97000122070312,160.75999450683594,162.88999938964844,160.75514221191406,42012600.0,QQQ,0.023114161594998735,1.5396550006452627,-0.8605314609414189,39.682539682539684,0,Normal Day,0,0,0,0
2018-11-27,162.0,163.85000610351562,161.17999267578125,163.44000244140625,161.29794311523438,36608100.0,QQQ,0.00337656945744709,0.3180508730517592,-1.1145702116701106,57.14285714285714,0,Normal Day,0,0,0,0
2018-11-28,164.6199951171875,168.6999969482422,163.47000122070312,168.6999969482422,166.4889678955078,70141000.0,QQQ,0.03218283308526054,2.01758057394319,0.6428261880571515,90.47619047619047,0,Normal Day,0,0,0,0
2018-11-29,167.99000549316406,169.25999450683594,166.82000732421875,168.14999389648438,165.94618225097656,44885700.0,QQQ,-0.003260189857576115,-0.10743498303553842,-0.5100902308041481,41.269841269841265,0,Normal Day,0,0,0,0
2018-11-30,168.3800048828125,169.47000122070312,167.5399932861328,169.3699951171875,167.15020751953125,36722800.0,QQQ,0.007255516530857715,0.516708686319056,-0.9880856281009918,28.57142857142857,0,Normal Day,0,0,0,0
2018-12-03,173.11000061035156,173.30999755859375,169.50999450683594,172.3300018310547,170.07142639160156,50771700.0,QQQ,0.01747660930501072,1.0972781339164264,-0.05487246314440773,68.25396825396825,0,Normal Day,0,0,0,0
2018-12-04,171.42999267578125,171.91000366210938,165.52000427246094,165.72000122070312,163.54803466796875,70594700.0,QQQ,-0.03835677669106061,-2.1161113787271346,0.9090780552188654,95.23809523809523,1,Normal Day,0,0,0,0
2018-12-06,162.3800048828125,166.91000366210938,161.77000427246094,166.88999938964844,164.7027130126953,71715500.0,QQQ,0.00706017866292776,0.472046246310263,0.8687611697533008,87.30158730158729,0,Normal Day,0,0,0,0
2018-12-07,166.16000366210938,167.1199951171875,160.86000061035156,161.3800048828125,159.2649383544922,80432200.0,QQQ,-0.0330156957267849,-1.7520174304753802,1.0939677603776716,95.23809523809523,1,Normal Day,0,0,0,0
2018-12-10,161.0800018310547,163.77999877929688,159.41000366210938,163.07000732421875,160.9327850341797,73960800.0,QQQ,0.010472152232120316,0.6681717594514264,0.7865753620822594,76.19047619047619,0,Normal Day,0,0,0,0
2018-12-11,165.72999572753906,165.77000427246094,162.22999572753906,163.61000061035156,161.46568298339844,59058300.0,QQQ,0.0033113075692163692,0.27380264289819783,0.09120981676108407,60.317460317460316,0,Normal Day,0,0,0,0
2018-12-12,166.0,167.60000610351562,164.9600067138672,165.0500030517578,162.88682556152344,53780000.0,QQQ,0.008801514673994962,0.5680614230860334,-0.1929232919997425,46.03174603174603,0,Normal Day,0,0,0,0
2018-12-13,166.1300048828125,166.82000732421875,164.02999877929688,165.10000610351562,162.93617248535156,46378500.0,QQQ,0.00030295221027244057,0.10494535535026564,-0.5828265030291233,47.61904761904761,0,Normal Day,0,0,0,0
2018-12-14,163.2100067138672,163.80999755859375,160.6999969482422,161.0800018310547,158.9688720703125,56547400.0,QQQ,-0.024348800849582585,-1.2363700478958282,0.0145224233673982,50.79365079365079,0,Normal Day,0,0,0,0
2018-12-17,160.38999938964844,161.6699981689453,156.1699981689453,157.42999267578125,155.36669921875,74834100.0,QQQ,-0.022659611310378084,-1.1285125410966972,0.8382660357153998,92.06349206349206,0,Normal Day,0,0,0,0
2018-12-18,158.64999389648438,159.9499969482422,157.0399932861328,158.4199981689453,156.34373474121094,63642100.0,QQQ,0.00628857745819335,0.458593271163356,0.3868086450807673,47.61904761904761,0,Normal Day,0,0,0,0
2018-12-19,158.17999267578125,160.72000122070312,153.33999633789062,154.52999877929688,152.5046844482422,81856500.0,QQQ,-0.024555191158272923,-1.1967403347900876,1.0753963882927768,96.82539682539682,1,Normal Day,0,0,0,0
2018-12-20,154.14999389648438,155.8699951171875,150.38999938964844,152.2899932861328,150.29405212402344,99002100.0,QQQ,-0.014495504398548529,-0.6306957980950784,1.4888798588732328,90.47619047619047,0,Normal Day,0,0,0,0
2018-12-21,153.0500030517578,154.08999633789062,146.72000122070312,147.57000732421875,145.63592529296875,141129400.0,QQQ,-0.030993420998528785,-1.476362237740844,2.232226714406173,96.82539682539682,1,Normal Day,0,0,0,0
2018-12-24,146.0800018310547,147.97999572753906,143.4600067138672,143.5,142.02444458007812,56163300.0,QQQ,-0.024798007123761418,-1.112642206055723,-0.13336438862824104,80.95238095238095,0,Normal Day,0,0,0,0
2018-12-26,145.0800018310547,152.5399932861328,144.08999633789062,152.4600067138672,150.89231872558594,98982100.0,QQQ,0.06243906935687968,3.148320422674899,1.304018927609761,98.4126984126984,1,Spike + Range Shock,0,0,0,0
2018-12-27,150.3699951171875,153.17999267578125,147.0800018310547,153.0500030517578,151.47625732421875,85824300.0,QQQ,0.0038699027463072405,0.3165032339732771,0.8053863812774441,90.47619047619047,0,Normal Day,0,0,0,0
2018-12-28,154.14999389648438,155.58999633789062,151.72000122070312,152.97000122070312,151.39706420898438,77856600.0,QQQ,-0.0005228087664251606,0.11157990732474683,0.44155969284771673,60.317460317460316,0,Normal Day,0,0,0,0
2018-12-31,154.47000122070312,154.97999572753906,152.7100067138672,154.25999450683594,152.67381286621094,53015300.0,QQQ,0.008433113705984242,0.537082110660295,-0.749164210690883,19.047619047619047,0,Normal Day,0,0,0,0
2019-01-02,154.88999938964844,158.85000610351562,154.22999572753906,157.9199981689453,155.21400451660156,37039700.0,AAPL,0.0011409858085891734,0.25806868956362167,-0.7307117430321893,58.73015873015873,0,Normal Day,0,0,0,0
2019-01-03,143.97999572753906,145.72000122070312,142.0,142.19000244140625,139.7535400390625,91312200.0,AAPL,-0.09960740672653301,-3.3176515604962935,2.230801230045086,42.857142857142854,1,Crash,1,1,1,1
2019-01-04,144.52999877929688,148.5500030517578,143.8000030517578,148.25999450683594,145.71951293945312,58607100.0,AAPL,0.04268924349768225,1.7316890476124016,0.6962842182558227,66.66666666666666,0,Normal Day,0,0,0,0
2019-01-07,148.6999969482422,148.8300018310547,145.89999389648438,147.92999267578125,145.39520263671875,54777800.0,AAPL,-0.002225579101881344,0.1461599218264369,0.42982011235279133,19.047619047619047,0,Normal Day,0,0,0,0
2019-01-08,149.55999755859375,151.82000732421875,148.52000427246094,150.75,148.1668701171875,41025300.0,AAPL,0.019062991283102904,0.8701744963891436,-0.5133746393153651,30.158730158730158,0,Normal Day,0,0,0,0
2019-01-09,151.2899932861328,154.52999877929688,149.6300048828125,153.30999755859375,150.6829833984375,45099100.0,AAPL,0.016981618625405034,0.7828221624660014,-0.21326743084874142,66.66666666666666,0,Normal Day,0,0,0,0
2019-01-10,152.5,153.97000122070312,150.86000061035156,153.8000030517578,151.1646270751953,35780700.0,AAPL,0.003196403906367087,0.3099789224979913,-0.8874524122628384,23.809523809523807,0,Normal Day,0,0,0,0
2019-01-11,152.8800048828125,153.6999969482422,151.50999450683594,152.2899932861328,149.6804656982422,27023200.0,AAPL,-0.009818179065230942,-0.16714907719596975,-1.6023463390388317,1.5873015873015872,0,Normal Day,0,0,0,0
2019-01-14,150.85000610351562,151.27000427246094,149.22000122070312,150.0,147.42971801757812,32439200.0,AAPL,-0.015037016822232501,-0.3485102727303595,-1.017213313314588,1.5873015873015872,0,Normal Day,0,0,0,0
2019-01-15,150.27000427246094,153.38999938964844,150.0500030517578,153.07000732421875,150.44712829589844,28710900.0,AAPL,0.020466771007189643,0.9282507301608034,-1.34487279902358,33.33333333333333,0,Normal Day,0,0,0,0
2019-01-16,153.0800018310547,155.8800048828125,153.0,154.94000244140625,152.2850799560547,30569700.0,AAPL,0.012216595165189054,0.6133696939551175,-1.0862128614370912,20.634920634920633,0,Normal Day,0,0,0,0
2019-01-17,154.1999969482422,157.66000366210938,153.25999450683594,155.86000061035156,153.18930053710938,29821200.0,AAPL,0.005937683332573492,0.40024572412086035,-1.0697036922269825,52.38095238095238,0,Normal Day,0,0,0,0
2019-01-18,157.5,157.8800048828125,155.97999572753906,156.82000732421875,154.1328582763672,33751000.0,AAPL,0.006159423249205581,0.40171207665948494,-0.7239405298151451,1.5873015873015872,0,Normal Day,0,0,0,0
2019-01-22,156.41000366210938,156.72999572753906,152.6199951171875,153.3000030517578,150.6731719970703,30394000.0,AAPL,-0.022446130682229358,-0.6284571228837358,-0.9329525326004371,49.2063492063492,0,Normal Day,0,0,0,0
2019-01-23,154.14999389648438,155.13999938964844,151.6999969482422,153.9199981689453,151.2825469970703,23130600.0,AAPL,0.004044349713510038,0.3327187984977744,-1.5019485166376565,36.507936507936506,0,Normal Day,0,0,0,0
2019-01-24,154.11000061035156,154.47999572753906,151.74000549316406,152.6999969482422,150.08343505859375,25441500.0,AAPL,-0.007926307180033029,-0.09177637959105711,-1.2160986362663477,14.285714285714285,0,Normal Day,0,0,0,0
2019-01-25,155.47999572753906,158.1300048828125,154.32000732421875,157.75999450683594,155.05674743652344,33535500.0,AAPL,0.03313698394488417,1.361961429068206,-0.37554432936243415,39.682539682539684,0,Normal Day,0,0,0,0
2019-01-28,155.7899932861328,156.3300018310547,153.66000366210938,156.3000030517578,153.62176513671875,26192100.0,AAPL,-0.009254562110508189,-0.16709892615240876,-1.014306709017058,9.523809523809524,0,Normal Day,0,0,0,0
2019-01-29,156.25,158.1300048828125,154.11000061035156,154.67999267578125,152.02951049804688,41587200.0,AAPL,-0.010364772447802668,-0.19000993236943442,0.4331654609404656,46.03174603174603,0,Normal Day,0,0,0,0
2019-01-30,163.25,166.14999389648438,160.22999572753906,165.25,162.4184112548828,61109800.0,AAPL,0.06833476423624611,2.4838461324451293,1.4926056250507045,84.12698412698413,0,Normal Day,0,0,0,0
2019-01-31,166.11000061035156,169.0,164.55999755859375,166.44000244140625,163.58799743652344,40739600.0,AAPL,0.007201068971209159,0.36470649314269776,0.2755125299795019,52.38095238095238,0,Normal Day,0,0,0,0
2019-02-01,166.9600067138672,168.97999572753906,165.92999267578125,166.52000427246094,163.66664123535156,32668100.0,AAPL,0.0004807430866597711,0.13555849531986885,-0.35574133068840336,19.047619047619047,0,Normal Day,0,0,0,0
2019-02-04,167.41000366210938,171.66000366210938,167.27999877929688,171.25,168.31558227539062,31495500.0,AAPL,0.0284049394852181,1.0959993346167993,-0.3948099170249326,46.03174603174603,0,Normal Day,0,0,0,0
2019-02-05,172.86000061035156,175.0800018310547,172.35000610351562,174.17999267578125,171.1953887939453,36101600.0,AAPL,0.017109565731370454,0.7054808348400683,0.2143953405470098,7.936507936507936,0,Normal Day,0,0,0,0
2019-02-06,174.64999389648438,175.57000732421875,172.85000610351562,174.24000549316406,171.25436401367188,28239600.0,AAPL,0.0003444907023608353,0.09567006641336755,-0.7250570585637673,7.936507936507936,0,Normal Day,0,0,0,0
2019-02-07,172.39999389648438,173.94000244140625,170.33999633789062,170.94000244140625,168.0109100341797,31741700.0,AAPL,-0.018939394614395054,-0.6031360024059963,-0.14921705231561047,34.92063492063492,0,Normal Day,0,0,0,0
2019-02-08,168.99000549316406,170.66000366210938,168.4199981689453,170.41000366210938,168.2083282470703,23820000.0,AAPL,0.001175032102679896,0.12627372526077185,-1.342067642583695,3.1746031746031744,0,Normal Day,0,0,0,0
2019-02-11,171.0500030517578,171.2100067138672,169.25,169.42999267578125,167.240966796875,20993400.0,AAPL,-0.005750972382142803,-0.10386876163118322,-1.6835642627241005,1.5873015873015872,0,Normal Day,0,0,0,0
2019-02-12,170.10000610351562,171.0,169.6999969482422,170.88999938964844,168.68211364746094,22283500.0,AAPL,0.008617187990406106,0.4122966487498107,-1.3327288370105483,1.5873015873015872,0,Normal Day,0,0,0,0
2019-02-13,171.38999938964844,172.47999572753906,169.9199981689453,170.17999267578125,167.9812774658203,22490200.0,AAPL,-0.004154774720841745,-0.061538109581716634,-1.178265524890507,11.11111111111111,0,Normal Day,0,0,0,0
2019-02-14,169.7100067138672,171.25999450683594,169.3800048828125,170.8000030517578,168.59329223632812,21835700.0,AAPL,0.0036433510909115517,0.1967951314804751,-1.1977539610144285,3.1746031746031744,0,Normal Day,0,0,0,0
2019-02-15,171.25,171.6999969482422,169.75,170.4199981689453,168.21820068359375,24626800.0,AAPL,-0.0022248308207220065,-0.02759570784160458,-0.686544489796604,4.761904761904762,0,Normal Day,0,0,0,0
2019-02-19,169.7100067138672,171.44000244140625,169.49000549316406,170.92999267578125,168.72158813476562,18972800.0,AAPL,0.00299246721892306,0.1505729312782685,-1.4994397836425952,4.761904761904762,0,Normal Day,0,0,0,0
2019-02-20,171.19000244140625,173.32000732421875,170.99000549316406,172.02999877929688,169.80738830566406,26114400.0,AAPL,0.0064354548988192276,0.29367027586394506,-0.3165336565088008,12.698412698412698,0,Normal Day,0,0,0,0
2019-02-21,171.8000030517578,172.3699951171875,170.3000030517578,171.05999755859375,168.8499298095703,17249700.0,AAPL,-0.005638497274160203,-0.15591993591438663,-1.593293777715468,9.523809523809524,0,Normal Day,0,0,0,0
2019-02-22,171.5800018310547,173.0,171.3800048828125,172.97000122070312,170.7352294921875,18913200.0,AAPL,0.011165534298672416,0.4610429759002661,-1.2153446759356916,3.1746031746031744,0,Normal Day,0,0,0,0
2019-02-25,174.16000366210938,175.8699951171875,173.9499969482422,174.22999572753906,171.9789581298828,21873400.0,AAPL,0.007284546027170233,0.28458423284856943,-0.7112664760711764,6.349206349206349,0,Normal Day,0,0,0,0
2019-02-26,173.7100067138672,175.3000030517578,173.1699981689453,174.3300018310547,172.07766723632812,17070200.0,AAPL,0.00057396037002832,0.01647910443156559,-1.350526555345051,15.873015873015872,0,Normal Day,0,0,0,0
2019-02-27,173.2100067138672,175.0,172.72999572753906,174.8699951171875,172.61068725585938,27835400.0,AAPL,0.0030975548895558346,0.0997421028799209,0.1503014102552055,17.46031746031746,0,Normal Day,0,0,0,0
2019-02-28,174.32000732421875,174.91000366210938,172.9199981689453,173.14999389648438,170.9129180908203,28215400.0,AAPL,-0.009835828777638047,-0.40475997863024693,0.26235025569950104,11.11111111111111,0,Normal Day,0,0,0,0
2019-03-01,174.27999877929688,175.14999389648438,172.88999938964844,174.97000122070312,172.70938110351562,25886200.0,AAPL,0.010510984381769794,0.4038895249885463,0.14923897564230448,19.047619047619047,0,Normal Day,0,0,0,0
2019-03-04,175.69000244140625,177.75,173.97000122070312,175.85000610351562,173.57803344726562,27436200.0,AAPL,0.0050295608622982785,0.2092343392723112,0.5323120465770954,53.96825396825397,0,Normal Day,0,0,0,0
2019-03-05,175.94000244140625,176.0,174.5399932861328,175.52999877929688,173.2621612548828,19737400.0,AAPL,-0.0018197705441730157,-0.07467753397379506,-0.9382995429217964,3.1746031746031744,0,Normal Day,0,0,0,0
2019-03-06,174.6699981689453,175.49000549316406,173.94000244140625,174.52000427246094,172.26522827148438,20810400.0,AAPL,-0.005753899040494292,-0.23541299504910598,-0.6082516200113909,4.761904761904762,0,Normal Day,0,0,0,0
2019-03-07,173.8699951171875,174.44000244140625,172.02000427246094,172.5,170.2713165283203,24796400.0,AAPL,-0.011574661718856709,-0.45023159681833264,0.4237117251610714,30.158730158730158,0,Normal Day,0,0,0,0
2019-03-08,170.32000732421875,173.07000732421875,169.5,172.91000366210938,170.676025390625,23999400.0,AAPL,0.002376846967277512,0.10158546249367109,0.28901711387824713,53.96825396825397,0,Normal Day,0,0,0,0
2019-03-11,175.49000549316406,179.1199951171875,175.35000610351562,178.89999389648438,176.58860778808594,32011000.0,AAPL,0.03464213783938812,1.4263040791519133,2.011266765137543,57.14285714285714,0,Normal Day,0,0,0,0
2019-03-12,180.0,182.6699981689453,179.3699951171875,180.91000366210935,178.57266235351562,32467600.0,AAPL,0.011235461847066827,0.4182276961570871,1.8262894249901873,44.44444444444444,0,Normal Day,0,0,0,0
2019-03-13,182.25,183.3000030517578,180.9199981689453,181.7100067138672,179.36231994628906,31032500.0,AAPL,0.004422051966779624,0.12797893794718893,1.4103669234570335,25.396825396825395,0,Normal Day,1,0,1,0
2019-03-14,183.8999938964844,184.1000061035156,182.55999755859372,183.72999572753903,181.3562164306641,23579500.0,AAPL,0.011116585049591858,0.40304387571521416,-0.031889775814397954,4.761904761904762,0,Normal Day,0,0,0,0
2019-03-15,184.8500061035156,187.3300018310547,183.7400054931641,186.1199951171875,183.71533203125,39042900.0,AAPL,0.013008187130369714,0.47619482553734227,2.146354574395155,53.96825396825397,0,Normal Day,0,0,0,0
2019-03-18,185.8000030517578,188.38999938964844,185.7899932861328,188.0200042724609,185.5908050537109,26219800.0,AAPL,0.010208581949719313,0.3571345724274957,0.29707306620746926,33.33333333333333,0,Normal Day,0,0,0,0
2019-03-19,188.3500061035156,188.9900054931641,185.9199981689453,186.52999877929688,184.12005615234372,31646400.0,AAPL,-0.007924686252325622,-0.44108981537746533,1.0682032441233589,42.857142857142854,0,Normal Day,0,0,0,0
2019-03-20,186.22999572753903,189.4900054931641,184.72999572753903,188.16000366210935,185.7289886474609,31035200.0,AAPL,0.008738496656691939,0.2703783910795851,0.8937513441697824,73.01587301587301,0,Normal Day,0,0,0,0
2019-03-21,190.0200042724609,196.3300018310547,189.80999755859372,195.08999633789065,192.5694274902344,51034200.0,AAPL,0.03683021639533926,1.4521906977010095,2.468332339583332,88.88888888888889,0,Normal Day,0,0,0,0
2019-03-22,195.33999633789065,197.69000244140625,190.77999877929688,191.0500030517578,188.58164978027344,42407700.0,AAPL,-0.020708259675140773,-1.0266993146404753,1.6130402374134618,93.65079365079364,0,Normal Day,0,0,0,0
2019-03-25,191.50999450683597,191.97999572753903,186.6000061035156,188.7400054931641,186.30148315429688,43845300.0,AAPL,-0.012091137332997704,-0.6693678958357506,1.5626479996406277,84.12698412698413,0,Normal Day,0,0,0,0
2019-03-26,191.66000366210935,192.8800048828125,184.5800018310547,186.7899932861328,184.37667846679688,49800500.0,AAPL,-0.010331665936904304,-0.6281040975881172,1.7667571394268529,98.4126984126984,1,Range Shock,0,0,0,0
2019-03-27,188.75,189.75999450683597,186.5500030517578,188.47000122070312,186.03497314453125,29848400.0,AAPL,0.008994058747147926,0.21357769369315519,-0.08065731744785441,44.44444444444444,0,Normal Day,0,0,0,0
2019-03-28,188.9499969482422,189.55999755859372,187.52999877929688,188.72000122070312,186.28173828125,20780400.0,AAPL,0.0013264448751097852,-0.09114384139003315,-1.3369754021544449,9.523809523809524,0,Normal Day,0,0,0,0
2019-03-29,189.8300018310547,190.0800018310547,188.5399932861328,189.9499969482422,187.4958648681641,23564000.0,AAPL,0.006517689807473187,0.15369442517482776,-0.8364468870497384,3.1746031746031744,0,Normal Day,0,0,0,0
2019-04-01,191.63999938964844,191.67999267578125,188.3800048828125,191.2400054931641,188.7692108154297,27862000.0,AAPL,0.0067913281616153905,0.16223637607594782,-0.25432132624985804,50.79365079365079,0,Normal Day,0,0,0,0
2019-04-02,191.08999633789065,194.4600067138672,191.0500030517578,194.0200042724609,191.51329040527344,22765700.0,AAPL,0.014536690480349529,0.538206944329932,-0.9253979515323137,52.38095238095238,0,Normal Day,0,0,0,0
2019-04-03,193.25,196.5,193.1499938964844,195.3500061035156,192.82611083984372,23271800.0,AAPL,0.0068549834415780825,0.15683890316558616,-0.9064692832233869,50.79365079365079,0,Normal Day,0,0,0,0
2019-04-04,194.7899932861328,196.3699951171875,193.13999938964844,195.69000244140625,193.16168212890625,19114300.0,AAPL,0.0017402792993177416,-0.22721854900057473,-1.5701149616262742,47.61904761904761,0,Normal Day,0,0,0,0
2019-04-05,196.4499969482422,197.1000061035156,195.92999267578125,197.0,194.4547576904297,18526600.0,AAPL,0.006694265380545324,0.13537104704459585,-1.5432807764699628,1.5873015873015872,0,Normal Day,0,0,0,0
2019-04-08,196.4199981689453,200.22999572753903,196.33999633789065,200.1000061035156,197.51470947265625,25881700.0,AAPL,0.015736060246455782,0.7265937347838282,-0.43735515225969573,66.66666666666666,0,Normal Day,0,0,0,0
2019-04-09,200.32000732421875,202.8500061035156,199.22999572753903,199.5,196.92247009277344,35768200.0,AAPL,-0.002998457084356047,-0.5180990706348653,0.6319210780508449,60.317460317460316,0,Normal Day,0,0,0,0
2019-04-10,198.67999267578125,200.7400054931641,198.17999267578125,200.6199951171875,198.02798461914065,21695300.0,AAPL,0.005613958253958473,0.0795032678668369,-0.9564479195595861,28.57142857142857,0,Normal Day,0,0,0,0
2019-04-11,200.8500061035156,201.0,198.44000244140625,198.9499969482422,196.37957763671875,20900800.0,AAPL,-0.008324111289584747,-0.8549193276725244,-0.991609443582012,30.158730158730158,0,Normal Day,0,0,0,0
2019-04-12,199.1999969482422,200.13999938964844,196.2100067138672,198.8699951171875,196.3006134033203,27760700.0,AAPL,-0.0004021000266357274,-0.32936632918069875,-0.11109968456909526,71.42857142857143,0,Normal Day,0,0,0,0
2019-04-15,198.5800018310547,199.8500061035156,198.00999450683597,199.22999572753903,196.6559600830078,17536600.0,AAPL,0.0018102168583518522,-0.19927344067243544,-1.425401609222622,11.11111111111111,0,Normal Day,0,0,0,0
2019-04-16,199.4600067138672,201.3699951171875,198.55999755859372,199.25,196.6757049560547,25696400.0,AAPL,0.00010040312553222774,-0.29814361528122274,-0.2271497287572395,44.44444444444444,0,Normal Day,0,0,0,0
2019-04-17,199.5399932861328,203.3800048828125,198.6100006103516,203.1300048828125,200.50558471679688,28906800.0,AAPL,0.019473069953393266,1.0427130452242637,0.1549893499099768,80.95238095238095,0,Normal Day,0,0,0,0
2019-04-18,203.1199951171875,204.1499938964844,202.5200042724609,203.8600006103516,201.2261505126953,24195800.0,AAPL,0.003593744268600783,-0.05875177562584022,-0.3663022531010861,4.761904761904762,0,Normal Day,0,0,0,0
2019-04-22,202.8300018310547,204.94000244140625,202.33999633789065,204.52999877929688,201.8874969482422,19439500.0,AAPL,0.0032865829508831696,-0.07694372919880697,-0.9930621173071149,30.158730158730158,0,Normal Day,0,0,0,0
2019-04-23,204.42999267578125,207.75,203.8999938964844,207.47999572753903,204.7993621826172,23323000.0,AAPL,0.014423207372378854,0.673826300616317,-0.2928382073571352,69.84126984126983,0,Normal Day,0,0,0,0
2019-04-24,207.3600006103516,208.47999572753903,207.0500030517578,207.16000366210935,204.48350524902344,17540600.0,AAPL,-0.0015422749867360626,-0.4581013771508468,-1.285156778536646,3.1746031746031744,0,Normal Day,0,0,0,0
2019-04-25,206.8300018310547,207.75999450683597,205.1199951171875,205.27999877929688,202.6278076171875,18543200.0,AAPL,-0.009075048031752185,-0.9920618515497343,-1.1294850672837426,34.92063492063492,0,Normal Day,0,0,0,0
2019-04-26,204.8999938964844,205.0,202.1199951171875,204.3000030517578,201.66046142578125,18649100.0,AAPL,-0.004774005121911988,-0.6633356811322998,-1.0058711399094484,49.2063492063492,0,Normal Day,0,0,0,0
2019-04-29,204.3999938964844,205.97000122070312,203.8600006103516,204.6100006103516,201.96646118164065,22204700.0,AAPL,0.0015174008513911042,-0.2160821010493144,-0.09703488978828642,17.46031746031746,0,Normal Day,0,0,0,0
2019-04-30,203.05999755859372,203.3999938964844,199.1100006103516,200.6699981689453,198.07736206054688,46534900.0,AAPL,-0.019256163119063995,-1.7156055119935387,2.813190443649391,84.12698412698413,1,Normal Day,0,0,0,0
2019-05-01,209.8800048828125,215.30999755859372,209.22999572753903,210.5200042724609,207.80010986328125,64827300.0,AAPL,0.049085608277448664,3.626073030935149,2.971717976150003,95.23809523809523,1,Spike,1,1,1,1
2019-05-02,209.83999633789065,212.6499938964844,208.1300048828125,209.1499938964844,206.4477996826172,31996300.0,AAPL,-0.00650774526324261,-0.822851498432639,0.77123875622572,87.30158730158729,0,Normal Day,0,0,0,0
2019-05-03,210.88999938964844,211.83999633789065,210.22999572753903,211.75,209.01422119140625,20892400.0,AAPL,0.012431333793503996,0.6751715177274659,-0.4835457487837289,4.761904761904762,0,Normal Day,0,0,0,0
2019-05-06,204.2899932861328,208.83999633789065,203.5,208.47999572753903,205.78646850585935,32443100.0,AAPL,-0.015442741968217875,-1.5120973839688172,0.7487260691802126,92.06349206349206,0,Normal Day,0,0,0,0
2019-05-07,205.8800048828125,207.4199981689453,200.8300018310547,202.8600006103516,200.23907470703125,38763700.0,AAPL,-0.026957038716421463,-2.3036085707494216,1.156727051790611,95.23809523809523,1,Normal Day,0,0,0,0
2019-05-08,201.8999938964844,205.33999633789065,201.75,202.8999938964844,200.27853393554688,26339500.0,AAPL,0.00019706058157408884,-0.1849839192298791,0.022532193351071966,66.66666666666666,0,Normal Day,0,0,0,0
2019-05-09,200.3999938964844,201.67999267578125,196.66000366210935,200.72000122070312,198.126708984375,34908600.0,AAPL,-0.010744161687664289,-1.06374733527731,0.853573442812127,87.30158730158729,0,Normal Day,0,0,0,0
2019-05-10,197.4199981689453,198.8500061035156,192.7700042724609,197.17999267578125,195.3819732666016,41208700.0,AAPL,-0.013853436176491828,-1.2737888721270585,1.211561824258161,93.65079365079364,0,Normal Day,0,0,0,0
2019-05-13,187.7100067138672,189.47999572753903,182.8500061035156,185.72000122070312,184.0264892578125,57430600.0,AAPL,-0.05811940487106436,-4.015295095466612,1.8532288641168218,96.82539682539682,1,Crash,1,1,1,1
2019-05-14,186.41000366210935,189.6999969482422,185.41000366210935,188.66000366210935,186.93966674804688,36529700.0,AAPL,0.015830207390160823,0.9415133142312345,0.6309106830913983,80.95238095238095,0,Normal Day,0,0,0,0
2019-05-15,186.2700042724609,191.75,186.0200042724609,190.9199981689453,189.17906188964844,26544700.0,AAPL,0.011979240043365272,0.6654414203380697,-0.2557487142837012,90.47619047619047,0,Normal Day,0,0,0,0
2019-05-16,189.91000366210935,192.47000122070312,188.83999633789065,190.0800018310547,188.3467254638672,33031400.0,AAPL,-0.004399728053767212,-0.41758704433893273,0.3015304936687987,65.07936507936508,0,Normal Day,0,0,0,0
2019-05-17,186.92999267578125,190.8999938964844,186.75999450683597,189.0,187.27658081054688,32879100.0,AAPL,-0.005681779976183399,-0.49858845343433805,0.272020753033775,77.77777777777777,0,Normal Day,0,0,0,0
2019-05-20,183.5200042724609,184.3500061035156,180.27999877929688,183.08999633789065,181.42047119140625,38612300.0,AAPL,-0.03126984481345692,-2.0854132257068243,0.6430034314822014,77.77777777777777,0,Normal Day,0,0,0,0
2019-05-21,185.22000122070312,188.0,184.6999969482422,186.6000061035156,184.89846801757807,28364800.0,AAPL,0.019170917170104718,1.1232284391995837,-0.24226832661452746,53.96825396825397,0,Normal Day,0,0,0,0
2019-05-22,184.66000366210935,185.7100067138672,182.5500030517578,182.77999877929688,181.11328125,29748600.0,AAPL,-0.02047170432595588,-1.3593298608560163,-0.14406950315335393,50.79365079365079,0,Normal Day,0,0,0,0
2019-05-23,179.8000030517578,180.5399932861328,177.80999755859375,179.66000366210938,178.02174377441406,36529700.0,AAPL,-0.017069634287717027,-1.110429901798718,0.36420636358520114,41.269841269841265,0,Normal Day,0,0,0,0
2019-05-24,180.1999969482422,182.13999938964844,178.6199951171875,178.97000122070312,177.33804321289062,23714700.0,AAPL,-0.0038405452447977956,-0.2771822230449042,-1.0414729386411112,65.07936507936508,0,Normal Day,0,0,0,0
2019-05-28,178.9199981689453,180.58999633789065,177.91000366210938,178.22999572753906,176.6047821044922,27948200.0,AAPL,-0.0041348212437315145,-0.290639104422245,-0.6263482223509454,38.095238095238095,0,Normal Day,0,0,0,0
2019-05-29,176.4199981689453,179.35000610351562,176.0,177.3800048828125,175.7625274658203,28481200.0,AAPL,-0.00476914967213932,-0.32210577995112377,-0.6302572475573618,58.73015873015873,0,Normal Day,0,0,0,0
2019-05-30,177.9499969482422,179.22999572753906,176.6699981689453,178.3000030517578,176.6741485595703,21218400.0,AAPL,0.005186663544806378,0.28240799804692684,-1.5273028615502822,34.92063492063492,0,Normal Day,0,0,0,0
2019-05-31,176.22999572753906,177.99000549316406,174.99000549316406,175.07000732421875,173.47360229492188,27043600.0,AAPL,-0.018115532412311525,-1.1324309525485328,-0.6167247814311237,42.857142857142854,0,Normal Day,0,0,0,0
2019-06-03,175.60000610351562,177.9199981689453,170.27000427246094,173.3000030517578,171.7197265625,40396100.0,AAPL,-0.010110332115200541,-0.6210781969817727,1.0153046160994694,98.4126984126984,1,Range Shock,0,0,0,0
2019-06-04,175.44000244140625,179.8300018310547,174.52000427246094,179.63999938964844,178.00192260742188,30968000.0,AAPL,0.036584009133251064,2.136950408861786,-0.17660247698212742,87.30158730158729,0,Normal Day,0,0,0,0
2019-06-05,184.27999877929688,184.9900054931641,181.13999938964844,182.5399932861328,180.87545776367188,29773400.0,AAPL,0.016143281567736204,0.8985360362759337,-0.3341769474123124,68.25396825396825,0,Normal Day,0,0,0,0
2019-06-06,183.0800018310547,185.47000122070312,182.1499938964844,185.22000122070312,183.53103637695312,22526300.0,AAPL,0.014681807283943265,0.7872061100214581,-1.4167214541331483,49.2063492063492,0,Normal Day,0,0,0,0
2019-06-07,186.50999450683597,191.9199981689453,185.7700042724609,190.1499938964844,188.41607666015625,30684400.0,AAPL,0.02661697105643633,1.4431127627340672,-0.11316651304285791,90.47619047619047,0,Normal Day,0,0,0,0
2019-06-10,191.80999755859372,195.3699951171875,191.6199951171875,192.5800018310547,190.8239288330078,26220900.0,AAPL,0.012779441200203821,0.6793122725797881,-0.7362883218005859,61.9047619047619,0,Normal Day,0,0,0,0
2019-06-11,194.8600006103516,196.0,193.6000061035156,194.80999755859372,193.03358459472656,26932900.0,AAPL,0.0115795528120189,0.6074233360692533,-0.5497897944576483,15.873015873015872,0,Normal Day,0,0,0,0
2019-06-12,193.9499969482422,195.97000122070312,193.38999938964844,194.19000244140625,192.41925048828125,18221800.0,AAPL,-0.003182524469693215,-0.2641019620831904,-2.310186813204461,23.809523809523807,0,Normal Day,0,0,0,0
2019-06-13,194.6999969482422,196.7899932861328,193.6000061035156,194.1499938964844,192.3795928955078,21674600.0,AAPL,-0.00020609992333304891,-0.07648473472393484,-1.300566667972074,33.33333333333333,0,Normal Day,0,0,0,0
2019-06-14,191.5500030517578,193.58999633789065,190.3000030517578,192.7400054931641,190.9824676513672,18761500.0,AAPL,-0.007262336005147294,-0.4794805444370189,-1.775852861928431,39.682539682539684,0,Normal Day,0,0,0,0
2019-06-17,192.8999938964844,194.9600067138672,192.1699981689453,193.88999938964844,192.1219787597656,14669100.0,AAPL,0.005966574431735549,0.31640104757351956,-2.3413150726066188,28.57142857142857,0,Normal Day,0,0,0,0
2019-06-18,196.0500030517578,200.2899932861328,195.2100067138672,198.4499969482422,196.6403961181641,26551000.0,AAPL,0.02351848230778657,1.3218406524706623,0.033154440575393504,79.36507936507937,0,Normal Day,0,0,0,0
2019-06-19,199.67999267578125,199.8800048828125,197.30999755859372,197.8699951171875,196.0656890869141,21124200.0,AAPL,-0.0029226295440569097,-0.2324760941251983,-0.8061783097771881,22.22222222222222,0,Normal Day,0,0,0,0
2019-06-20,200.3699951171875,200.6100006103516,198.02999877929688,199.4600067138672,197.6411895751953,21514000.0,AAPL,0.008035574687332554,0.4605464413522225,-0.669232054078504,22.22222222222222,0,Normal Day,0,0,0,0
2019-06-21,198.8000030517578,200.8500061035156,198.1499938964844,198.77999877929688,196.9673767089844,47800600.0,AAPL,-0.003409273480184897,-0.26341074681812854,2.2359526954533835,26.984126984126984,0,Normal Day,0,0,0,0
2019-06-24,198.5399932861328,200.16000366210935,198.1699981689453,198.5800018310547,196.7692108154297,18220400.0,AAPL,-0.0010060848495103954,-0.12527558504480352,-1.1554262909057937,11.11111111111111,0,Normal Day,0,0,0,0
2019-06-25,198.42999267578125,199.25999450683597,195.2899932861328,195.57000732421875,193.7866668701172,21070300.0,AAPL,-0.015157574363146367,-1.0027083713055829,-0.5980624863855737,71.42857142857143,0,Normal Day,0,0,0,0
2019-06-26,197.7700042724609,200.9900054931641,197.3500061035156,199.8000030517578,197.97808837890625,26067500.0,AAPL,0.021629050008885823,1.2651729563726477,0.18669370404848862,58.73015873015873,0,Normal Day,0,0,0,0
2019-06-27,200.2899932861328,201.57000732421875,199.57000732421875,199.7400054931641,197.91864013671875,20899700.0,AAPL,-0.00030027687747809353,-0.08587653963693823,-0.5633705943154745,11.11111111111111,0,Normal Day,0,0,0,0
2019-06-28,198.67999267578125,199.5,197.0500030517578,197.9199981689453,196.1152191162109,31110600.0,AAPL,-0.009111931141311749,-0.6127345471239286,0.8081498808179077,15.873015873015872,0,Normal Day,0,0,0,0
2019-07-01,203.1699981689453,204.4900054931641,200.6499938964844,201.5500030517578,199.71214294433597,27316700.0,AAPL,0.018340870455309476,1.0569249250653932,0.3383781727565224,61.9047619047619,0,Normal Day,0,0,0,0
2019-07-02,201.41000366210935,203.1300048828125,201.3600006103516,202.72999572753903,200.88136291503903,16935200.0,AAPL,0.005854526186867639,0.3045682688534686,-1.284343190425941,7.936507936507936,0,Normal Day,0,0,0,0
2019-07-03,203.27999877929688,204.44000244140625,202.69000244140625,204.41000366210935,202.54605102539065,11362000.0,AAPL,0.00828692162475861,0.45212099206889156,-2.2773058137243227,7.936507936507936,0,Normal Day,0,0,0,0
2019-07-05,203.3500061035156,205.0800018310547,202.8999938964844,204.22999572753903,202.36767578125,17265500.0,AAPL,-0.0008806651289305698,-0.10735677406869476,-0.8214125505964512,17.46031746031746,0,Normal Day,0,0,0,0
2019-07-08,200.80999755859372,201.3999938964844,198.41000366210935,200.0200042724609,198.19607543945312,25338600.0,AAPL,-0.020613965771421817,-1.2745207138985315,0.4207606172657313,39.682539682539684,0,Normal Day,0,0,0,0
2019-07-09,199.1999969482422,201.50999450683597,198.80999755859372,201.2400054931641,199.40496826171875,20578000.0,AAPL,0.006099479112213447,0.3542195294253345,-0.2044449357836557,31.746031746031743,0,Normal Day,0,0,0,0
2019-07-10,201.8500061035156,203.72999572753903,201.55999755859372,203.22999572753903,201.37681579589844,17897100.0,AAPL,0.009888657997686599,0.571218785008628,-0.6136620012956562,17.46031746031746,0,Normal Day,0,0,0,0
2019-07-11,203.30999755859372,204.38999938964844,201.7100067138672,201.75,199.91030883789065,20191800.0,AAPL,-0.007282402158419933,-0.45936967194918527,-0.1631626636019309,30.158730158730158,0,Normal Day,0,0,0,0
2019-07-12,202.4499969482422,204.0,202.1999969482422,203.3000030517578,201.44618225097656,17595200.0,AAPL,0.007682812467321856,0.43406846953989064,-0.6262859571880482,9.523809523809524,0,Normal Day,0,0,0,0
2019-07-15,204.08999633789065,205.8699951171875,204.0,205.2100067138672,203.33876037597656,16947400.0,AAPL,0.009394956528101813,0.5274476321239264,-0.7049982152553598,11.11111111111111,0,Normal Day,0,0,0,0
2019-07-16,204.58999633789065,206.1100006103516,203.5,204.5,202.63522338867188,16866800.0,AAPL,-0.003459925623643208,-0.246589964615694,-0.697349031763117,25.396825396825395,0,Normal Day,0,0,0,0
2019-07-17,204.0500030517578,205.08999633789065,203.2700042724609,203.3500061035156,201.49571228027344,14107500.0,AAPL,-0.005623460173124772,-0.37175248874366557,-1.276595685922851,11.11111111111111,0,Normal Day,0,0,0,0
2019-07-18,204.0,205.8800048828125,203.6999969482422,205.66000366210935,203.7846527099609,18582200.0,AAPL,0.01135974757866627,0.6686898389791966,-0.31384770596062384,19.047619047619047,0,Normal Day,0,0,0,0
2019-07-19,205.7899932861328,206.5,202.3600006103516,202.58999633789065,200.74264526367188,20929300.0,AAPL,-0.014927559096506691,-0.9098977954748284,0.08709340815991758,73.01587301587301,0,Normal Day,0,0,0,0
2019-07-22,203.6499938964844,207.22999572753903,203.6100006103516,207.22000122070312,205.33042907714844,22277900.0,AAPL,0.022854056782257652,1.3397386585887003,0.2908485756971729,53.96825396825397,0,Normal Day,0,0,0,0
2019-07-23,208.4600067138672,208.91000366210935,207.2899932861328,208.83999633789065,206.9356384277344,18355200.0,AAPL,0.00781768858030703,0.4504070795856579,-0.2714688521920707,4.761904761904762,0,Normal Day,0,0,0,0
2019-07-24,207.6699981689453,209.1499938964844,207.1699981689453,208.6699981689453,206.7672119140625,14991600.0,AAPL,-0.0008139077200601236,-0.06757781116119352,-1.0923369859580006,12.698412698412698,0,Normal Day,0,0,0,0
2019-07-25,208.88999938964844,209.2400054931641,206.72999572753903,207.0200042724609,205.13226318359372,13909600.0,AAPL,-0.007907195320447147,-0.4941078425492798,-1.2754914987041377,23.809523809523807,0,Normal Day,0,0,0,0
2019-07-26,207.47999572753903,209.72999572753903,207.13999938964844,207.7400054931641,205.8456878662109,17618900.0,AAPL,0.003477876524857873,0.1808802683941797,-0.23551869663664768,28.57142857142857,0,Normal Day,0,0,0,0
2019-07-29,208.4600067138672,210.63999938964844,208.44000244140625,209.67999267578125,207.7679901123047,21673400.0,AAPL,0.009338559704700619,0.5239024264754923,0.6472525759350152,17.46031746031746,0,Normal Day,0,0,0,0
2019-07-30,208.75999450683597,210.16000366210935,207.30999755859372,208.77999877929688,206.87619018554688,33935700.0,AAPL,-0.004292287403250946,-0.30970286080015913,2.4481530926705948,41.269841269841265,0,Normal Day,0,1,1,0
2019-07-31,216.4199981689453,221.3699951171875,211.3000030517578,213.0399932861328,211.0973663330078,69281400.0,AAPL,0.020404359456131574,1.2894715303825646,3.434909826535458,100.0,1,Volume Shock + Range Shock,1,1,1,1
2019-08-01,213.8999938964844,218.02999877929688,206.7400054931641,208.42999267578125,206.5293731689453,54017900.0,AAPL,-0.021639271220733534,-1.3812086674838708,2.24593562819507,100.0,1,Range Shock,0,0,0,0
2019-08-02,205.52999877929688,206.42999267578125,201.6300048828125,204.0200042724609,202.15960693359372,40862100.0,AAPL,-0.02115808598216696,-1.3048759201414741,1.445179385238772,80.95238095238095,0,Normal Day,0,0,0,0
2019-08-05,197.9900054931641,198.6499938964844,192.5800018310547,193.33999633789065,191.5769805908203,52393000.0,AAPL,-0.052347877517637025,-3.002958401851694,1.7552685860797257,90.47619047619047,1,Crash,0,0,0,0
2019-08-06,196.30999755859372,198.07000732421875,194.0399932861328,197.0,195.20361328125,35824800.0,AAPL,0.018930419924383456,1.1318936170428946,0.8842121707004611,74.6031746031746,0,Normal Day,0,0,0,0
2019-08-07,195.41000366210935,199.55999755859372,193.82000732421875,199.0399932861328,197.2250061035156,33364400.0,AAPL,0.010355304332165036,0.6147272778558194,0.6787605632968938,85.71428571428571,0,Normal Day,0,0,0,0
2019-08-08,200.1999969482422,203.52999877929688,199.38999938964844,203.42999267578125,201.57498168945312,27009500.0,AAPL,0.022055902909463715,1.2594687002064016,0.19859818039008678,71.42857142857143,0,Normal Day,0,0,0,0
2019-08-09,201.3000030517578,202.75999450683597,199.2899932861328,200.9900054931641,199.91392517089844,24619700.0,AAPL,-0.008240390273797544,-0.5111889612155788,-0.01653696731591567,53.96825396825397,0,Normal Day,0,0,0,0
2019-08-12,199.6199951171875,202.0500030517578,199.1499938964844,200.47999572753903,199.4066467285156,22474900.0,AAPL,-0.0025374842795427522,-0.25529305492034127,-0.23706676367222612,44.44444444444444,0,Normal Day,0,0,0,0
2019-08-13,201.0200042724609,212.13999938964844,200.47999572753903,208.97000122070312,207.8512115478516,47218500.0,AAPL,0.042348462089295054,2.511822568019693,1.2223449701439115,100.0,1,Range Shock,0,0,0,0
2019-08-14,203.16000366210935,206.44000244140625,202.58999633789065,202.75,201.6645050048828,36547400.0,AAPL,-0.02976507327956793,-1.8663009366453218,0.6162568099401871,66.66666666666666,0,Normal Day,0,0,0,0
2019-08-15,203.4600067138672,205.13999938964844,199.6699981689453,201.7400054931641,200.659912109375,27227400.0,AAPL,-0.004981505771099821,-0.36953602125272556,-0.08017688688143088,87.30158730158729,0,Normal Day,0,0,0,0
2019-08-16,204.27999877929688,207.16000366210935,203.83999633789065,206.5,205.39442443847656,27620400.0,AAPL,0.023594709473015674,1.310180293736719,-0.09251438796120552,50.79365079365079,0,Normal Day,0,0,0,0
2019-08-19,210.6199951171875,212.72999572753903,210.02999877929688,210.3500061035156,209.22381591796875,24413600.0,AAPL,0.01864408680986,0.9918549350065039,-0.3969048116308446,30.158730158730158,0,Normal Day,0,0,0,0
2019-08-20,210.8800048828125,213.3500061035156,210.32000732421875,210.3600006103516,209.2337646484375,26884300.0,AAPL,4.755065968517963e-05,-0.1260457410839708,-0.19565411397015792,46.03174603174603,0,Normal Day,0,0,0,0
2019-08-21,212.9900054931641,213.6499938964844,211.6000061035156,212.63999938964844,211.5015563964844,21535400.0,AAPL,0.010838555392134406,0.5149243127191511,-0.7457519504447655,12.698412698412698,0,Normal Day,0,0,0,0
2019-08-22,213.19000244140625,214.44000244140625,210.75,212.4600067138672,211.3225250244141,22253700.0,AAPL,-0.0008464777995992486,-0.23353915823681617,-0.7548106784549141,61.9047619047619,0,Normal Day,0,0,0,0
2019-08-23,209.42999267578125,212.0500030517578,201.0,202.63999938964844,201.5550994873047,46818000.0,AAPL,-0.04622046578319549,-2.851542913362117,1.0580793959301886,98.4126984126984,1,Range Shock,0,0,0,0
2019-08-26,205.8600006103516,207.19000244140625,205.05999755859372,206.4900054931641,205.3844757080078,26043600.0,AAPL,0.018999153236231192,0.9632561039491778,-0.63520152575869,17.46031746031746,0,Normal Day,0,0,0,0
2019-08-27,207.8600006103516,208.5500030517578,203.52999877929688,204.16000366210935,203.06695556640625,25873300.0,AAPL,-0.01128381360671265,-0.8003305522041851,-0.6956496930703475,82.53968253968253,0,Normal Day,0,0,0,0
2019-08-28,204.1000061035156,205.72000122070312,203.32000732421875,205.52999877929688,204.42962646484372,15938800.0,AAPL,0.006710451213672998,0.2475450143154094,-1.8439546618899108,25.396825396825395,0,Normal Day,0,0,0,0
2019-08-29,208.5,209.32000732421875,206.66000366210935,209.00999450683597,207.89097595214844,20990500.0,AAPL,0.016931740996454704,0.8162521637064818,-1.0513686115171204,33.33333333333333,0,Normal Day,0,0,0,0
2019-08-30,210.16000366210935,210.4499969482422,207.1999969482422,208.7400054931641,207.6224365234375,21143400.0,AAPL,-0.0012917320123252915,-0.2623800461822073,-0.9578471157284688,55.55555555555555,0,Normal Day,0,0,0,0
2019-09-03,206.42999267578125,206.97999572753903,204.22000122070312,205.6999969482422,204.59869384765625,20023000.0,AAPL,-0.014563660490709607,-1.0211021302567875,-1.0320837302686143,46.03174603174603,0,Normal Day,0,0,0,0
2019-09-04,208.38999938964844,209.47999572753903,207.32000732421875,209.19000244140625,208.07003784179688,19188100.0,AAPL,0.016966598998551675,0.8811706943142628,-1.117690650842335,19.047619047619047,0,Normal Day,0,0,0,0
2019-09-05,212.0,213.97000122070312,211.50999450683597,213.27999877929688,212.13812255859372,23913700.0,AAPL,0.01955151620575932,1.0281495224331683,-0.27056367063963577,26.984126984126984,0,Normal Day,0,0,0,0
2019-09-06,214.0500030517578,214.4199981689453,212.50999450683597,213.25999450683597,212.11822509765625,19362300.0,AAPL,-9.379483846415106e-05,-0.1289414867282921,-0.9539980053340439,9.523809523809524,0,Normal Day,0,0,0,0
2019-09-09,214.83999633789065,216.44000244140625,211.07000732421875,214.1699981689453,213.0233612060547,27309400.0,AAPL,0.004267130313681088,0.1464439348129564,0.3127808086620256,87.30158730158729,0,Normal Day,0,0,0,0
2019-09-10,213.8600006103516,216.77999877929688,211.7100067138672,216.6999969482422,215.5398101806641,31777900.0,AAPL,0.011813018818040692,0.6090564833214561,0.8124233192970571,82.53968253968253,0,Normal Day,0,0,0,0
2019-09-11,218.07000732421875,223.7100067138672,217.72999572753903,223.58999633789065,222.39292907714844,44289600.0,AAPL,0.03179514211662387,1.755992402381548,1.7483487392564783,88.88888888888889,0,Normal Day,0,0,0,0
2019-09-12,224.8000030517578,226.4199981689453,222.8600006103516,223.08999633789065,221.8955993652344,32226700.0,AAPL,-0.0022362658470202967,-0.2776089669290724,0.8223396474156328,60.317460317460316,0,Normal Day,0,0,0,0
2019-09-13,220.0,220.7899932861328,217.0200042724609,218.75,217.57884216308597,39763300.0,AAPL,-0.019454000955842154,-1.281469612031558,1.5448415489916503,63.49206349206349,0,Normal Day,0,0,0,0
2019-09-16,217.72999572753903,220.1300048828125,217.55999755859372,219.8999938964844,218.72268676757807,21158100.0,AAPL,0.005257149974328547,0.1807205961447752,-0.6699610087364297,31.746031746031743,0,Normal Day,0,0,0,0
2019-09-17,219.9600067138672,220.82000732421875,219.1199951171875,220.6999969482422,219.51840209960935,18318700.0,AAPL,0.003638010047292587,0.10497960641924411,-1.0798355454123143,1.5873015873015872,0,Normal Day,0,0,0,0
2019-09-18,221.05999755859372,222.8500061035156,219.44000244140625,222.7700042724609,221.57733154296875,25340000.0,AAPL,0.009379302252870524,0.43697660676563277,0.03270011259183617,58.73015873015873,0,Normal Day,0,0,0,0
2019-09-19,222.00999450683597,223.75999450683597,220.3699951171875,220.9600067138672,219.7770233154297,22060600.0,AAPL,-0.008124965739963083,-0.5946909205481448,-0.41150147022070266,58.73015873015873,0,Normal Day,0,0,0,0
2019-09-20,221.3800048828125,222.55999755859372,217.47000122070312,217.72999572753903,216.5642852783203,55413100.0,AAPL,-0.0146181706742764,-0.9654599292596437,2.244491635533977,80.95238095238095,0,Normal Day,0,0,0,0
2019-09-23,218.9499969482422,219.83999633789065,217.6499938964844,218.72000122070312,217.5489959716797,19165500.0,AAPL,0.004546967160784899,0.16688484352511207,-0.872200935373104,17.46031746031746,0,Normal Day,0,0,0,0
2019-09-24,221.02999877929688,222.4900054931641,217.19000244140625,217.67999267578125,216.5145568847656,31190800.0,AAPL,-0.004754970632219113,-0.3978136500526253,0.6559488100789443,84.12698412698413,0,Normal Day,0,0,0,0
2019-09-25,218.5500030517578,221.5,217.13999938964844,221.02999877929688,219.8466339111328,21903400.0,AAPL,0.015389621253690715,0.8171129690876042,-0.4303138413676571,73.01587301587301,0,Normal Day,0,0,0,0
2019-09-26,220.0,220.94000244140625,218.8300018310547,219.88999938964844,218.71273803710935,18833500.0,AAPL,-0.005157667660637522,-0.4133161434801451,-0.8407913346351789,15.873015873015872,0,Normal Day,0,0,0,0
2019-09-27,220.5399932861328,220.9600067138672,217.27999877929688,218.82000732421875,217.6484832763672,25352000.0,AAPL,-0.00486599349582275,-0.4007132382274079,0.006765725721127411,61.9047619047619,0,Normal Day,0,0,0,0
2019-09-30,220.8999938964844,224.5800018310547,220.7899932861328,223.97000122070312,222.77088928222656,25977400.0,AAPL,0.023535224912893195,1.2962375435905522,0.0533383399577365,63.49206349206349,0,Normal Day,0,0,0,0
2019-10-01,225.07000732421875,228.22000122070312,224.1999969482422,224.58999633789065,223.3875732421875,34805800.0,AAPL,0.0027682430229008324,0.05645940916012543,0.920938779430054,69.84126984126983,0,Normal Day,0,0,0,0
2019-10-02,223.05999755859372,223.5800018310547,217.92999267578125,218.9600067138672,217.7877197265625,34612300.0,AAPL,-0.025067882847511273,-1.548900490618919,0.8204250087387462,87.30158730158729,0,Normal Day,0,0,0,0
2019-10-03,218.42999267578125,220.9600067138672,215.1300048828125,220.82000732421875,219.63775634765625,28606500.0,AAPL,0.008494678319863551,0.4136790751504123,0.14663621782586828,87.30158730158729,0,Normal Day,0,0,0,0
2019-10-04,225.63999938964844,227.4900054931641,223.88999938964844,227.00999450683597,225.79461669921875,34619700.0,AAPL,0.028031885109120493,1.507125041192881,0.7190386963480163,52.38095238095238,0,Normal Day,0,0,0,0
2019-10-07,226.2700042724609,229.92999267578125,225.83999633789065,227.05999755859372,225.84434509277344,30576500.0,AAPL,0.00022023728590894948,-0.11114413261945469,0.24474463393842402,66.66666666666666,0,Normal Day,0,0,0,0
2019-10-08,225.82000732421875,228.05999755859372,224.3300018310547,224.3999938964844,223.19859313964844,27955000.0,AAPL,-0.01171493557670512,-0.7854627426728141,-0.06756789206458688,53.96825396825397,0,Normal Day,0,0,0,0
2019-10-09,227.02999877929688,227.7899932861328,225.63999938964844,227.02999877929688,225.81451416015625,18692600.0,AAPL,0.011720150130476458,0.5607882973269447,-1.308136695068091,11.11111111111111,0,Normal Day,0,0,0,0
2019-10-10,227.92999267578125,230.44000244140625,227.3000030517578,230.08999633789065,228.85812377929688,28253400.0,AAPL,0.013478361346525233,0.6559846010014787,0.13258666093464538,38.095238095238095,0,Normal Day,0,0,0,0
2019-10-11,232.9499969482422,237.63999938964844,232.30999755859372,236.2100067138672,234.9453582763672,41698900.0,AAPL,0.026598288916065038,1.38138530846059,1.3959898701441744,74.6031746031746,0,Normal Day,0,0,0,0
2019-10-14,234.8999938964844,238.1300048828125,234.6699981689453,235.8699951171875,234.607177734375,24106900.0,AAPL,-0.0014394008226984605,-0.22425392929096052,-0.38285986633994556,41.269841269841265,0,Normal Day,0,0,0,0
2019-10-15,236.38999938964844,237.6499938964844,234.8800048828125,235.32000732421875,234.0601348876953,21840000.0,AAPL,-0.002331739599625787,-0.2786246464066446,-0.7366864094897803,25.396825396825395,0,Normal Day,0,0,0,0
2019-10-16,233.3699951171875,235.2400054931641,233.1999969482422,234.3699951171875,233.11520385742188,18475800.0,AAPL,-0.004037129307503929,-0.362698540577014,-1.3283013611350827,4.761904761904762,0,Normal Day,0,0,0,0
2019-10-17,235.08999633789065,236.1499938964844,233.5200042724609,235.27999877929688,234.0203399658203,16896300.0,AAPL,0.003882784534946239,0.07498854280736898,-1.4830018828764826,20.634920634920633,0,Normal Day,0,0,0,0
2019-10-18,234.58999633789065,237.5800018310547,234.2899932861328,236.41000366210935,235.1443023681641,24358400.0,AAPL,0.0048028406526883,0.14637400269916434,-0.2885796101799757,39.682539682539684,0,Normal Day,0,0,0,0
2019-10-21,237.5200042724609,240.9900054931641,237.32000732421875,240.50999450683597,239.2223358154297,21811800.0,AAPL,0.01734268449711634,0.866024135060651,-0.609623766123899,44.44444444444444,0,Normal Day,0,0,0,0
2019-10-22,241.16000366210935,242.1999969482422,239.6199951171875,239.9600067138672,238.67529296875,20573400.0,AAPL,-0.0022867548919083985,-0.27402494029496716,-0.8691273733956222,17.46031746031746,0,Normal Day,0,0,0,0
2019-10-23,242.1000061035156,243.2400054931641,241.22000122070312,243.17999267578125,241.87803649902344,18957200.0,AAPL,0.013418831461087913,0.6192043683652521,-1.089146719637707,3.1746031746031744,0,Normal Day,0,0,0,0
2019-10-24,244.50999450683597,244.8000030517578,241.80999755859372,243.5800018310547,242.27589416503903,17318800.0,AAPL,0.0016448689255719293,-0.06343966876065785,-1.3465380253555208,28.57142857142857,0,Normal Day,0,0,0,0
2019-10-25,243.16000366210935,246.72999572753903,242.8800048828125,246.5800018310547,245.2598419189453,18369300.0,AAPL,0.012316321292260322,0.5533329131433675,-1.1107982792845195,49.2063492063492,0,Normal Day,0,0,0,0
2019-10-28,247.4199981689453,249.25,246.72000122070312,249.0500030517578,247.71661376953125,24143200.0,AAPL,0.010017016366657626,0.4066948134043943,-0.060551454582743386,14.285714285714285,0,Normal Day,0,0,0,0
2019-10-29,248.97000122070312,249.75,242.57000732421875,243.2899932861328,241.9874420166016,35709900.0,AAPL,-0.023127926971664176,-1.4632973592433824,1.311631819448434,93.65079365079364,0,Normal Day,0,0,0,0
2019-10-30,244.75999450683597,245.3000030517578,241.2100067138672,243.25999450683597,241.9576110839844,31130500.0,AAPL,-0.00012327471363220965,-0.16263373012569093,0.8493493426847197,57.14285714285714,0,Normal Day,0,0,0,0
2019-10-31,247.2400054931641,249.1699981689453,237.25999450683597,248.75999450683597,247.42816162109372,34790500.0,AAPL,0.02260954103737811,1.1307403884225442,1.2601837696791727,96.82539682539682,1,Normal Day,0,0,0,0
2019-11-01,249.5399932861328,255.92999267578125,249.16000366210935,255.82000732421875,254.45037841796875,37781300.0,AAPL,0.02838083082728757,1.506748269767395,1.4427487471027476,88.88888888888889,0,Normal Day,0,0,0,0
2019-11-04,257.3299865722656,257.8500061035156,255.3800048828125,257.5,256.1213684082031,25818000.0,AAPL,0.006567056416357733,0.13580527687027594,0.15282946036901335,9.523809523809524,0,Normal Day,0,0,0,0
2019-11-05,257.04998779296875,258.19000244140625,256.32000732421875,257.1300048828125,255.7533721923828,19974400.0,AAPL,-0.0014368040359436336,-0.36357329028525676,-0.7125381819349081,1.5873015873015872,0,Normal Day,0,0,0,0
2019-11-06,256.7699890136719,257.489990234375,255.3699951171875,257.239990234375,255.86276245117188,18966100.0,AAPL,0.0004277177573509254,-0.22482389116344567,-0.8253957488214105,4.761904761904762,0,Normal Day,0,0,0,0
2019-11-07,258.739990234375,260.3500061035156,258.1099853515625,259.42999267578125,258.81573486328125,23735100.0,AAPL,0.011541235558546399,0.47380117439427194,-0.05517303455653074,7.936507936507936,0,Normal Day,0,0,0,0
2019-11-08,258.69000244140625,260.44000244140625,256.8500061035156,260.1400146484375,259.5240783691406,17496600.0,AAPL,0.0027368641486714695,-0.1019217377893487,-1.074475848588086,42.857142857142854,0,Normal Day,0,0,0,0
2019-11-11,258.29998779296875,262.4700012207031,258.2799987792969,262.20001220703125,261.5791931152344,20455300.0,AAPL,0.007918782561557182,0.28394520344837254,-0.436818411644569,60.317460317460316,0,Normal Day,0,0,0,0
2019-11-12,261.54998779296875,262.7900085449219,260.9200134277344,261.9599914550781,261.3397521972656,21847200.0,AAPL,-0.0009153668344839196,-0.3664927624271079,-0.14878948065462724,1.5873015873015872,0,Normal Day,0,0,0,0
2019-11-13,261.1300048828125,264.7799987792969,261.07000732421875,264.4700012207031,263.84381103515625,25683600.0,AAPL,0.00958162245443816,0.3670592519965191,0.4786725014947165,47.61904761904761,0,Normal Day,0,0,0,0
2019-11-14,263.75,264.8800048828125,262.1000061035156,262.6400146484375,262.0181579589844,22295700.0,AAPL,-0.006919446277739724,-0.7870530738011797,-0.13572691449667607,26.984126984126984,0,Normal Day,0,0,0,0
2019-11-15,263.67999267578125,265.7799987792969,263.010009765625,265.760009765625,265.1307678222656,25051600.0,AAPL,0.011879367016115309,0.5836330593666927,0.2817604626581011,26.984126984126984,0,Normal Day,0,0,0,0
2019-11-18,265.79998779296875,267.42999267578125,264.2300109863281,267.1000061035156,266.46759033203125,21675800.0,AAPL,0.005042125139779265,0.08035443909669311,-0.3203546730911339,39.682539682539684,0,Normal Day,0,0,0,0
2019-11-19,267.8999938964844,268.0,265.3900146484375,266.2900085449219,265.6595153808594,19041800.0,AAPL,-0.003032544971660438,-0.4916021778947601,-0.8383706042649346,19.047619047619047,0,Normal Day,0,0,0,0
2019-11-20,265.5400085449219,266.0799865722656,260.3999938964844,263.19000244140625,262.5668640136719,26558600.0,AAPL,-0.011641410106292485,-1.0960718805850749,0.5241164681968814,79.36507936507937,0,Normal Day,0,0,0,0
2019-11-21,263.69000244140625,264.010009765625,261.17999267578125,262.010009765625,261.3896484375,30348800.0,AAPL,-0.004483488731885746,-0.7035555204529778,0.9914602052615279,31.746031746031743,0,Normal Day,0,0,0,0
2019-11-22,262.5899963378906,263.17999267578125,260.8399963378906,261.7799987792969,261.1601867675781,16331300.0,AAPL,-0.0008778529344735731,-0.39033147911137717,-1.5891653923903761,12.698412698412698,0,Normal Day,0,0,0,0
2019-11-25,262.7099914550781,266.44000244140625,262.5199890136719,266.3699951171875,265.73931884765625,21005100.0,AAPL,0.017533806116295073,1.0816577406219794,-0.5838927022489208,55.55555555555555,0,Normal Day,0,0,0,0
2019-11-26,266.94000244140625,267.1600036621094,262.5,264.2900085449219,263.66424560546875,26301900.0,AAPL,-0.007808679766267873,-0.9715661108430732,0.35429625132936043,76.19047619047619,0,Normal Day,0,0,0,0
2019-11-27,265.5799865722656,267.9800109863281,265.3099975585937,267.8399963378906,267.2058410644531,16308900.0,AAPL,0.013432217367400677,0.7660292477260017,-1.5315698890811096,22.22222222222222,0,Normal Day,0,0,0,0
2019-11-29,266.6000061035156,268.0,265.8999938964844,267.25,266.61724853515625,11654400.0,AAPL,-0.0022027681990488364,-0.5111482123564699,-2.4105881707429835,6.349206349206349,0,Normal Day,1,0,1,0
2019-12-02,267.2699890136719,268.25,263.45001220703125,264.1600036621094,263.5345458984375,23621800.0,AAPL,-0.011562277585773915,-1.2871939869670805,0.31653268094537834,79.36507936507937,0,Normal Day,0,0,0,0
2019-12-03,258.3099975585937,259.5299987792969,256.2900085449219,259.45001220703125,258.8357238769531,28607600.0,AAPL,-0.017830004053036884,-1.729281408691014,1.2655857277221614,44.44444444444444,0,Normal Day,0,0,0,0
2019-12-04,261.07000732421875,263.3099975585937,260.67999267578125,261.739990234375,261.1202697753906,16795400.0,AAPL,0.008826238759544417,0.44635981488075566,-1.011161384603448,26.984126984126984,0,Normal Day,0,0,0,0
2019-12-05,263.7900085449219,265.8900146484375,262.7300109863281,265.5799865722656,264.951171875,18606100.0,AAPL,0.014671025358945228,0.9003998717739139,-0.5402562155926047,39.682539682539684,0,Normal Day,0,0,0,0
2019-12-06,267.4800109863281,271.0,267.29998779296875,270.7099914550781,270.06903076171875,26518900.0,AAPL,0.019316234197043973,1.243084654679017,0.9300013519951301,47.61904761904761,0,Normal Day,0,0,0,0
2019-12-09,270.0,270.79998779296875,264.9100036621094,266.9200134277344,266.2880249023437,32010600.0,AAPL,-0.014000145994936491,-1.3841089792898444,1.5759684415669097,85.71428571428571,0,Normal Day,0,0,0,0
2019-12-10,268.6000061035156,270.07000732421875,265.8599853515625,268.4800109863281,267.8443298339844,22605100.0,AAPL,0.005844442055595359,0.23335206438052966,0.12105457483732734,63.49206349206349,0,Normal Day,0,0,0,0
2019-12-11,268.8099975585937,271.1000061035156,268.5,270.7699890136719,270.12890625,19689200.0,AAPL,0.00852949329721355,0.4416145205389893,-0.4402783959639177,20.634920634920633,0,Normal Day,0,0,0,0
2019-12-12,267.7799987792969,272.5599975585937,267.32000732421875,271.4599914550781,270.8172607421875,34327600.0,AAPL,0.002548244472401776,-0.08529174649502247,1.6316829272034667,82.53968253968253,0,Normal Day,0,0,0,0
2019-12-13,271.4599914550781,275.29998779296875,270.92999267578125,275.1499938964844,274.49853515625,33396900.0,AAPL,0.013593204524607454,0.8411479901709886,1.4099096963789488,66.66666666666666,0,Normal Day,0,0,0,0
2019-12-16,277.0,280.7900085449219,276.9800109863281,279.8599853515625,279.1973571777344,32046500.0,AAPL,0.017117840059910384,1.110664333889861,1.1543138310290477,44.44444444444444,0,Normal Day,0,0,0,0
2019-12-17,279.57000732421875,281.7699890136719,278.79998779296875,280.4100036621094,279.74609375,28539600.0,AAPL,0.0019654074730954727,-0.15233784584818744,0.7174346582801808,31.746031746031743,0,Normal Day,0,0,0,0
2019-12-18,279.79998779296875,281.8999938964844,279.1199951171875,279.739990234375,279.0776672363281,29007100.0,AAPL,-0.0023894042798296446,-0.5294804237858721,0.7168768709084901,22.22222222222222,0,Normal Day,0,0,0,0
2019-12-19,279.5,281.17999267578125,278.95001220703125,280.0199890136719,279.35699462890625,24592300.0,AAPL,0.0010008948238111272,-0.26884792407234276,0.11065052273639206,6.349206349206349,0,Normal Day,0,0,0,0
2019-12-20,282.2300109863281,282.6499938964844,278.5599975585937,279.44000244140625,278.77838134765625,68994500.0,AAPL,-0.002071232481644576,-0.5238003006509542,2.754472800820501,57.14285714285714,1,Normal Day,0,1,1,0
2019-12-23,280.5299987792969,284.25,280.3699951171875,284.0,283.3275756835937,24643000.0,AAPL,0.01631831820654801,1.027136307808874,-0.00448246922773159,50.79365079365079,0,Normal Day,0,0,0,0
2019-12-24,284.69000244140625,284.8900146484375,282.9200134277344,284.2699890136719,283.596923828125,12119700.0,AAPL,0.00095065982857984,-0.2733506868359971,-1.7933081930648331,1.5873015873015872,0,Normal Day,0,0,0,0
2019-12-26,284.82000732421875,289.9800109863281,284.70001220703125,289.9100036621094,289.2236022949219,23280300.0,AAPL,0.01984040726128237,1.3119739020825267,-0.12705593153371486,85.71428571428571,0,Normal Day,0,0,0,0
2019-12-27,291.1199951171875,293.9700012207031,288.1199951171875,289.79998779296875,289.11383056640625,36566500.0,AAPL,-0.0003795393171394448,-0.42643353582261184,0.9736557855321017,87.30158730158729,0,Normal Day,0,0,0,0
2019-12-30,289.4599914550781,292.69000244140625,285.2200012207031,291.5199890136719,290.82977294921875,36028600.0,AAPL,0.005935179162652916,0.1432560905398743,0.8506067539053607,92.06349206349206,0,Normal Day,0,0,0,0
2019-12-31,289.92999267578125,293.67999267578125,289.5199890136719,293.6499938964844,292.9547119140625,25201400.0,AAPL,0.007306469840743512,0.2572756360928937,-0.17255389184348432,58.73015873015873,0,Normal Day,0,0,0,0
2019-01-02,99.5500030517578,101.75,98.94000244140624,101.12000274658205,99.37519073486328,35329300.0,MSFT,-0.004430391211859972,-0.10936151749077211,-0.8754209719846913,53.96825396825397,0,Normal Day,0,0,0,0
2019-01-03,100.0999984741211,100.19000244140624,97.1999969482422,97.4000015258789,95.71937561035156,42579100.0,MSFT,-0.03678800611578769,-1.392152714866158,-0.2993126214608326,57.14285714285714,0,Normal Day,0,0,0,0
2019-01-04,99.72000122070312,102.51000213623048,98.93000030517578,101.93000030517578,100.17121124267578,44060600.0,MSFT,0.0465092422922447,1.8820324846261678,-0.2268067768722333,60.317460317460316,0,Normal Day,0,0,0,0
2019-01-07,101.63999938964844,103.2699966430664,100.9800033569336,102.05999755859376,100.29896545410156,35656100.0,MSFT,0.00127535855702376,0.0973863186365589,-0.9092717688216619,33.33333333333333,0,Normal Day,0,0,0,0
2019-01-08,103.04000091552734,103.97000122070312,101.70999908447266,102.8000030517578,101.02619934082033,31514400.0,MSFT,0.007250661892934063,0.32408305150274663,-1.2119648807269374,30.158730158730158,0,Normal Day,0,0,0,0
2019-01-09,103.86000061035156,104.87999725341795,103.23999786376952,104.2699966430664,102.4708251953125,32280800.0,MSFT,0.014299516995770645,0.5843395303308441,-1.0487407029920788,4.761904761904762,0,Normal Day,0,0,0,0
2019-01-10,103.22000122070312,103.75,102.37999725341795,103.5999984741211,101.8124008178711,30067600.0,MSFT,-0.006425481362001618,-0.21781333719463716,-1.1861225454716897,3.1746031746031744,0,Normal Day,0,0,0,0
2019-01-11,103.19000244140624,103.44000244140624,101.63999938964844,102.8000030517578,101.02619934082033,28314200.0,MSFT,-0.007722060090275028,-0.30908937106564144,-1.2572740142678727,11.11111111111111,0,Normal Day,0,0,0,0
2019-01-14,101.9000015258789,102.87000274658205,101.26000213623048,102.0500030517578,100.28914642333984,28437100.0,MSFT,-0.0072956611481935826,-0.28831082541516767,-1.1745940217992645,7.936507936507936,0,Normal Day,0,0,0,0
2019-01-15,102.51000213623048,105.0500030517578,101.87999725341795,105.01000213623048,103.19806671142578,31587600.0,MSFT,0.029005334992151827,1.2015195148380162,-0.8749030644820021,58.73015873015873,0,Normal Day,0,0,0,0
2019-01-16,105.26000213623048,106.26000213623048,104.95999908447266,105.37999725341795,103.56168365478516,29853900.0,MSFT,0.0035234860007228837,0.14388800020977918,-0.9532020064115818,3.1746031746031744,0,Normal Day,0,0,0,0
2019-01-17,105.0,106.62999725341795,104.76000213623048,106.12000274658205,104.2889175415039,28393000.0,MSFT,0.007022229274901785,0.30796662388811513,-0.9943117438714639,17.46031746031746,0,Normal Day,0,0,0,0
2019-01-18,107.45999908447266,107.9000015258789,105.91000366210938,107.70999908447266,105.85147857666016,37427600.0,MSFT,0.014983001760799721,0.6262963843019657,-0.18777206200819005,20.634920634920633,0,Normal Day,0,0,0,0
2019-01-22,106.75,107.0999984741211,104.86000061035156,105.68000030517578,103.85650634765624,32371300.0,MSFT,-0.01884689997560227,-0.7811303574473315,-0.5243039589681838,36.507936507936506,0,Normal Day,0,0,0,0
2019-01-23,106.12000274658205,107.04000091552734,105.33999633789062,106.70999908447266,104.86872863769533,25874300.0,MSFT,0.009746354134527789,0.40215057752378375,-1.1106789546845335,11.11111111111111,0,Normal Day,0,0,0,0
2019-01-24,106.86000061035156,107.0,105.33999633789062,106.1999969482422,104.3675308227539,23164800.0,MSFT,-0.004779287605106559,-0.19234339304632936,-1.8389648112141803,7.936507936507936,0,Normal Day,0,0,0,0
2019-01-25,107.23999786376952,107.87999725341795,106.1999969482422,107.16999816894533,105.32079315185548,31225600.0,MSFT,0.009133705871805,0.3713987399152792,-0.36200662792099303,9.523809523809524,0,Normal Day,0,0,0,0
2019-01-28,106.26000213623048,106.4800033569336,104.66000366210938,105.08000183105467,103.26686096191406,29476700.0,MSFT,-0.019501677954323643,-0.8746340585732258,-0.580862852618891,19.047619047619047,0,Normal Day,0,0,0,0
2019-01-29,104.87999725341795,104.97000122070312,102.16999816894533,102.94000244140624,101.16378784179688,31490500.0,MSFT,-0.020365421206061676,-0.899165010013809,-0.11199943703876318,57.14285714285714,0,Normal Day,0,0,0,0
2019-01-30,104.62000274658205,106.37999725341795,104.33000183105467,106.37999725341795,104.54442596435548,49471900.0,MSFT,0.033417472740792944,1.478396805142402,2.384690850102559,34.92063492063492,0,Normal Day,0,0,0,0
2019-01-31,103.8000030517578,105.22000122070312,103.18000030517578,104.43000030517578,102.6280746459961,55636400.0,MSFT,-0.018330497304684334,-0.8413179801440648,2.421245629155659,38.095238095238095,0,Normal Day,0,1,1,0
2019-02-01,103.77999877929688,104.0999984741211,102.3499984741211,102.77999877929688,101.0065460205078,35535700.0,MSFT,-0.01580004916862734,-0.7142378396463781,0.31216521743325737,17.46031746031746,0,Normal Day,0,0,0,0
2019-02-04,102.87000274658205,105.8000030517578,102.7699966430664,105.73999786376952,103.91546630859376,31315100.0,MSFT,0.028799324426907493,1.2824768625755143,-0.2209681455724275,63.49206349206349,0,Normal Day,0,0,0,0
2019-02-05,106.05999755859376,107.2699966430664,105.95999908447266,107.22000122070312,105.36993408203124,27325400.0,MSFT,0.013996643859713765,0.6028169483882098,-0.8057181427336854,3.1746031746031744,0,Normal Day,0,0,0,0
2019-02-06,107.0,107.0,105.52999877929688,106.02999877929688,104.20046997070312,20609800.0,MSFT,-0.011098650877181671,-0.5081237125647069,-1.90686059203656,7.936507936507936,0,Normal Day,0,0,0,0
2019-02-07,105.19000244140624,105.58999633789062,104.29000091552734,105.2699966430664,103.45357513427734,29760700.0,MSFT,-0.007167864373699824,-0.31928727885969366,-0.2053027259352201,6.349206349206349,0,Normal Day,0,0,0,0
2019-02-08,104.38999938964844,105.77999877929688,104.26000213623048,105.66999816894533,103.8466796875,21461100.0,MSFT,0.0037998160306439584,0.1693160422053011,-1.5174540462655544,11.11111111111111,0,Normal Day,0,0,0,0
2019-02-11,106.1999969482422,106.58000183105467,104.97000122070312,105.25,103.43392181396484,18914100.0,MSFT,-0.003974685322412286,-0.15104527281020297,-1.7931701400977595,14.285714285714285,0,Normal Day,0,0,0,0
2019-02-12,106.13999938964844,107.13999938964844,105.4800033569336,106.88999938964844,105.0456314086914,25056600.0,MSFT,0.015582021511524685,0.7293694450167271,-0.6586950678074539,14.285714285714285,0,Normal Day,0,0,0,0
2019-02-13,107.5,107.77999877929688,106.70999908447266,106.80999755859376,104.96700286865234,18394900.0,MSFT,-0.0007485179439128662,-0.029591003811045395,-1.6488953018050831,1.5873015873015872,0,Normal Day,0,0,0,0
2019-02-14,106.30999755859376,107.29000091552734,105.66000366210938,106.9000015258789,105.05545043945312,21784700.0,MSFT,0.0008426226183809187,0.025159764607144922,-0.9545243499453129,14.285714285714285,0,Normal Day,0,0,0,0
2019-02-15,107.91000366210938,108.3000030517578,107.36000061035156,108.22000122070312,106.35267639160156,26606900.0,MSFT,0.012348011899640287,0.549073374523086,-0.23051852508607146,1.5873015873015872,0,Normal Day,0,0,0,0
2019-02-19,107.79000091552734,108.66000366210938,107.77999877929688,108.16999816894533,106.30354309082033,18038500.0,MSFT,-0.0004619846199292803,-0.054165768003854045,-1.4377674511531826,1.5873015873015872,0,Normal Day,0,0,0,0
2019-02-20,107.86000061035156,107.94000244140624,106.29000091552734,107.1500015258789,105.7508544921875,21607700.0,MSFT,-0.005199155009919451,-0.25613348735806085,-0.7589709248145219,20.634920634920633,0,Normal Day,0,0,0,0
2019-02-21,106.9000015258789,109.4800033569336,106.87000274658205,109.41000366210938,107.98135375976562,29063200.0,MSFT,0.02109202122563375,0.9601429384934794,0.25645953950908784,61.9047619047619,0,Normal Day,0,0,0,0
2019-02-22,110.0500030517578,111.1999969482422,109.81999969482422,110.97000122070312,109.5209732055664,27763200.0,MSFT,0.014258197292340772,0.6177691935850685,0.09012700414330274,11.11111111111111,0,Normal Day,0,0,0,0
2019-02-25,111.76000213623048,112.18000030517578,111.26000213623048,111.58999633789062,110.13287353515624,23750600.0,MSFT,0.005587060739875983,0.1845792715285249,-0.44368032825229653,3.1746031746031744,0,Normal Day,0,0,0,0
2019-02-26,111.26000213623048,113.23999786376952,111.16999816894533,112.36000061035156,110.892822265625,21536700.0,MSFT,0.0069002896780512675,0.2535863165455979,-0.7106671248138382,44.44444444444444,0,Normal Day,0,0,0,0
2019-02-27,111.69000244140624,112.36000061035156,110.87999725341795,112.16999816894533,110.7052993774414,21487100.0,MSFT,-0.001691028186967903,-0.1597841710046384,-0.6620672043595762,14.285714285714285,0,Normal Day,0,0,0,0
2019-02-28,112.04000091552734,112.87999725341795,111.7300033569336,112.02999877929688,110.56713104248048,29083900.0,MSFT,-0.0012480733599739315,-0.11436701232273341,0.36471017690380264,7.936507936507936,0,Normal Day,0,0,0,0
2019-03-01,112.88999938964844,113.0199966430664,111.66999816894533,112.52999877929688,111.06060791015624,23501200.0,MSFT,0.004463142554419327,0.16783225900204177,-0.26734027596294,9.523809523809524,0,Normal Day,0,0,0,0
2019-03-04,113.0199966430664,113.25,110.8000030517578,112.26000213623048,110.79412841796876,26608000.0,MSFT,-0.0023994060288508707,-0.14242050157231492,0.4839790558368736,61.9047619047619,0,Normal Day,0,0,0,0
2019-03-05,112.25,112.38999938964844,111.2300033569336,111.6999969482422,110.2414321899414,19538300.0,MSFT,-0.004988497458478322,-0.2760996376533069,-1.1188867799889157,9.523809523809524,0,Normal Day,0,0,0,0
2019-03-06,111.87000274658205,112.66000366210938,111.43000030517578,111.75,110.29078674316406,17687000.0,MSFT,0.00044769513822734457,0.0033285644464437826,-1.5586079166496496,11.11111111111111,0,Normal Day,0,0,0,0
2019-03-07,111.4000015258789,111.5500030517578,109.87000274658205,110.38999938964844,108.94853973388672,25339000.0,MSFT,-0.012170073756052316,-0.615741879903577,0.6069829142865794,26.984126984126984,0,Normal Day,0,0,0,0
2019-03-08,109.16000366210938,110.70999908447266,108.8000030517578,110.51000213623048,109.06697845458984,22818400.0,MSFT,0.0010871070047603999,0.028262811732489877,-0.05619422470069569,44.44444444444444,0,Normal Day,0,0,0,0
2019-03-11,110.98999786376952,112.9499969482422,110.9800033569336,112.83000183105467,111.356689453125,26491600.0,MSFT,0.020993622735120326,1.0354530585306425,0.9312021906124084,47.61904761904761,0,Normal Day,0,0,0,0
2019-03-12,112.81999969482422,113.98999786376952,112.6500015258789,113.62000274658205,112.13636779785156,26132700.0,MSFT,0.00700163006421598,0.29106967010903056,0.7750484269949064,12.698412698412698,0,Normal Day,0,0,0,0
2019-03-13,114.12999725341795,115.0,113.77999877929688,114.5,113.00487518310548,35513800.0,MSFT,0.007745100026956289,0.35102588760082376,2.2580587187030052,11.11111111111111,0,Normal Day,1,1,1,1
2019-03-14,114.54000091552734,115.1999969482422,114.33000183105467,114.58999633789062,113.09369659423828,30763400.0,MSFT,0.0007859962766108813,-0.016380083477455485,1.3277318552777666,1.5873015873015872,0,Normal Day,1,0,1,0
2019-03-15,115.33999633789062,117.25,114.58999633789062,115.91000366210938,114.39646911621094,54681100.0,MSFT,0.011519408784088041,0.5551117794402906,3.099374320973741,74.6031746031746,1,Volume Shock,0,1,1,0
2019-03-18,116.16999816894533,117.61000061035156,116.0500030517578,117.56999969482422,116.03478240966795,31207600.0,MSFT,0.014321362417162703,0.6938445220578894,0.7662341016871304,28.57142857142857,0,Normal Day,0,0,0,0
2019-03-19,118.08999633789062,118.44000244140624,116.98999786376952,117.6500015258789,116.1137466430664,37588700.0,MSFT,0.0006805220965525977,-0.0660228641938703,1.3727451429028776,20.634920634920633,0,Normal Day,1,0,1,0
2019-03-20,117.38999938964844,118.75,116.70999908447266,117.5199966430664,115.98544311523438,28113300.0,MSFT,-0.0011049813785307973,-0.19384578037185388,0.19807797420625248,55.55555555555555,0,Normal Day,0,0,0,0
2019-03-21,117.13999938964844,120.81999969482422,117.08999633789062,120.22000122070312,118.6501922607422,29854400.0,MSFT,0.022974858516170284,1.14198135406415,0.38374449141960254,88.88888888888889,0,Normal Day,0,0,0,0
2019-03-22,119.5,119.58999633789062,117.04000091552734,117.0500030517578,115.52157592773438,33624500.0,MSFT,-0.02636840508553472,-1.5623219257709455,0.8273498714875697,71.42857142857143,0,Normal Day,0,0,0,0
2019-03-25,116.55999755859376,118.01000213623048,116.31999969482422,117.66000366210938,116.12362670898438,27067100.0,MSFT,0.0052115873282980365,0.1464677237644176,-0.03921123407125998,33.33333333333333,0,Normal Day,0,0,0,0
2019-03-26,118.62000274658205,118.70999908447266,116.8499984741211,117.91000366210938,116.37034606933594,26097700.0,MSFT,0.002124626721914758,-0.0569707170521655,-0.20524734535748865,49.2063492063492,0,Normal Day,0,0,0,0
2019-03-27,117.87999725341795,118.20999908447266,115.5199966430664,116.7699966430664,115.24522399902344,22733400.0,MSFT,-0.009668460293502336,-0.8023378534610919,-0.7817019726791536,82.53968253968253,0,Normal Day,0,0,0,0
2019-03-28,117.44000244140624,117.58000183105467,116.12999725341795,116.93000030517578,115.40314483642578,18334800.0,MSFT,0.0013703026635071831,-0.0832636234698269,-1.5639066847688827,25.396825396825395,0,Normal Day,0,0,0,0
2019-03-29,118.06999969482422,118.31999969482422,116.95999908447266,117.94000244140624,116.39996337890624,25399800.0,MSFT,0.008637706917721876,0.4198341285465755,-0.2603342866159864,15.873015873015872,0,Normal Day,0,0,0,0
2019-04-01,118.9499969482422,119.11000061035156,118.0999984741211,119.0199966430664,117.46585845947266,22789100.0,MSFT,0.0091571771126483,0.43844613234766133,-0.6773062844212191,6.349206349206349,0,Normal Day,0,0,0,0
2019-04-02,119.05999755859376,119.4800033569336,118.5199966430664,119.19000244140624,117.63363647460938,18142300.0,MSFT,0.0014283130207966299,-0.0897359563972392,-1.4160501327976334,3.1746031746031744,0,Normal Day,0,0,0,0
2019-04-03,119.86000061035156,120.43000030517578,119.1500015258789,119.97000122070312,118.40345764160156,22860700.0,MSFT,0.006544226550017005,0.2565662692566438,-0.6047921857130846,17.46031746031746,0,Normal Day,0,0,0,0
2019-04-04,120.0999984741211,120.2300033569336,118.37999725341795,119.36000061035156,117.80142211914062,20112800.0,MSFT,-0.005084610994074634,-0.6335105068454107,-1.1520196862700771,50.79365079365079,0,Normal Day,0,0,0,0
2019-04-05,119.38999938964844,120.2300033569336,119.37000274658205,119.88999938964844,118.32449340820312,15826200.0,MSFT,0.0044402799189765495,0.14120757062818967,-1.8238293317996708,1.5873015873015872,0,Normal Day,0,0,0,0
2019-04-08,119.80999755859376,120.0199966430664,118.63999938964844,119.93000030517578,118.3639678955078,15116200.0,MSFT,0.00033361213868452215,-0.19460814355386458,-1.7661134417756947,22.22222222222222,0,Normal Day,0,0,0,0
2019-04-09,118.62999725341795,119.54000091552734,118.58000183105467,119.27999877929688,117.72245025634766,17612000.0,MSFT,-0.00541987270760031,-0.6487582180404639,-1.1571028068529259,4.761904761904762,0,Normal Day,0,0,0,0
2019-04-10,119.76000213623048,120.3499984741211,119.54000091552734,120.19000244140624,118.6205825805664,16477200.0,MSFT,0.007629235734246215,0.430962868207988,-1.2449554375801084,1.5873015873015872,0,Normal Day,0,0,0,0
2019-04-11,120.54000091552734,120.8499984741211,119.91999816894533,120.33000183105467,118.75875091552734,14209100.0,MSFT,0.0011647922473074551,-0.11199457256826506,-1.5133951093965812,6.349206349206349,0,Normal Day,0,0,0,0
2019-04-12,120.63999938964844,120.9800033569336,120.37000274658205,120.9499969482422,119.3706512451172,19745100.0,MSFT,0.005152465185703245,0.20213602529272892,-0.48711548748537814,1.5873015873015872,0,Normal Day,0,0,0,0
2019-04-15,120.94000244140624,121.58000183105467,120.56999969482422,121.0500030517578,119.46935272216795,15792600.0,MSFT,0.0008268487774945449,-0.16939274038705282,-1.1558988503261285,15.873015873015872,0,Normal Day,0,0,0,0
2019-04-16,121.63999938964844,121.6500015258789,120.0999984741211,120.7699966430664,119.19300079345705,14071800.0,MSFT,-0.0023131616804987595,-0.40621265679129603,-1.4104059862252483,46.03174603174603,0,Normal Day,0,0,0,0
2019-04-17,121.23999786376952,121.8499984741211,120.54000091552734,121.7699966430664,120.17994689941406,19300900.0,MSFT,0.008280235411366488,0.5080648495182375,-0.22642287297768082,28.57142857142857,0,Normal Day,0,0,0,0
2019-04-18,122.19000244140624,123.5199966430664,121.3000030517578,123.37000274658205,121.7590560913086,27991000.0,MSFT,0.013139539770442603,0.9164795669405057,1.2290872496508376,79.36507936507937,0,Normal Day,0,0,0,0
2019-04-22,122.62000274658205,124.0,122.56999969482422,123.76000213623048,122.14395904541016,15648700.0,MSFT,0.0031611854301245496,0.07163166977500687,-0.9607711788566519,34.92063492063492,0,Normal Day,0,0,0,0
2019-04-23,124.0999984741211,125.58000183105467,123.83000183105467,125.44000244140624,123.80203247070312,24025500.0,MSFT,0.013574747685037272,0.9547638621342497,0.9462901091188919,53.96825396825397,0,Normal Day,0,0,0,0
2019-04-24,125.79000091552734,125.8499984741211,124.5199966430664,125.01000213623048,123.37764739990234,31257000.0,MSFT,-0.0034279329856818706,-0.5412362538689504,1.9976091160913645,25.396825396825395,0,Normal Day,0,0,0,0
2019-04-25,130.05999755859375,131.3699951171875,128.8300018310547,129.14999389648438,127.4635772705078,38033900.0,MSFT,0.03311726197340904,2.5279253003237185,2.4036876062535804,87.30158730158729,1,Normal Day,0,1,1,0
2019-04-26,129.6999969482422,130.52000427246094,129.02000427246094,129.88999938964844,128.19390869140625,23654900.0,MSFT,0.005729726377822553,0.21507007577820156,0.6176699817312459,36.507936507936506,0,Normal Day,0,0,0,0
2019-04-29,129.89999389648438,130.17999267578125,129.35000610351562,129.77000427246094,128.0754852294922,16324200.0,MSFT,-0.0009237838452928089,-0.38535795955221314,-0.7350520711858394,3.1746031746031744,0,Normal Day,0,0,0,0
2019-04-30,129.80999755859375,130.6999969482422,129.38999938964844,130.60000610351562,128.8946533203125,24166500.0,MSFT,0.006395978819463266,0.225032935326662,0.7238760734774504,23.809523809523807,0,Normal Day,0,0,0,0
2019-05-01,130.52999877929688,130.64999389648438,127.6999969482422,127.87999725341795,126.2101593017578,26821700.0,MSFT,-0.020827039364336865,-2.2085631535698065,1.056801287409204,95.23809523809523,1,Normal Day,0,0,0,0
2019-05-02,127.9800033569336,128.0,125.5199966430664,126.20999908447266,124.5619659423828,27350200.0,MSFT,-0.013059117970323683,-1.518725856930893,1.030325307480587,85.71428571428571,0,Normal Day,0,0,0,0
2019-05-03,127.36000061035156,129.42999267578125,127.25,128.89999389648438,127.2168426513672,24911100.0,MSFT,0.021313702693263843,1.6554832091952005,0.6801979471042788,76.19047619047619,0,Normal Day,0,0,0,0
2019-05-06,126.38999938964844,128.55999755859375,126.11000061035156,128.14999389648438,126.47662353515624,24239800.0,MSFT,-0.005818562234243681,-0.8822164092885313,0.548964417332883,85.71428571428571,0,Normal Day,0,0,0,0
2019-05-07,126.45999908447266,127.18000030517578,124.22000122070312,125.5199966430664,123.88096618652344,36017700.0,MSFT,-0.020522822922382118,-2.1994639542094254,1.689605112451689,96.82539682539682,1,Normal Day,0,0,0,0
2019-05-08,125.44000244140624,126.37000274658205,124.75,125.51000213623048,123.8711166381836,28419000.0,MSFT,-7.950816532229506e-05,-0.2774529717945908,0.8281236375653734,53.96825396825397,0,Normal Day,0,0,0,0
2019-05-09,124.29000091552734,125.79000091552734,123.56999969482422,125.5,123.86124420166016,27235800.0,MSFT,-7.969926155000282e-05,-0.29030847853072506,0.6200472259071989,79.36507936507937,0,Normal Day,0,0,0,0
2019-05-10,124.91000366210938,127.93000030517578,123.81999969482422,127.12999725341795,125.46995544433594,30915100.0,MSFT,0.01298801132706706,0.9555747580826838,0.951645593967601,100.0,1,Range Shock,0,0,0,0
2019-05-13,124.11000061035156,125.5500030517578,123.04000091552734,123.3499984741211,121.73931121826172,33944900.0,MSFT,-0.029733366947191583,-2.904426337932205,1.1766081421647692,85.71428571428571,1,Normal Day,0,0,0,0
2019-05-14,123.87000274658205,125.87999725341795,123.6999969482422,124.7300033569336,123.10130310058594,25266300.0,MSFT,0.011187773848024784,0.7766659039437738,0.0937227729141089,74.6031746031746,0,Normal Day,0,0,0,0
2019-05-15,124.26000213623048,126.70999908447266,123.6999969482422,126.0199966430664,124.8348388671875,24722700.0,MSFT,0.014082188595396852,1.0088514285928514,-0.06510276043694438,96.82539682539682,1,Normal Day,0,0,0,0
2019-05-16,126.75,129.3800048828125,126.45999908447266,128.92999267578125,127.71746826171876,30112200.0,MSFT,0.02309154576310312,1.739671054037569,0.6378375946708447,87.30158730158729,0,Normal Day,0,0,0,0
2019-05-17,128.30999755859375,130.4600067138672,127.91999816894533,128.07000732421875,126.86557006835938,25770500.0,MSFT,-0.006670177579888121,-0.8325709017362263,-0.11810496468409223,80.95238095238095,0,Normal Day,0,0,0,0
2019-05-20,126.5199966430664,127.58999633789062,125.76000213623048,126.22000122070312,125.03296661376952,23706900.0,MSFT,-0.014445238795698395,-1.4663638933104663,-0.46742933736323944,55.55555555555555,0,Normal Day,0,0,0,0
2019-05-21,127.43000030517578,127.52999877929688,126.58000183105467,126.9000015258789,125.70657348632812,15293300.0,MSFT,0.005387434136785695,0.22152238618074252,-2.460028148288458,7.936507936507936,0,Normal Day,1,0,1,0
2019-05-22,126.62000274658205,128.24000549316406,126.5199966430664,127.66999816894533,126.46932220458984,15396500.0,MSFT,0.006067691586110057,0.3066629483037828,-2.0636987462084275,53.96825396825397,0,Normal Day,0,0,0,0
2019-05-23,126.1999969482422,126.29000091552734,124.73999786376952,126.18000030517578,124.99333953857422,23603800.0,MSFT,-0.011670677444035977,-1.210703489573259,-0.28597508207263733,42.857142857142854,0,Normal Day,0,0,0,0
2019-05-24,126.91000366210938,127.41999816894533,125.97000122070312,126.23999786376952,125.05276489257812,14123400.0,MSFT,0.0004754281645988583,-0.1407502882035234,-2.091075775670205,31.746031746031743,0,Normal Day,0,0,0,0
2019-05-28,126.9800033569336,128.0,126.0500030517578,126.16000366210938,124.9735336303711,23128400.0,MSFT,-0.0006335826502923937,-0.22762242972805377,-0.16284172330798413,61.9047619047619,0,Normal Day,0,0,0,0
2019-05-29,125.37999725341795,125.38999938964844,124.04000091552734,124.94000244140624,123.76499938964844,22763100.0,MSFT,-0.009670321432192888,-1.0011434218069315,-0.3050681900533879,30.158730158730158,0,Normal Day,0,0,0,0
2019-05-30,125.26000213623048,125.76000213623048,124.77999877929688,125.7300033569336,124.5475616455078,16829600.0,MSFT,0.006322969011583201,0.3796480112395235,-1.4073864340505913,12.698412698412698,0,Normal Day,0,0,0,0
2019-05-31,124.2300033569336,124.62000274658205,123.31999969482422,123.68000030517578,122.516845703125,26646800.0,MSFT,-0.016304742666602357,-1.529621088657245,0.3990939630599773,23.809523809523807,0,Normal Day,1,0,1,0
2019-06-03,123.8499984741211,124.37000274658205,119.01000213623048,119.83999633789062,118.71295166015624,37983600.0,MSFT,-0.03104792668418935,-2.5948762485212424,1.6181520952313673,100.0,1,Range Shock,0,0,0,0
2019-06-04,121.27999877929688,123.27999877929688,120.6500015258789,123.16000366210938,122.00173950195312,29382600.0,MSFT,0.02770369867655063,2.027229833097602,0.6389936718863163,84.12698412698413,0,Normal Day,0,0,0,0
2019-06-05,124.9499969482422,125.87000274658205,124.20999908447266,125.83000183105467,124.6466293334961,24926100.0,MSFT,0.021679115743268782,1.5029507609702049,0.03622266131172779,49.2063492063492,0,Normal Day,0,0,0,0
2019-06-06,126.44000244140624,127.97000122070312,125.5999984741211,127.81999969482422,126.61791229248048,21459000.0,MSFT,0.01581497204958634,1.0216243295641037,-0.4388113608236231,74.6031746031746,0,Normal Day,0,0,0,0
2019-06-07,129.19000244140625,132.25,128.25999450683594,131.39999389648438,130.1642303466797,33885600.0,MSFT,0.02800802816909035,1.8669737250736131,1.231589417769893,95.23809523809523,1,Normal Day,0,0,0,0
2019-06-10,132.39999389648438,134.0800018310547,132.0,132.60000610351562,131.35296630859375,26477100.0,MSFT,0.009132585494094504,0.4837608625539544,0.3256283964651911,61.9047619047619,0,Normal Day,0,0,0,0
2019-06-11,133.8800048828125,134.24000549316406,131.27999877929688,132.10000610351562,130.857666015625,23913700.0,MSFT,-0.003770758338301379,-0.4750267981505668,-0.006219428758195709,84.12698412698413,0,Normal Day,0,0,0,0
2019-06-12,131.39999389648438,131.97000122070312,130.7100067138672,131.49000549316406,130.25340270996094,17084700.0,MSFT,-0.00461771422387979,-0.5234841985561054,-1.1672677932949604,20.634920634920633,0,Normal Day,0,0,0,0
2019-06-13,131.97999572753906,133.0,131.55999755859375,132.32000732421875,131.07559204101562,17200800.0,MSFT,0.006312229192856332,0.29158130089134526,-1.0432548680572706,30.158730158730158,0,Normal Day,0,0,0,0
2019-06-14,132.25999450683594,133.7899932861328,131.63999938964844,132.4499969482422,131.20437622070312,17821700.0,MSFT,0.0009825183902064801,-0.09672435100296792,-0.8393151560420108,63.49206349206349,0,Normal Day,0,0,0,0
2019-06-17,132.6300048828125,133.72999572753906,132.52999877929688,132.85000610351562,131.60061645507812,14517800.0,MSFT,0.003020023003718043,0.07097533272764867,-1.4273672032995282,19.047619047619047,0,Normal Day,0,0,0,0
2019-06-18,134.19000244140625,135.24000549316406,133.57000732421875,135.16000366210938,133.88888549804688,25934500.0,MSFT,0.01738798118586208,1.1300762698491464,0.6446438690819407,42.857142857142854,0,Normal Day,0,0,0,0
2019-06-19,135.0,135.92999267578125,133.80999755859375,135.69000244140625,134.41390991210938,23744400.0,MSFT,0.0039213442707323075,0.11209535137376667,0.3292579681448254,60.317460317460316,0,Normal Day,0,0,0,0
2019-06-20,137.4499969482422,137.66000366210938,135.72000122070312,136.9499969482422,135.6620330810547,33042600.0,MSFT,0.009285669688214827,0.541158141897894,1.365523089598282,53.96825396825397,0,Normal Day,0,0,0,0
2019-06-21,136.5800018310547,137.72999572753906,136.4600067138672,136.97000122070312,135.68186950683594,36727900.0,MSFT,0.00014621943465492832,-0.19821921370510942,1.562576366047372,20.634920634920633,0,Normal Day,1,0,1,0
2019-06-24,137.0,138.39999389648438,137.0,137.77999877929688,136.48423767089844,20628800.0,MSFT,0.005913598972205163,0.2603667746295263,-0.4149519006219931,25.396825396825395,0,Normal Day,0,0,0,0
2019-06-25,137.25,137.58999633789062,132.72999572753906,133.42999267578125,132.17514038085938,33327400.0,MSFT,-0.031572124104392904,-2.537651855028275,1.1555006431332733,98.4126984126984,1,Range Shock,0,0,0,0
2019-06-26,134.35000610351562,135.74000549316406,133.60000610351562,133.92999267578125,132.67044067382812,23657700.0,MSFT,0.003747302946239017,0.10798002089207744,-0.09100022070822071,66.66666666666666,0,Normal Day,0,0,0,0
2019-06-27,134.13999938964844,134.7100067138672,133.50999450683594,134.14999389648438,132.88836669921875,16557500.0,MSFT,0.0016426117549906897,-0.05193553969975326,-1.2743807220547592,19.047619047619047,0,Normal Day,0,0,0,0
2019-06-28,134.57000732421875,134.60000610351562,133.16000366210938,133.9600067138672,132.70018005371094,30043000.0,MSFT,-0.001416125806811642,-0.27211236484898893,0.7188301799358225,33.33333333333333,0,Normal Day,0,0,0,0
2019-07-01,136.6300048828125,136.6999969482422,134.97000122070312,135.67999267578125,134.40399169921875,22654200.0,MSFT,0.012839557902771404,0.8033589147278516,-0.2611202480264839,47.61904761904761,0,Normal Day,0,0,0,0
2019-07-02,136.1199951171875,136.58999633789062,135.33999633789062,136.5800018310547,135.29551696777344,15237800.0,MSFT,0.006633175527627351,0.3270378981780378,-1.529511358423445,19.047619047619047,0,Normal Day,0,0,0,0
2019-07-03,136.8000030517578,137.74000549316406,136.2899932861328,137.4600067138672,136.16725158691406,13629300.0,MSFT,0.006443189239952916,0.31280262439525974,-1.6890220510549088,28.57142857142857,0,Normal Day,0,0,0,0
2019-07-05,135.94000244140625,137.3300018310547,135.72000122070312,137.05999755859375,135.77101135253906,18141100.0,MSFT,-0.0029099525014800215,-0.39772401297806814,-0.6684768260915089,44.44444444444444,0,Normal Day,0,0,0,0
2019-07-08,136.39999389648438,137.10000610351562,135.3699951171875,136.9600067138672,135.6719512939453,16779700.0,MSFT,-0.0007296112594796361,-0.22634481067785064,-0.8722689520277686,47.61904761904761,0,Normal Day,0,0,0,0
2019-07-09,136.0,136.97000122070312,135.8000030517578,136.4600067138672,135.17666625976562,19953100.0,MSFT,-0.0036506074354794864,-0.4420829273696334,-0.23516408619426282,14.285714285714285,0,Normal Day,0,0,0,0
2019-07-10,137.1300048828125,138.5800018310547,137.02000427246094,137.85000610351562,136.55360412597656,24204400.0,MSFT,0.01018620967885767,0.5852729261725897,0.4521949801573052,36.507936507936506,0,Normal Day,0,0,0,0
2019-07-11,138.1999969482422,139.22000122070312,137.8699951171875,138.39999389648438,137.09840393066406,22327900.0,MSFT,0.0039896406116450706,0.12132712013776267,0.18239322003457797,20.634920634920633,0,Normal Day,0,0,0,0
2019-07-12,138.85000610351562,139.1300048828125,138.00999450683594,138.89999389648438,137.5937042236328,18936800.0,MSFT,0.003612735661162346,0.08986068810895884,-0.41662233187870973,7.936507936507936,0,Normal Day,0,0,0,0
2019-07-15,139.44000244140625,139.5399932861328,138.4600067138672,138.89999389648438,137.5937042236328,16651500.0,MSFT,0.0,-0.17739565176100902,-0.8627561129013065,4.761904761904762,0,Normal Day,0,0,0,0
2019-07-16,138.9600067138672,139.0500030517578,136.52000427246094,137.0800018310547,135.7908172607422,22726100.0,MSFT,-0.013102975699821044,-1.140228273134637,0.19497758009985744,74.6031746031746,0,Normal Day,0,0,0,0
2019-07-17,137.6999969482422,137.92999267578125,136.22000122070312,136.27000427246094,134.9884490966797,20211000.0,MSFT,-0.005908854370629587,-0.5959897822145082,-0.2934415086036611,46.03174603174603,0,Normal Day,0,0,0,0
2019-07-18,135.5500030517578,136.6199951171875,134.6699981689453,136.4199981689453,135.1370391845703,30808700.0,MSFT,0.0011007615013355974,-0.0636943393128712,1.2196505255403935,57.14285714285714,0,Normal Day,0,0,0,0
2019-07-19,140.22000122070312,140.6699981689453,136.4499969482422,136.6199951171875,135.33514404296875,48992400.0,MSFT,0.0014659552968884102,-0.022610301199435356,2.3494091267648063,95.23809523809523,1,Normal Day,0,0,0,0
2019-07-22,137.41000366210938,139.19000244140625,137.3300018310547,138.42999267578125,137.12811279296875,25074900.0,MSFT,0.0132483603034459,0.8476193327826566,0.3422057273072229,50.79365079365079,0,Normal Day,0,0,0,0
2019-07-23,139.75999450683594,139.99000549316406,138.02999877929688,139.2899932861328,137.98004150390625,18034600.0,MSFT,0.006212648111213434,0.3314171164997948,-0.6313633869554666,53.96825396825397,0,Normal Day,0,0,0,0
2019-07-24,138.89999389648438,140.74000549316406,138.85000610351562,140.72000122070312,139.39659118652344,20738300.0,MSFT,0.010266337559965762,0.619006565410355,-0.16281619622911803,49.2063492063492,0,Normal Day,0,0,0,0
2019-07-25,140.42999267578125,140.61000061035156,139.32000732421875,140.19000244140625,138.87158203125,18356900.0,MSFT,-0.0037662983779204085,-0.40943124467008973,-0.5019311410946271,15.873015873015872,0,Normal Day,0,0,0,0
2019-07-26,140.3699951171875,141.67999267578125,140.3000030517578,141.33999633789062,140.01075744628906,19037600.0,MSFT,0.008203085169597306,0.5278061202086924,-0.3370589839934247,22.22222222222222,0,Normal Day,0,0,0,0
2019-07-29,141.5,141.50999450683594,139.3699951171875,141.02999877929688,139.70367431640625,16605900.0,MSFT,-0.00219328239832297,-0.2867633487166992,-0.8214145544692787,60.317460317460316,0,Normal Day,0,0,0,0
2019-07-30,140.13999938964844,141.22000122070312,139.8000030517578,140.35000610351562,139.0300750732422,16846500.0,MSFT,-0.004821628682710729,-0.4787603597240676,-0.694822506008998,22.22222222222222,0,Normal Day,0,0,0,0
2019-07-31,140.3300018310547,140.49000549316406,135.0800018310547,136.27000427246094,134.9884490966797,38598800.0,MSFT,-0.029070156039499643,-2.3212276354579595,2.000704389301762,98.4126984126984,1,Range Shock,0,0,0,0
2019-08-01,137.0,140.94000244140625,136.92999267578125,138.05999755859375,136.7615966796875,40557500.0,MSFT,0.013135550448008123,0.8914512491142004,1.8692118198745815,90.47619047619047,0,Normal Day,0,0,0,0
2019-08-02,138.08999633789062,138.32000732421875,135.25999450683594,136.89999389648438,135.6125030517578,30791600.0,MSFT,-0.008402165928356381,-0.7428264604323284,0.9472348330958107,82.53968253968253,0,Normal Day,0,0,0,0
2019-08-05,133.3000030517578,133.92999267578125,130.77999877929688,132.2100067138672,130.9666290283203,42749600.0,MSFT,-0.0342584490285852,-2.582436753426486,1.7211168488025885,87.30158730158729,1,Normal Day,0,0,0,0
2019-08-06,133.8000030517578,135.67999267578125,133.2100067138672,134.69000244140625,133.42330932617188,32696700.0,MSFT,0.01875806314996722,1.3024293514965692,0.8524398307411524,73.01587301587301,0,Normal Day,0,0,0,0
2019-08-07,133.7899932861328,135.64999389648438,131.8300018310547,135.27999877929688,134.0077362060547,33414500.0,MSFT,0.004380245721938282,0.22642445920876628,0.8364189819013998,88.88888888888889,0,Normal Day,0,0,0,0
2019-08-08,136.60000610351562,138.99000549316406,135.92999267578125,138.88999938964844,137.58380126953125,27496500.0,MSFT,0.026685512081018128,1.8051644160317566,0.24983018105394075,79.36507936507937,0,Normal Day,0,0,0,0
2019-08-09,138.61000061035156,139.3800048828125,136.4600067138672,137.7100067138672,136.4149169921875,23466700.0,MSFT,-0.008495798680935314,-0.7192526867960173,-0.21911337523557592,77.77777777777777,0,Normal Day,0,0,0,0
2019-08-12,137.07000732421875,137.86000061035156,135.24000549316406,135.7899932861328,134.512939453125,20476600.0,MSFT,-0.013942592063970735,-1.1696514088707293,-0.6331447778486671,74.6031746031746,0,Normal Day,0,0,0,0
2019-08-13,136.0500030517578,138.8000030517578,135.0,138.60000610351562,137.29653930664062,25154600.0,MSFT,0.020693918851469695,1.3964634973519916,-0.08896513711422466,88.88888888888889,0,Normal Day,0,0,0,0
2019-08-14,136.36000061035156,136.9199981689453,133.6699981689453,133.97999572753906,133.16192626953125,32527300.0,MSFT,-0.030114473809678872,-2.230513597062997,0.6433335899779534,87.30158730158729,0,Normal Day,0,0,0,0
2019-08-15,134.38999938964844,134.5800018310547,132.25,133.67999267578125,132.86375427246094,28074400.0,MSFT,-0.0022391685478233966,-0.2156402609688584,0.14919898836552806,68.25396825396825,0,Normal Day,0,0,0,0
2019-08-16,134.8800048828125,136.4600067138672,134.72000122070312,136.1300048828125,135.29881286621094,24449100.0,MSFT,0.018327485980536695,1.2410355955493804,-0.2462649852788514,46.03174603174603,0,Normal Day,0,0,0,0
2019-08-19,137.85000610351562,138.5500030517578,136.88999938964844,138.41000366210938,137.5648956298828,24355700.0,MSFT,0.016748726139324453,1.0920955604251263,-0.17196340680806366,38.095238095238095,0,Normal Day,0,0,0,0
2019-08-20,138.2100067138672,138.7100067138672,137.24000549316406,137.25999450683594,136.42190551757812,21170800.0,MSFT,-0.008308733903887026,-0.6977400841743068,-0.6227327937242725,26.984126984126984,0,Normal Day,0,0,0,0
2019-08-21,138.5500030517578,139.49000549316406,138.0,138.7899932861328,137.9425506591797,14970300.0,MSFT,0.01114663466862091,0.6933042537290627,-1.7013229197719426,28.57142857142857,0,Normal Day,0,0,0,0
2019-08-22,138.66000366210938,139.1999969482422,136.2899932861328,137.77999877929688,136.938720703125,18697000.0,MSFT,-0.007277159594756888,-0.6350028055398754,-0.9444421125927699,76.19047619047619,0,Normal Day,0,0,0,0
2019-08-23,137.19000244140625,138.35000610351562,132.8000030517578,133.38999938964844,132.57553100585938,38508600.0,MSFT,-0.031862351823227275,-2.265916433871693,1.2562574964425657,98.4126984126984,1,Range Shock,0,0,0,0
2019-08-26,134.99000549316406,135.55999755859375,133.89999389648438,135.4499969482422,134.62295532226562,20312600.0,MSFT,0.01544345552208847,0.967748764479624,-0.7951193677771384,39.682539682539684,0,Normal Day,0,0,0,0
2019-08-27,136.38999938964844,136.72000122070312,134.66000366210938,135.74000549316406,134.9111785888672,23102100.0,MSFT,0.0021409667163493963,0.04576435516553476,-0.4557682145806237,58.73015873015873,0,Normal Day,0,0,0,0
2019-08-28,134.8800048828125,135.75999450683594,133.5500030517578,135.55999755859375,134.73226928710938,17393300.0,MSFT,-0.0013261265940239589,-0.18412251211298733,-1.432325808868368,65.07936507936508,0,Normal Day,0,0,0,0
2019-08-29,137.25,138.44000244140625,136.91000366210938,138.1199951171875,137.27664184570312,20168700.0,MSFT,0.018884656007476488,1.1674545010542077,-0.8441188076663938,30.158730158730158,0,Normal Day,0,0,0,0
2019-08-30,139.14999389648438,139.17999267578125,136.27000427246094,137.86000061035156,137.01824951171875,23940100.0,MSFT,-0.0018822745844468143,-0.30574430261069363,-0.16781968917948983,74.6031746031746,0,Normal Day,0,0,0,0
2019-09-03,136.61000061035156,137.1999969482422,135.6999969482422,136.0399932861328,135.2093505859375,18869300.0,MSFT,-0.013201883196052219,-1.0916052599530512,-0.9663355469830386,30.158730158730158,0,Normal Day,0,0,0,0
2019-09-04,137.3000030517578,137.69000244140625,136.47999572753906,137.6300048828125,136.78965759277344,17995900.0,MSFT,0.011687852947947655,0.7499164246368603,-1.0899420814718315,6.349206349206349,0,Normal Day,0,0,0,0
2019-09-05,139.11000061035156,140.3800048828125,138.75999450683594,140.0500030517578,139.1948699951172,26101800.0,MSFT,0.017583291344321756,1.1818630783272475,0.5023807322862819,36.507936507936506,0,Normal Day,0,0,0,0
2019-09-06,140.02999877929688,140.17999267578125,138.1999969482422,139.10000610351562,138.25067138671875,20824500.0,MSFT,-0.006783285967590321,-0.5957157372844998,-0.39500626810979217,57.14285714285714,0,Normal Day,0,0,0,0
2019-09-09,139.58999633789062,139.75,136.4600067138672,137.52000427246094,136.68032836914062,25773900.0,MSFT,-0.01135866467646668,-0.9157502338618744,0.6017273945528102,87.30158730158729,0,Normal Day,0,0,0,0
2019-09-10,136.8000030517578,136.88999938964844,134.50999450683594,136.0800018310547,135.24911499023438,28903400.0,MSFT,-0.010471246272110846,-0.8363534723837212,1.054749046550126,71.42857142857143,0,Normal Day,0,0,0,0
2019-09-11,135.91000366210938,136.27000427246094,135.08999633789062,136.1199951171875,135.28884887695312,24726100.0,MSFT,0.0002937829701999823,-0.029862032211345663,0.31405751236060364,6.349206349206349,0,Normal Day,0,0,0,0
2019-09-12,137.85000610351562,138.4199981689453,136.8699951171875,137.52000427246094,136.68032836914062,27010000.0,MSFT,0.010285248959824233,0.7183756471242195,0.6913397717404884,33.33333333333333,0,Normal Day,0,0,0,0
2019-09-13,137.77999877929688,138.05999755859375,136.57000732421875,137.32000732421875,136.48153686523438,23363100.0,MSFT,-0.0014544265899724945,-0.16331799991229556,0.1206002696994673,30.158730158730158,0,Normal Day,0,0,0,0
2019-09-16,135.8300018310547,136.6999969482422,135.66000366210938,136.3300018310547,135.49758911132812,16731400.0,MSFT,-0.007209383602397642,-0.5831691656963023,-1.3256725097359308,1.5873015873015872,0,Normal Day,0,0,0,0
2019-09-17,136.9600067138672,137.52000427246094,136.42999267578125,137.38999938964844,136.55111694335938,17814200.0,MSFT,0.0077752514929667555,0.5603203224288429,-0.9446261610243187,4.761904761904762,0,Normal Day,0,0,0,0
2019-09-18,137.36000061035156,138.6699981689453,136.52999877929688,138.52000427246094,137.67420959472656,23982100.0,MSFT,0.008224704978671393,0.587944375977774,0.4217080084810683,65.07936507936508,0,Normal Day,0,0,0,0
2019-09-19,140.3000030517578,142.3699951171875,140.07000732421875,141.07000732421875,140.20864868164062,35772100.0,MSFT,0.018408960504474478,1.333870217270344,1.923951284829021,68.25396825396825,0,Normal Day,0,0,0,0
2019-09-20,141.00999450683594,141.64999389648438,138.25,139.44000244140625,138.58859252929688,39167300.0,MSFT,-0.011554609273941925,-0.8920339156736686,2.022134907789157,88.88888888888889,0,Normal Day,0,0,0,0
2019-09-23,139.22999572753906,139.6300048828125,138.44000244140625,139.13999938964844,138.29042053222656,17139300.0,MSFT,-0.0021514901885397284,-0.18256709396772916,-1.206016755994419,7.936507936507936,0,Normal Day,0,0,0,0
2019-09-24,140.36000061035156,140.69000244140625,136.8800048828125,137.3800048828125,136.5411834716797,29773200.0,MSFT,-0.01264901107260167,-1.0275255396733092,1.0660597895123691,92.06349206349206,0,Normal Day,0,0,0,0
2019-09-25,137.5,139.9600067138672,136.02999877929688,139.36000061035156,138.5090789794922,21382000.0,MSFT,0.01441246851519099,1.0493077052428665,-0.33634418255583204,92.06349206349206,0,Normal Day,0,0,0,0
2019-09-26,139.44000244140625,140.17999267578125,138.44000244140625,139.5399932861328,138.68797302246094,17456600.0,MSFT,0.0012915690746542127,0.04073571629900079,-1.0994013791332542,42.857142857142854,0,Normal Day,0,0,0,0
2019-09-27,140.14999389648438,140.36000061035156,136.64999389648438,137.72999572753906,136.88902282714844,22477700.0,MSFT,-0.012971205477357107,-1.0330814542226727,-0.12072923737622387,87.30158730158729,0,Normal Day,0,0,0,0
2019-09-30,138.0500030517578,139.22000122070312,137.77999877929688,139.02999877929688,138.18109130859375,17280900.0,MSFT,0.009438802723260172,0.6819720548122116,-1.1664931990654646,22.22222222222222,0,Normal Day,0,0,0,0
2019-10-01,139.66000366210938,140.25,137.0,137.07000732421875,136.2330780029297,21466600.0,MSFT,-0.014097538868857607,-1.0847983941533823,-0.2545495267291156,79.36507936507937,0,Normal Day,0,0,0,0
2019-10-02,136.25,136.3699951171875,133.5800018310547,134.64999389648438,133.8278350830078,30521700.0,MSFT,-0.01765535180721785,-1.3094490016278972,1.0785059274691944,69.84126984126983,0,Normal Day,0,0,0,0
2019-10-03,134.9499969482422,136.75,133.22000122070312,136.27999877929688,135.44789123535156,24132900.0,MSFT,0.012105524619290873,0.8979266959886313,0.07550974206571179,85.71428571428571,0,Normal Day,0,0,0,0
2019-10-04,136.75,138.25,136.4199981689453,138.1199951171875,137.27664184570312,22897700.0,MSFT,0.013501506695102116,0.9773725090849555,-0.11769556628909945,42.857142857142854,0,Normal Day,0,0,0,0
2019-10-07,137.13999938964844,138.17999267578125,137.02000427246094,137.1199951171875,136.2827606201172,15303700.0,MSFT,-0.007239987897599105,-0.5503650451240446,-1.6262851567601408,7.936507936507936,0,Normal Day,0,0,0,0
2019-10-08,137.0800018310547,137.75999450683594,135.6199951171875,135.6699981689453,134.84161376953125,25550500.0,MSFT,-0.010574681962915892,-0.7717168302527578,0.37726261391340105,55.55555555555555,0,Normal Day,0,0,0,0
2019-10-09,137.4600067138672,138.6999969482422,136.97000122070312,138.24000549316406,137.3959197998047,19749900.0,MSFT,0.018943009942310608,1.3670438369373978,-0.564533390123233,36.507936507936506,0,Normal Day,0,0,0,0
2019-10-10,138.49000549316406,139.6699981689453,138.25,139.10000610351562,138.25067138671875,17654600.0,MSFT,0.006221084208028116,0.4392343967561281,-0.9254679714624842,17.46031746031746,0,Normal Day,0,0,0,0
2019-10-11,140.1199951171875,141.02999877929688,139.5,139.67999267578125,138.82711791992188,25446000.0,MSFT,0.004169574928071577,0.2853417358193407,0.5049817709556834,23.809523809523807,0,Normal Day,0,0,0,0
2019-10-14,139.69000244140625,140.2899932861328,139.52000427246094,139.5500030517578,138.6979217529297,13304300.0,MSFT,-0.000930626299299178,-0.0993559891080518,-1.7585704311385262,1.5873015873015872,0,Normal Day,0,0,0,0
2019-10-15,140.05999755859375,141.7899932861328,139.80999755859375,141.57000732421875,140.70559692382812,19695700.0,MSFT,0.014475164050942456,0.9965424890929944,-0.39228345890508354,46.03174603174603,0,Normal Day,0,0,0,0
2019-10-16,140.7899932861328,140.99000549316406,139.52999877929688,140.41000366210938,139.55267333984375,20751600.0,MSFT,-0.008193871524588446,-0.6368280866162231,-0.23167353812331762,20.634920634920633,0,Normal Day,0,0,0,0
2019-10-17,140.9499969482422,141.4199981689453,139.02000427246094,139.69000244140625,138.83706665039062,21460600.0,MSFT,-0.005127860845133747,-0.40680158804469385,-0.08819086767196804,61.9047619047619,0,Normal Day,0,0,0,0
2019-10-18,139.75999450683594,140.0,136.55999755859375,137.41000366210938,136.57098388671875,32273500.0,MSFT,-0.016321885922425595,-1.1767280626725303,1.487644641549786,85.71428571428571,0,Normal Day,0,0,0,0
2019-10-21,138.4499969482422,138.5,137.00999450683594,138.42999267578125,137.58474731445312,20078200.0,MSFT,0.007422978138425504,0.530195452973441,-0.2383028576418335,25.396825396825395,0,Normal Day,0,0,0,0
2019-10-22,138.97000122070312,140.00999450683594,136.25999450683594,136.3699951171875,135.53733825683594,27431000.0,MSFT,-0.014881075828396782,-1.040293647569315,1.0417567253559137,90.47619047619047,0,Normal Day,0,0,0,0
2019-10-23,136.8800048828125,137.4499969482422,135.61000061035156,137.24000549316406,136.40203857421875,29844600.0,MSFT,0.006379794147530418,0.4695597341470955,1.4125093919634493,44.44444444444444,0,Normal Day,0,0,0,0
2019-10-24,139.38999938964844,140.4199981689453,138.6699981689453,139.94000244140625,139.08555603027344,37029300.0,MSFT,0.01967358760986947,1.3886417119029408,1.9991411483698893,38.095238095238095,0,Normal Day,0,0,0,0
2019-10-25,139.33999633789062,141.13999938964844,139.1999969482422,140.72999572753906,139.87071228027344,25959700.0,MSFT,0.005645131474537172,0.38957367992029096,0.5409777005646291,46.03174603174603,0,Normal Day,0,0,0,0
2019-10-28,144.39999389648438,145.6699981689453,143.50999450683594,144.19000244140625,143.30960083007812,35280100.0,MSFT,0.02458619459171574,1.655027282356532,1.5667398551547227,49.2063492063492,0,Normal Day,0,0,0,0
2019-10-29,144.0800018310547,144.5,142.64999389648438,142.8300018310547,141.95790100097656,20589500.0,MSFT,-0.009432025637307231,-0.7347076777019549,-0.480913565021424,41.269841269841265,0,Normal Day,0,0,0,0
2019-10-30,143.52000427246094,145.0,142.7899932861328,144.61000061035156,143.72703552246094,18496600.0,MSFT,0.012462388560339483,0.8239731133868146,-0.8491087902631644,53.96825396825397,0,Normal Day,0,0,0,0
2019-10-31,144.89999389648438,144.92999267578125,142.99000549316406,143.3699951171875,142.4945831298828,24605100.0,MSFT,-0.008574951734710507,-0.6731390774890269,0.2687323327802545,46.03174603174603,0,Normal Day,0,0,0,0
2019-11-01,144.25999450683594,144.4199981689453,142.97000122070312,143.72000122070312,142.84246826171875,33128400.0,MSFT,0.0024413919757135093,0.07327480472921538,1.2982707586310867,12.698412698412698,0,Normal Day,1,0,1,0
2019-11-04,144.8300018310547,145.0,144.16000366210938,144.5500030517578,143.6674041748047,16912000.0,MSFT,0.0057751446269779785,0.3436434472086433,-1.0927070358967759,3.1746031746031744,0,Normal Day,0,0,0,0
2019-11-05,144.97000122070312,145.02000427246094,143.91000366210938,144.4600067138672,143.5779571533203,18250200.0,MSFT,-0.0006225978815315823,-0.13726812196433102,-0.8832208071844893,6.349206349206349,0,Normal Day,0,0,0,0
2019-11-06,144.3699951171875,144.52000427246094,143.1999969482422,144.05999755859375,143.1803741455078,16575800.0,MSFT,-0.002769108961398158,-0.2735118877065346,-1.1280456302113788,15.873015873015872,0,Normal Day,0,0,0,0
2019-11-07,143.83999633789062,144.8800048828125,143.77000427246094,144.25999450683594,143.379150390625,17786700.0,MSFT,0.0013882925387188895,0.040900532708469294,-0.845964844958177,7.936507936507936,0,Normal Day,0,0,0,0
2019-11-08,143.97999572753906,145.99000549316406,143.75999450683594,145.9600067138672,145.06878662109375,16732700.0,MSFT,0.011784392820472653,0.8334515362856768,-1.0442023702162104,63.49206349206349,0,Normal Day,0,0,0,0
2019-11-11,145.33999633789062,146.4199981689453,144.72999572753906,146.11000061035156,145.21786499023438,14362600.0,MSFT,0.001027639181473296,0.004985673565405771,-1.4125727990346877,38.095238095238095,0,Normal Day,0,0,0,0
2019-11-12,146.27999877929688,147.57000732421875,146.05999755859375,147.07000732421875,146.17201232910156,18641600.0,MSFT,0.006570454254587423,0.42859120451828153,-0.6361433847845473,22.22222222222222,0,Normal Day,0,0,0,0
2019-11-13,146.74000549316406,147.4600067138672,146.27999877929688,147.30999755859375,146.41053771972656,16919200.0,MSFT,0.0016318130045850897,0.0018827774974396602,-0.9396926103028764,11.11111111111111,0,Normal Day,0,0,0,0
2019-11-14,147.02000427246094,148.41000366210938,147.0,148.05999755859375,147.1559600830078,19729800.0,MSFT,0.005091316341643459,0.32045130623691587,-0.3900501644116958,20.634920634920633,0,Normal Day,0,0,0,0
2019-11-15,148.92999267578125,149.99000549316406,148.27000427246094,149.97000122070312,149.05430603027344,23485700.0,MSFT,0.012900231470032237,1.0099790880766937,0.20552499675381397,42.857142857142854,0,Normal Day,0,0,0,0
2019-11-18,150.07000732421875,150.5500030517578,148.97999572753906,150.33999633789062,149.4220428466797,21534000.0,MSFT,0.0024671331288581588,0.08412982554044383,-0.032344050824782956,30.158730158730158,0,Normal Day,0,0,0,0
2019-11-19,150.8800048828125,151.3300018310547,150.1999969482422,150.38999938964844,149.4717254638672,23935700.0,MSFT,0.00033249858080496724,-0.08886310262177868,0.3251700897513307,4.761904761904762,0,Normal Day,0,0,0,0
2019-11-20,150.30999755859375,150.83999633789062,148.4600067138672,149.6199951171875,149.21243286132812,25696800.0,MSFT,-0.0017347267634355572,-0.2804928720568013,0.6024100908985847,74.6031746031746,0,Normal Day,0,0,0,0
2019-11-21,149.39999389648438,149.8000030517578,148.5,149.47999572753906,149.07281494140625,18576100.0,MSFT,-0.0009356989712219901,-0.273291221784056,-0.5307995601393224,19.047619047619047,0,Normal Day,0,0,0,0
2019-11-22,150.07000732421875,150.3000030517578,148.82000732421875,149.58999633789062,149.18252563476562,15901800.0,MSFT,0.0007359537243762204,-0.09204010614445116,-1.0723310840823133,25.396825396825395,0,Normal Day,0,0,0,0
2019-11-25,150.0,151.35000610351562,149.9199981689453,151.22999572753906,150.81805419921875,22420900.0,MSFT,0.010963271720290409,0.882227261264787,0.4140802969216901,23.809523809523807,0,Normal Day,0,0,0,0
2019-11-26,151.36000061035156,152.4199981689453,151.32000732421875,152.02999877929688,151.61587524414062,24620100.0,MSFT,0.005289957155049994,0.3244366908659928,1.030633088096645,4.761904761904762,0,Normal Day,1,0,1,0
2019-11-27,152.3300018310547,152.5,151.52000427246094,152.32000732421875,151.90509033203125,15184400.0,MSFT,0.0019075514844663476,0.02453583021199204,-1.251450951120913,4.761904761904762,0,Normal Day,0,0,0,0
2019-11-29,152.10000610351562,152.3000030517578,151.27999877929688,151.3800048828125,150.9676513671875,11977300.0,MSFT,-0.006171214952670209,-0.7632610744289361,-2.028958338786019,6.349206349206349,0,Normal Day,0,0,0,0
2019-12-02,151.80999755859375,151.8300018310547,148.32000732421875,149.5500030517578,149.14263916015625,27418400.0,MSFT,-0.012088763324484709,-1.3502236682197355,1.420664689907522,85.71428571428571,0,Normal Day,0,0,0,0
2019-12-03,147.49000549316406,149.42999267578125,146.64999389648438,149.30999755859375,148.90328979492188,24066000.0,MSFT,-0.001604835254238398,-0.29817042557252005,1.0621100476789584,82.53968253968253,0,Normal Day,0,0,0,0
2019-12-04,150.13999938964844,150.17999267578125,149.1999969482422,149.85000610351562,149.4418182373047,17574700.0,MSFT,0.003616632265979514,0.24756930766529572,-0.4041305156792918,6.349206349206349,0,Normal Day,0,0,0,0
2019-12-05,150.0500030517578,150.32000732421875,149.47999572753906,149.92999267578125,149.52159118652344,17869100.0,MSFT,0.0005338060668672762,-0.07731718862593692,-0.32173620333238495,3.1746031746031744,0,Normal Day,0,0,0,0
2019-12-06,150.99000549316406,151.8699951171875,150.27000427246094,151.75,151.33663940429688,16403500.0,MSFT,0.012139037602330104,1.072674954657238,-0.7158072744102536,44.44444444444444,0,Normal Day,0,0,0,0
2019-12-09,151.07000732421875,152.2100067138672,150.91000366210938,151.36000061035156,150.9477081298828,16687400.0,MSFT,-0.0025699743032817713,-0.45156607958033107,-0.6177483930065725,25.396825396825395,0,Normal Day,0,0,0,0
2019-12-10,151.2899932861328,151.88999938964844,150.75999450683594,151.1300048828125,150.7183380126953,16476100.0,MSFT,-0.0015195336188220804,-0.33954640832987765,-0.6715208422651312,12.698412698412698,0,Normal Day,0,0,0,0
2019-12-11,151.5399932861328,151.8699951171875,150.3300018310547,151.6999969482422,151.28677368164062,18856600.0,MSFT,0.0037715096679040608,0.22000839811443634,-0.1162431016184668,38.095238095238095,0,Normal Day,0,0,0,0
2019-12-12,151.64999389648438,153.44000244140625,151.02000427246094,153.24000549316406,152.8225860595703,24612100.0,MSFT,0.010151663232382526,0.8605308910310483,1.0692798675974675,77.77777777777777,0,Normal Day,0,0,0,0
2019-12-13,153.0,154.88999938964844,152.8300018310547,154.52999877929688,154.10906982421875,23845400.0,MSFT,0.008418152040346743,0.6577390230266502,0.8396916332021235,61.9047619047619,0,Normal Day,0,0,0,0
2019-12-16,155.11000061035156,155.89999389648438,154.82000732421875,155.52999877929688,155.10633850097656,24144200.0,MSFT,0.0064711874381911845,0.45803451985620197,0.8370576305299229,11.11111111111111,0,Normal Day,0,0,0,0
2019-12-17,155.4499969482422,155.7100067138672,154.4499969482422,154.69000244140625,154.2686309814453,25425600.0,MSFT,-0.005400859356408415,-0.7539543886888026,1.0388558534381276,22.22222222222222,0,Normal Day,1,0,1,0
2019-12-18,154.3000030517578,155.47999572753906,154.17999267578125,154.3699951171875,153.9495086669922,24129200.0,MSFT,-0.002068614419035763,-0.3828037013396549,0.7695299835175096,23.809523809523807,0,Normal Day,0,0,0,0
2019-12-19,154.0,155.77000427246094,153.75,155.7100067138672,155.28585815429688,24958900.0,MSFT,0.008680440092831617,0.7354730345630884,0.9033667936039043,63.49206349206349,0,Normal Day,0,0,0,0
2019-12-20,157.35000610351562,158.49000549316406,156.2899932861328,157.41000366210938,156.98123168945312,53477500.0,MSFT,0.010917758740603887,0.9484164373214847,3.031467726283885,71.42857142857143,1,Volume Shock,0,1,1,0
2019-12-23,158.1199951171875,158.1199951171875,157.27000427246094,157.41000366210938,156.98123168945312,17718200.0,MSFT,0.0,-0.24662072997893073,-0.5485794754150893,1.5873015873015872,0,Normal Day,0,0,0,0
2019-12-24,157.47999572753906,157.7100067138672,157.1199951171875,157.3800048828125,156.95130920410156,8989200.0,MSFT,-0.0001906118650588525,-0.24557558531674667,-2.305735243652172,1.5873015873015872,0,Normal Day,1,0,1,0
2019-12-26,157.55999755859375,158.72999572753906,157.39999389648438,158.6699981689453,158.23779296875,14520600.0,MSFT,0.008196706170672823,0.6690185110505067,-0.8835537939272738,26.984126984126984,0,Normal Day,0,0,0,0
2019-12-27,159.4499969482422,159.5500030517578,158.22000122070312,158.9600067138672,158.52700805664062,18412800.0,MSFT,0.0018277244801293544,-0.0613393247691503,-0.19247738756190824,26.984126984126984,0,Normal Day,0,0,0,0
2019-12-30,158.99000549316406,159.02000427246094,156.72999572753906,157.58999633789062,157.16073608398438,16348400.0,MSFT,-0.00861854386457663,-1.2011127493479477,-0.5359439400077233,77.77777777777777,0,Normal Day,0,0,0,0
2019-12-31,156.77000427246094,157.77000427246094,156.4499969482422,157.6999969482422,157.2704315185547,18369400.0,MSFT,0.0006979824433482729,-0.18697684681622814,-0.28152575597067253,28.57142857142857,0,Normal Day,0,0,0,0
2019-01-02,1465.199951171875,1553.3599853515625,1460.9300537109375,1539.1300048828125,1539.1300048828125,7983100.0,AMZN,0.024740863602147504,0.8011654324854538,0.08644393160376693,87.30158730158729,0,Normal Day,0,0,0,0
2019-01-03,1520.010009765625,1538.0,1497.1099853515625,1500.280029296875,1500.280029296875,6975600.0,AMZN,-0.02524151661177932,-0.6081203664214524,-0.5781987693849684,20.634920634920633,0,Normal Day,0,0,0,0
2019-01-04,1530.0,1594.0,1518.31005859375,1575.3900146484375,1575.3900146484375,9182600.0,AMZN,0.050063977314130974,1.4658757464375263,0.6337265000601465,69.84126984126983,0,Normal Day,0,0,0,0
2019-01-07,1602.31005859375,1634.56005859375,1589.18994140625,1629.510009765625,1629.510009765625,7993200.0,AMZN,0.03435339478729962,0.9991725441829474,0.008066878977333637,23.809523809523807,0,Normal Day,0,0,0,0
2019-01-08,1664.68994140625,1676.6099853515625,1616.6099853515625,1656.5799560546875,1656.5799560546875,8881400.0,AMZN,0.016612322800616617,0.49719143533315935,0.49643832812607874,42.857142857142854,0,Normal Day,0,0,0,0
2019-01-09,1652.97998046875,1667.800048828125,1641.4000244140625,1659.4200439453125,1659.4200439453125,6348800.0,AMZN,0.0017144285008669042,0.08036252748391069,-1.0017904559435318,1.5873015873015872,0,Normal Day,0,0,0,0
2019-01-10,1641.010009765625,1663.25,1621.6199951171875,1656.219970703125,1656.219970703125,6507700.0,AMZN,-0.0019284287024635704,-0.017824005301897553,-0.8441857239600165,15.873015873015872,0,Normal Day,0,0,0,0
2019-01-11,1640.550048828125,1660.2900390625,1636.219970703125,1640.56005859375,1640.56005859375,4686200.0,AMZN,-0.00945521270506526,-0.25377366095258175,-2.0438580392099777,1.5873015873015872,0,Normal Day,0,0,0,0
2019-01-14,1615.0,1648.199951171875,1595.1500244140625,1617.2099609375,1617.2099609375,6005900.0,AMZN,-0.014233003865926836,-0.39180634168915285,-1.003443992869666,36.507936507936506,0,Normal Day,0,0,0,0
2019-01-15,1632.0,1675.1600341796875,1626.010009765625,1674.56005859375,1674.56005859375,5998500.0,AMZN,0.03546236978592689,1.0159454830017127,-1.0687950497641037,30.158730158730158,0,Normal Day,0,0,0,0
2019-01-16,1684.219970703125,1705.0,1675.8800048828125,1683.780029296875,1683.780029296875,6366900.0,AMZN,0.005505906256278249,0.15887432958686792,-0.8225445269583673,4.761904761904762,0,Normal Day,0,0,0,0
2019-01-17,1680.0,1700.1700439453125,1677.5,1693.219970703125,1693.219970703125,4208900.0,AMZN,0.0056063982479896725,0.1755400221294968,-2.1059738852644054,1.5873015873015872,0,Normal Day,0,0,0,0
2019-01-18,1712.0,1716.199951171875,1691.5400390625,1696.199951171875,1696.199951171875,6020500.0,AMZN,0.0017599488077810327,0.06789602034678248,-0.7798316105830596,3.1746031746031744,0,Normal Day,0,0,0,0
2019-01-22,1681.0,1681.8699951171875,1610.199951171875,1632.1700439453125,1632.1700439453125,6416800.0,AMZN,-0.03774903258446939,-1.0560497719059625,-0.496766756481722,63.49206349206349,0,Normal Day,0,0,0,0
2019-01-23,1656.0,1657.4300537109375,1612.0,1640.02001953125,1640.02001953125,5225200.0,AMZN,0.004809532937488786,0.15276196480877427,-1.1273203783986843,30.158730158730158,0,Normal Day,0,0,0,0
2019-01-24,1641.0699462890625,1657.260009765625,1631.780029296875,1654.9300537109375,1654.9300537109375,4089900.0,AMZN,0.009091373277229312,0.27735922220275333,-1.9215042002692448,6.349206349206349,0,Normal Day,0,0,0,0
2019-01-25,1670.5,1683.47998046875,1661.6099853515625,1670.5699462890625,1670.5699462890625,4945900.0,AMZN,0.00945048556164343,0.27815389478460134,-1.0876009597222613,1.5873015873015872,0,Normal Day,0,0,0,0
2019-01-28,1643.5899658203125,1645.0,1614.0899658203125,1637.8900146484375,1637.8900146484375,4837700.0,AMZN,-0.019562145071039316,-0.5791116293580597,-1.0862727559438914,14.285714285714285,0,Normal Day,0,0,0,0
2019-01-29,1631.27001953125,1632.3800048828125,1590.719970703125,1593.8800048828125,1593.8800048828125,4632800.0,AMZN,-0.02686994204251954,-0.770216721596213,-1.163638968637297,28.57142857142857,0,Normal Day,0,0,0,0
2019-01-30,1623.0,1676.949951171875,1619.6800537109375,1670.4300537109375,1670.4300537109375,5783800.0,AMZN,0.048027485503059075,1.4596194279842651,-0.18582544881976928,49.2063492063492,0,Normal Day,0,0,0,0
2019-01-31,1692.8499755859375,1736.4100341796875,1679.0799560546875,1718.72998046875,1718.72998046875,10910300.0,AMZN,0.028914665807473938,0.8467583491356485,2.166889019146779,47.61904761904761,0,Normal Day,0,0,0,0
2019-02-01,1638.8800048828125,1673.06005859375,1622.010009765625,1626.22998046875,1626.22998046875,11506200.0,AMZN,-0.05381880868498752,-1.7132752419952113,2.078072577068659,46.03174603174603,0,Normal Day,0,1,1,0
2019-02-04,1623.0,1649.6300048828125,1613.5,1633.31005859375,1633.31005859375,4929100.0,AMZN,0.004353675808485104,0.1104296631504466,-0.7625416881602011,15.873015873015872,0,Normal Day,0,0,0,0
2019-02-05,1643.3399658203125,1665.260009765625,1642.5,1658.81005859375,1658.81005859375,4453100.0,AMZN,0.015612467373130018,0.483513648933675,-1.0121070511002748,4.761904761904762,0,Normal Day,0,0,0,0
2019-02-06,1670.75,1672.260009765625,1633.3399658203125,1640.260009765625,1640.260009765625,3939900.0,AMZN,-0.011182744360647737,-0.3631199915372503,-1.2955370543228282,25.396825396825395,0,Normal Day,0,0,0,0
2019-02-07,1625.0,1625.5400390625,1592.9100341796875,1614.3699951171875,1614.3699951171875,4626600.0,AMZN,-0.015784091847814357,-0.513975648262262,-0.6751604178870448,17.46031746031746,0,Normal Day,0,0,0,0
2019-02-08,1586.0,1588.5899658203125,1566.760009765625,1588.219970703125,1588.219970703125,5657500.0,AMZN,-0.01619828446586327,-0.5135404181170556,0.062485329336692506,6.349206349206349,0,Normal Day,0,0,0,0
2019-02-11,1600.97998046875,1609.2900390625,1586.0,1591.0,1591.0,3317300.0,AMZN,0.0017504057045978625,0.09491629546591934,-1.6258928977675917,9.523809523809524,0,Normal Day,0,0,0,0
2019-02-12,1604.0,1639.4000244140625,1598.8800048828125,1638.010009765625,1638.010009765625,4858600.0,AMZN,0.029547460569217473,0.9919572493790029,-0.3514972650015539,33.33333333333333,0,Normal Day,0,0,0,0
2019-02-13,1647.0,1656.3800048828125,1637.1099853515625,1640.0,1640.0,3560300.0,AMZN,0.0012148828288660691,0.04794401316794083,-1.2622103746100588,1.5873015873015872,0,Normal Day,0,0,0,0
2019-02-14,1624.5,1637.9000244140625,1606.06005859375,1622.6500244140625,1622.6500244140625,4120500.0,AMZN,-0.010579253406059452,-0.36505210163663726,-0.7252629562833017,22.22222222222222,0,Normal Day,0,0,0,0
2019-02-15,1627.8599853515625,1628.9100341796875,1604.5,1607.949951171875,1607.949951171875,4343900.0,AMZN,-0.009059299923589921,-0.3108458897073863,-0.5004616192078014,14.285714285714285,0,Normal Day,0,0,0,0
2019-02-19,1601.0,1634.0,1600.56005859375,1627.5799560546875,1627.5799560546875,3681700.0,AMZN,0.012208094454996028,0.38654039395047096,-0.995324001648356,26.984126984126984,0,Normal Day,0,0,0,0
2019-02-20,1630.0,1634.9300537109375,1610.1199951171875,1622.0999755859375,1622.0999755859375,3337600.0,AMZN,-0.00336695008338249,-0.12876269677706684,-1.181365368512425,15.873015873015872,0,Normal Day,0,0,0,0
2019-02-21,1619.8499755859375,1623.56005859375,1600.9100341796875,1619.43994140625,1619.43994140625,3483400.0,AMZN,-0.0016398706736473739,-0.07852256705456756,-0.9546452134002223,9.523809523809524,0,Normal Day,0,0,0,0
2019-02-22,1623.5,1634.93994140625,1621.1700439453125,1631.56005859375,1631.56005859375,3096200.0,AMZN,0.0074841412006767145,0.2032058114453834,-1.1936582664928224,1.5873015873015872,0,Normal Day,0,0,0,0
2019-02-25,1641.449951171875,1654.5999755859375,1630.3900146484375,1633.0,1633.0,3184500.0,AMZN,0.0008825549501935546,-0.031946071507693026,-1.0481991791197973,17.46031746031746,0,Normal Day,0,0,0,0
2019-02-26,1625.97998046875,1639.989990234375,1616.1300048828125,1636.4000244140625,1636.4000244140625,2665800.0,AMZN,0.0020820725132042256,0.01634490878753314,-1.3977195254465375,14.285714285714285,0,Normal Day,0,0,0,0
2019-02-27,1628.1800537109375,1641.81005859375,1615.0999755859375,1641.0899658203125,1641.0899658203125,3148800.0,AMZN,0.002866011571913355,0.036699709686795666,-0.8723821276786752,26.984126984126984,0,Normal Day,0,0,0,0
2019-02-28,1635.25,1651.77001953125,1633.8299560546875,1639.8299560546875,1639.8299560546875,3025900.0,AMZN,-0.0007677883552198637,-0.061687390008736805,-0.9049961591149606,3.1746031746031744,0,Normal Day,0,0,0,0
2019-03-01,1655.1300048828125,1674.260009765625,1651.0,1671.72998046875,1671.72998046875,4974900.0,AMZN,0.019453251415659983,0.6468581116515713,0.41750132774162885,12.698412698412698,0,Normal Day,0,0,0,0
2019-03-04,1685.0,1709.4300537109375,1674.3599853515625,1696.1700439453125,1696.1700439453125,6167400.0,AMZN,0.01461962384003519,0.519478866938065,1.2356305694010878,41.269841269841265,0,Normal Day,0,0,0,0
2019-03-05,1702.949951171875,1707.800048828125,1689.010009765625,1692.4300537109375,1692.4300537109375,3681500.0,AMZN,-0.0022049618478556174,-0.10116150997456085,-0.27614275799092974,4.761904761904762,0,Normal Day,0,0,0,0
2019-03-06,1695.969970703125,1697.75,1668.280029296875,1668.949951171875,1668.949951171875,3996000.0,AMZN,-0.01387360292236505,-0.5169397453350145,0.13911911398628898,34.92063492063492,0,Normal Day,0,0,0,0
2019-03-07,1667.3699951171875,1669.75,1620.510009765625,1625.949951171875,1625.949951171875,4957000.0,AMZN,-0.025764703111562447,-0.9295777358851347,1.0840898112292918,63.49206349206349,0,Normal Day,0,0,0,0
2019-03-08,1604.010009765625,1622.719970703125,1586.5699462890625,1620.800048828125,1620.800048828125,4667000.0,AMZN,-0.003167319104772135,-0.11836662715730681,0.7642312189104237,46.03174603174603,0,Normal Day,0,0,0,0
2019-03-11,1626.1199951171875,1672.2900390625,1626.010009765625,1670.6199951171875,1670.6199951171875,3876400.0,AMZN,0.030737873141775535,1.1906856962147336,-0.022018476506542924,60.317460317460316,0,Normal Day,0,0,0,0
2019-03-12,1669.0,1684.27001953125,1660.97998046875,1673.0999755859375,1673.0999755859375,3614500.0,AMZN,0.0014844671295676903,0.029781556208973582,-0.2603163765924178,15.873015873015872,0,Normal Day,0,0,0,0
2019-03-13,1683.0,1700.0,1679.3499755859375,1690.81005859375,1690.81005859375,3552000.0,AMZN,0.010585191122013041,0.38829017420622364,-0.36415964663385675,7.936507936507936,0,Normal Day,0,0,0,0
2019-03-14,1691.199951171875,1702.0,1684.3399658203125,1686.219970703125,1686.219970703125,2946600.0,AMZN,-0.002714727102133864,-0.13610953833161848,-1.1648501837309766,3.1746031746031744,0,Normal Day,0,0,0,0
2019-03-15,1703.0,1718.800048828125,1693.1300048828125,1712.3599853515625,1712.3599853515625,7550900.0,AMZN,0.01550213797879381,0.5829869783426735,2.6242314611254587,30.158730158730158,1,Normal Day,0,1,1,0
2019-03-18,1712.699951171875,1750.0,1712.6300048828125,1742.1500244140625,1742.1500244140625,5429100.0,AMZN,0.017397065638849206,0.6430359671544477,1.22700875660701,50.79365079365079,0,Normal Day,0,0,0,0
2019-03-19,1753.510009765625,1784.1600341796875,1753.510009765625,1761.8499755859375,1761.8499755859375,6364200.0,AMZN,0.01130783853043924,0.37848777138097783,1.6365063238808277,41.269841269841265,0,Normal Day,0,0,0,0
2019-03-20,1769.93994140625,1799.5,1767.030029296875,1797.27001953125,1797.27001953125,6265600.0,AMZN,0.020103893314487732,0.7092928957452295,1.415075612671561,44.44444444444444,0,Normal Day,0,0,0,0
2019-03-21,1796.260009765625,1823.75,1787.280029296875,1819.260009765625,1819.260009765625,5767800.0,AMZN,0.012235217855639888,0.3904240066678504,1.0352044675779961,49.2063492063492,0,Normal Day,0,0,0,0
2019-03-22,1810.1700439453125,1818.97998046875,1763.1099853515625,1764.77001953125,1764.77001953125,6363000.0,AMZN,-0.02995173309031013,-1.370877023158879,1.2245986377581346,79.36507936507937,0,Normal Day,0,0,0,0
2019-03-25,1757.7900390625,1782.6800537109375,1747.5,1774.260009765625,1774.260009765625,5103800.0,AMZN,0.0053774656920428,0.08475091324673241,0.45969920252057306,49.2063492063492,0,Normal Day,0,0,0,0
2019-03-26,1793.0,1805.77001953125,1773.3599853515625,1783.760009765625,1783.760009765625,4865900.0,AMZN,0.005354344880520034,0.044474766471498964,0.24562696138999235,46.03174603174603,0,Normal Day,0,0,0,0
2019-03-27,1784.1300048828125,1787.5,1745.6800537109375,1765.699951171875,1765.699951171875,4324800.0,AMZN,-0.010124713243303947,-0.6615196330518404,-0.24851391653392987,65.07936507936508,0,Normal Day,0,0,0,0
2019-03-28,1770.0,1777.9300537109375,1753.469970703125,1773.4200439453125,1773.4200439453125,3043000.0,AMZN,0.004372256321530599,0.0641946030339567,-1.5179912669964692,17.46031746031746,0,Normal Day,0,0,0,0
2019-03-29,1786.5799560546875,1792.8599853515625,1776.6300048828125,1780.75,1780.75,3320800.0,AMZN,0.00413323176295031,0.04301288503545614,-1.2459099283229382,3.1746031746031744,0,Normal Day,0,0,0,0
2019-04-01,1800.1099853515625,1815.6700439453125,1798.72998046875,1814.18994140625,1814.18994140625,4238800.0,AMZN,0.01877857161659413,0.8049878024276574,-0.3087702332082081,4.761904761904762,0,Normal Day,0,0,0,0
2019-04-02,1811.02001953125,1820.0,1805.1199951171875,1813.97998046875,1813.97998046875,3448100.0,AMZN,-0.00011573261030057913,-0.17341165389381616,-0.979675601041561,1.5873015873015872,0,Normal Day,0,0,0,0
2019-04-03,1826.719970703125,1830.0,1809.6199951171875,1820.699951171875,1820.699951171875,3980600.0,AMZN,0.003704545130309814,0.045798714362108146,-0.46018340760152493,12.698412698412698,0,Normal Day,0,0,0,0
2019-04-04,1820.6500244140625,1828.75,1804.199951171875,1818.8599853515625,1818.8599853515625,3623900.0,AMZN,-0.0010105815728331429,-0.22973542376063022,-0.788063523318975,20.634920634920633,0,Normal Day,0,0,0,0
2019-04-05,1829.0,1838.5799560546875,1825.18994140625,1837.280029296875,1837.280029296875,3640500.0,AMZN,0.010127246788461367,0.4309897980587531,-0.7093251321971286,1.5873015873015872,0,Normal Day,0,0,0,0
2019-04-08,1833.22998046875,1850.199951171875,1825.1099853515625,1849.8599853515625,1849.8599853515625,3752800.0,AMZN,0.006847054261783837,0.2756861762097592,-0.554719474477506,23.809523809523807,0,Normal Day,0,0,0,0
2019-04-09,1845.489990234375,1853.0899658203125,1831.780029296875,1835.8399658203125,1835.8399658203125,3714400.0,AMZN,-0.0075789625389326536,-0.5517990428278526,-0.5826916767187605,15.873015873015872,0,Normal Day,0,0,0,0
2019-04-10,1841.0,1848.0,1828.81005859375,1847.3299560546875,1847.3299560546875,2964000.0,AMZN,0.006258710153551375,0.2601831657445252,-1.324904786336872,9.523809523809524,0,Normal Day,0,0,0,0
2019-04-11,1848.699951171875,1849.949951171875,1840.31005859375,1844.0699462890625,1844.0699462890625,2654800.0,AMZN,-0.0017647143949245266,-0.21307323425056088,-1.572426020675428,1.5873015873015872,0,Normal Day,0,0,0,0
2019-04-12,1848.4000244140625,1851.5,1841.300048828125,1843.06005859375,1843.06005859375,3114400.0,AMZN,-0.0005476406669631813,-0.15016416553523979,-1.0603413080782895,3.1746031746031744,0,Normal Day,0,0,0,0
2019-04-15,1842.0,1846.8499755859373,1818.9000244140625,1844.8699951171875,1844.8699951171875,3724400.0,AMZN,0.0009820279675630738,-0.07450346378142086,-0.38235929847147787,49.2063492063492,0,Normal Day,0,0,0,0
2019-04-16,1851.3499755859373,1869.77001953125,1848.0,1863.0400390625,1863.0400390625,3044600.0,AMZN,0.009848956291447693,0.4935708393055968,-1.032180515335879,22.22222222222222,0,Normal Day,0,0,0,0
2019-04-17,1872.989990234375,1876.469970703125,1860.43994140625,1864.8199462890625,1864.8199462890625,2893500.0,AMZN,0.0009553778712443383,-0.049075288727276026,-1.137007074332336,9.523809523809524,0,Normal Day,0,0,0,0
2019-04-18,1868.7900390625,1870.8199462890625,1859.47998046875,1861.68994140625,1861.68994140625,2749900.0,AMZN,-0.0016784488438367033,-0.2040631332102598,-1.2575071710813563,4.761904761904762,0,Normal Day,0,0,0,0
2019-04-22,1855.4000244140625,1888.4200439453125,1845.6400146484373,1887.31005859375,1887.31005859375,3373800.0,AMZN,0.013761753027546324,0.731252556866728,-0.3271820757245816,80.95238095238095,0,Normal Day,0,0,0,0
2019-04-23,1891.199951171875,1929.260009765625,1889.5799560546875,1923.77001953125,1923.77001953125,4640400.0,AMZN,0.019318479637980952,1.0591850754335967,1.4121413490444903,74.6031746031746,0,Normal Day,0,0,0,0
2019-04-24,1925.0,1929.68994140625,1898.1600341796875,1901.75,1901.75,3675800.0,AMZN,-0.011446284798957125,-0.8835302168223206,0.2694737908247717,58.73015873015873,0,Normal Day,0,0,0,0
2019-04-25,1917.0,1922.449951171875,1900.31005859375,1902.25,1902.25,6099100.0,AMZN,0.0002629157355067701,-0.1316995642220857,2.7840282352031096,25.396825396825395,1,Normal Day,1,1,1,1
2019-04-26,1929.0,1951.0,1898.0,1950.6300048828125,1950.6300048828125,8432600.0,AMZN,0.025433042388125902,1.4295333197214821,3.101771844698578,90.47619047619047,1,Volume Shock,1,1,1,1
2019-04-29,1949.0,1956.3399658203125,1934.0899658203125,1938.4300537109373,1938.4300537109373,4021300.0,AMZN,-0.006254364559827511,-0.5742075399787102,0.2974887453317967,23.809523809523807,0,Normal Day,0,0,0,0
2019-04-30,1930.0999755859373,1935.7099609375,1906.949951171875,1926.52001953125,1926.52001953125,3506000.0,AMZN,-0.0061441650457733366,-0.6041078360400078,-0.22911852667943236,50.79365079365079,0,Normal Day,0,0,0,0
2019-05-01,1933.0899658203125,1943.6400146484373,1910.550048828125,1911.52001953125,1911.52001953125,3117000.0,AMZN,-0.007786059759529369,-0.7017638754636805,-0.6156265947669071,61.9047619047619,0,Normal Day,0,0,0,0
2019-05-02,1913.3299560546875,1921.550048828125,1881.8699951171875,1900.8199462890625,1900.8199462890625,3962900.0,AMZN,-0.005597677833796066,-0.5243444150927803,0.2626521072681431,80.95238095238095,0,Normal Day,0,0,0,0
2019-05-03,1949.0,1964.4000244140625,1936.0,1962.4599609375,1962.4599609375,6381600.0,AMZN,0.032428118596280635,2.342796375078393,1.7985604078762971,46.03174603174603,0,Normal Day,0,1,1,0
2019-05-06,1917.97998046875,1959.0,1910.5,1950.550048828125,1950.550048828125,5417800.0,AMZN,-0.00606886884137266,-0.7125977301629927,1.131235405182093,93.65079365079364,0,Normal Day,0,0,0,0
2019-05-07,1939.989990234375,1949.0999755859373,1903.3800048828125,1921.0,1921.0,5902100.0,AMZN,-0.0151495978510669,-1.384878879232904,1.281176142643749,90.47619047619047,0,Normal Day,0,0,0,0
2019-05-08,1918.8699951171875,1935.3699951171875,1910.0,1917.77001953125,1917.77001953125,4078600.0,AMZN,-0.0016814057619729307,-0.33750428555552364,0.09534534659185022,33.33333333333333,0,Normal Day,0,0,0,0
2019-05-09,1900.0,1909.4000244140625,1876.0,1899.8699951171875,1899.8699951171875,5308300.0,AMZN,-0.009333770072408215,-0.9640131192749749,0.8619347856347175,66.66666666666666,0,Normal Day,0,0,0,0
2019-05-10,1898.0,1903.7900390625,1856.0,1889.97998046875,1889.97998046875,5718000.0,AMZN,-0.005205627055459374,-0.6565296757161055,0.9940201798936186,93.65079365079364,0,Normal Day,0,0,0,0
2019-05-13,1836.56005859375,1846.5400390625,1818.0,1822.6800537109373,1822.6800537109373,5783400.0,AMZN,-0.035608804036707895,-2.8731141102916427,0.9417474397547355,57.14285714285714,1,Normal Day,0,1,1,0
2019-05-14,1839.5,1852.43994140625,1815.75,1840.1199951171875,1840.1199951171875,4629100.0,AMZN,0.009568295527645064,0.5996357308849595,0.17272812115269423,74.6031746031746,0,Normal Day,0,0,0,0
2019-05-15,1827.949951171875,1874.4300537109373,1823.0,1871.1500244140625,1871.1500244140625,4692600.0,AMZN,0.016863046637835628,1.1403663481427357,0.18263532185068698,95.23809523809523,1,Normal Day,0,0,0,0
2019-05-16,1885.93994140625,1917.510009765625,1882.2900390625,1907.5699462890625,1907.5699462890625,4707800.0,AMZN,0.0194639240038514,1.2976293919485935,0.12988093947758242,69.84126984126983,0,Normal Day,0,0,0,0
2019-05-17,1893.050048828125,1910.530029296875,1867.3299560546875,1869.0,1869.0,4736600.0,AMZN,-0.020219413900966245,-1.7204983276542523,0.07459139773571498,85.71428571428571,0,Normal Day,0,0,0,0
2019-05-20,1852.68994140625,1867.780029296875,1835.5400390625,1858.969970703125,1858.969970703125,3798200.0,AMZN,-0.005366521828183521,-0.574420681490894,-0.8763834054392985,60.317460317460316,0,Normal Day,0,0,0,0
2019-05-21,1874.7900390625,1879.0,1846.0,1857.52001953125,1857.52001953125,4005100.0,AMZN,-0.0007799755750366315,-0.2294707669869424,-0.7205517797147807,65.07936507936508,0,Normal Day,0,0,0,0
2019-05-22,1851.780029296875,1871.489990234375,1851.0,1859.6800537109373,1859.6800537109373,2936600.0,AMZN,0.0011628591654330395,-0.08521559473932969,-1.7693570996611578,20.634920634920633,0,Normal Day,0,0,0,0
2019-05-23,1836.5899658203125,1844.0,1804.199951171875,1815.47998046875,1815.47998046875,4424300.0,AMZN,-0.02376756859546206,-1.8886582059636994,-0.23053802266646758,80.95238095238095,0,Normal Day,0,0,0,0
2019-05-24,1835.8900146484373,1841.760009765625,1817.8499755859373,1823.280029296875,1823.280029296875,3369700.0,AMZN,0.004296411368915815,0.18141210733394444,-1.1784895667998214,31.746031746031743,0,Normal Day,0,0,0,0
2019-05-28,1832.75,1849.27001953125,1827.3499755859373,1836.4300537109373,1836.4300537109373,3200000.0,AMZN,0.007212290050219776,0.3903606624148098,-1.3630767673619253,30.158730158730158,0,Normal Day,0,0,0,0
2019-05-29,1823.1199951171875,1830.0,1807.530029296875,1819.18994140625,1819.18994140625,4279000.0,AMZN,-0.009387840429778192,-0.815876994613063,-0.0915242616394951,33.33333333333333,0,Normal Day,0,0,0,0
2019-05-30,1825.489990234375,1829.469970703125,1807.8299560546875,1816.3199462890625,1816.3199462890625,3146900.0,AMZN,-0.0015776225735774287,-0.24164048070768457,-1.3921778491095245,28.57142857142857,0,Normal Day,0,0,0,0
2019-05-31,1790.010009765625,1795.5899658203125,1772.699951171875,1775.0699462890625,1775.0699462890625,4618800.0,AMZN,-0.022710756485540006,-1.7244130955163046,0.19250942375762217,34.92063492063492,0,Normal Day,0,0,0,0
2019-06-03,1760.010009765625,1766.2900390625,1672.0,1692.68994140625,1692.68994140625,9098700.0,AMZN,-0.04640944152935215,-3.118608635380596,2.5413246479625187,100.0,1,Crash + Range Shock,0,0,0,0
2019-06-04,1699.239990234375,1730.8199462890625,1680.8900146484375,1729.56005859375,1729.56005859375,5679100.0,AMZN,0.02178196743868467,1.4073936532322628,0.8203889018911538,95.23809523809523,1,Normal Day,0,0,0,0
2019-06-05,1749.5999755859375,1752.0,1715.25,1738.5,1738.5,4239800.0,AMZN,0.005168910649751464,0.2929209245616568,-0.25347359561481414,74.6031746031746,0,Normal Day,0,0,0,0
2019-06-06,1737.7099609375,1760.0,1726.1300048828125,1754.3599853515625,1754.3599853515625,3689300.0,AMZN,0.009122798591637907,0.5313349935414934,-0.7136078966058527,66.66666666666666,0,Normal Day,0,0,0,0
2019-06-07,1763.699951171875,1806.25,1759.489990234375,1804.030029296875,1804.030029296875,4808200.0,AMZN,0.028312344307920897,1.7581421715681336,0.29178823205831383,90.47619047619047,0,Normal Day,0,0,0,0
2019-06-10,1822.0,1884.8699951171875,1818.0,1860.6300048828125,1860.6300048828125,5371000.0,AMZN,0.031374187051640974,1.9580361809802846,0.7215328090702446,98.4126984126984,1,Range Shock,0,0,0,0
2019-06-11,1883.25,1893.699951171875,1858.0,1863.699951171875,1863.699951171875,4042700.0,AMZN,0.0016499498992309616,-0.011698339805152542,-0.3310492787132955,65.07936507936508,0,Normal Day,0,0,0,0
2019-06-12,1853.97998046875,1865.0,1844.3800048828125,1855.3199462890625,1855.3199462890625,2674500.0,AMZN,-0.004496434566917942,-0.40368046201698793,-1.738727901373916,19.047619047619047,0,Normal Day,0,0,0,0
2019-06-13,1866.719970703125,1883.0899658203125,1862.219970703125,1870.300048828125,1870.300048828125,2795800.0,AMZN,0.008074134366433729,0.4187675601431444,-1.405320821164412,19.047619047619047,0,Normal Day,0,0,0,0
2019-06-14,1864.0,1876.0,1859.0,1869.6700439453125,1869.6700439453125,2851200.0,AMZN,-0.0003368469584370928,-0.12307803100341848,-1.2073511910697328,11.11111111111111,0,Normal Day,0,0,0,0
2019-06-17,1876.5,1895.68994140625,1875.449951171875,1886.030029296875,1886.030029296875,2634300.0,AMZN,0.008750199215386813,0.4962692666101862,-1.3302078468466982,17.46031746031746,0,Normal Day,0,0,0,0
2019-06-18,1901.3499755859373,1921.6700439453125,1899.7900390625,1901.3699951171875,1901.3699951171875,3895700.0,AMZN,0.008133468493092523,0.4590789922615873,0.0050353299578356735,26.984126984126984,0,Normal Day,0,0,0,0
2019-06-19,1907.8399658203125,1919.5799560546875,1892.469970703125,1908.7900390625,1908.7900390625,2895300.0,AMZN,0.0039024724090353487,0.19385902954783402,-0.9293611722495204,47.61904761904761,0,Normal Day,0,0,0,0
2019-06-20,1933.3299560546875,1935.199951171875,1905.800048828125,1918.18994140625,1918.18994140625,3217200.0,AMZN,0.004924534470206451,0.2726743364683308,-0.5440439038512431,53.96825396825397,0,Normal Day,0,0,0,0
2019-06-21,1916.0999755859373,1925.949951171875,1907.5799560546875,1911.300048828125,1911.300048828125,3933600.0,AMZN,-0.0035918719149751824,-0.3525583460591112,0.06863610555169718,15.873015873015872,0,Normal Day,0,0,0,0
2019-06-24,1912.6600341796875,1916.8599853515625,1901.300048828125,1913.9000244140625,1913.9000244140625,2283000.0,AMZN,0.0013603178567026264,0.004240271895631136,-1.5410193766864801,7.936507936507936,0,Normal Day,0,0,0,0
2019-06-25,1911.8399658203125,1916.3900146484373,1872.4200439453125,1878.27001953125,1878.27001953125,3012300.0,AMZN,-0.018616439954182336,-1.3699964330907848,-0.6503640531484146,84.12698412698413,0,Normal Day,0,0,0,0
2019-06-26,1892.47998046875,1903.800048828125,1887.3199462890625,1897.8299560546875,1897.8299560546875,2441900.0,AMZN,0.010413804362547921,0.6438521140822031,-1.2190264012602072,12.698412698412698,0,Normal Day,0,0,0,0
2019-06-27,1902.0,1911.239990234375,1898.0400390625,1904.280029296875,1904.280029296875,2141700.0,AMZN,0.003398657093386946,0.152282736512252,-1.4372970625841206,6.349206349206349,0,Normal Day,0,0,0,0
2019-06-28,1909.0999755859373,1912.93994140625,1884.0,1893.6300048828125,1893.6300048828125,3037400.0,AMZN,-0.005592677678815364,-0.4677977562282333,-0.43652870945909455,57.14285714285714,0,Normal Day,0,0,0,0
2019-07-01,1922.97998046875,1929.8199462890625,1914.6600341796875,1922.18994140625,1922.18994140625,3203300.0,AMZN,0.015082110259023349,0.9911580585575198,-0.23908304538885017,9.523809523809524,0,Normal Day,0,0,0,0
2019-07-02,1919.3800048828125,1934.7900390625,1906.6300048828125,1934.31005859375,1934.31005859375,2645900.0,AMZN,0.0063053691658760186,0.36507112604430825,-0.7895246275957065,52.38095238095238,0,Normal Day,0,0,0,0
2019-07-03,1935.8900146484373,1941.5899658203125,1930.5,1939.0,1939.0,1690300.0,AMZN,0.0024246068438787956,0.09331539695842662,-2.1709291896565444,4.761904761904762,0,Normal Day,0,0,0,0
2019-07-05,1928.5999755859373,1945.9000244140625,1925.300048828125,1942.9100341796875,1942.9100341796875,2628400.0,AMZN,0.0020165209797253737,0.06120637003755115,-0.5210594154120599,22.22222222222222,0,Normal Day,0,0,0,0
2019-07-08,1934.1199951171875,1956.0,1928.25,1952.3199462890625,1952.3199462890625,2883400.0,AMZN,0.004843205266242779,0.2669014029309924,-0.13869261149069387,49.2063492063492,0,Normal Day,0,0,0,0
2019-07-09,1947.800048828125,1990.010009765625,1943.47998046875,1988.300048828125,1988.300048828125,4345700.0,AMZN,0.018429408871969415,1.2005362868368468,1.45510308060075,84.12698412698413,0,Normal Day,0,0,0,0
2019-07-10,1996.510009765625,2024.93994140625,1995.4000244140625,2017.4100341796875,2017.4100341796875,4931900.0,AMZN,0.014640640062710606,0.9078248710992152,2.029739428319626,50.79365079365079,0,Normal Day,0,0,0,0
2019-07-11,2025.6199951171875,2035.800048828125,1995.300048828125,2001.0699462890625,2001.0699462890625,4317800.0,AMZN,-0.008099537334396749,-0.6576036829491273,1.4605129724180397,73.01587301587301,0,Normal Day,0,0,0,0
2019-07-12,2008.27001953125,2017.0,2003.8699951171875,2011.0,2011.0,2509300.0,AMZN,0.004962372119651566,0.24182588109565722,-0.6519738506826899,6.349206349206349,0,Normal Day,0,0,0,0
2019-07-15,2021.4000244140625,2022.9000244140625,2001.550048828125,2020.989990234375,2020.989990234375,2981300.0,AMZN,0.004967672916148682,0.2360468121922513,0.007640653892761005,17.46031746031746,0,Normal Day,0,0,0,0
2019-07-16,2010.5799560546875,2026.3199462890625,2001.219970703125,2009.9000244140625,2009.9000244140625,2618200.0,AMZN,-0.005487392750038506,-0.48151237533248004,-0.48064015360515977,38.095238095238095,0,Normal Day,0,0,0,0
2019-07-17,2007.050048828125,2012.0,1992.030029296875,1992.030029296875,1992.030029296875,2558800.0,AMZN,-0.008890987064093928,-0.6958323719907966,-0.5627043004573884,17.46031746031746,0,Normal Day,0,0,0,0
2019-07-18,1980.010009765625,1987.5,1951.550048828125,1977.9000244140625,1977.9000244140625,3504300.0,AMZN,-0.00709326901452382,-0.5611626696728474,0.6859143274139587,65.07936507936508,0,Normal Day,0,0,0,0
2019-07-19,1991.2099609375,1996.0,1962.22998046875,1964.52001953125,1964.52001953125,3185600.0,AMZN,-0.00676475287813206,-0.5318376673740489,0.2916564454775448,57.14285714285714,0,Normal Day,0,0,0,0
2019-07-22,1971.1400146484373,1989.0,1958.260009765625,1985.6300048828125,1985.6300048828125,2900000.0,AMZN,0.010745619867289268,0.6791333321724659,-0.058399323105796895,53.96825396825397,0,Normal Day,0,0,0,0
2019-07-23,1995.989990234375,1997.7900390625,1973.1300048828125,1994.489990234375,1994.489990234375,2703500.0,AMZN,0.004462052512187635,0.2649275298371094,-0.2736793763432126,34.92063492063492,0,Normal Day,0,0,0,0
2019-07-24,1969.300048828125,2001.300048828125,1965.8699951171875,2000.81005859375,2000.81005859375,2631300.0,AMZN,0.0031687641403666915,0.15915605914202333,-0.42007110702384437,65.07936507936508,0,Normal Day,0,0,0,0
2019-07-25,2001.0,2001.199951171875,1972.719970703125,1973.8199462890625,1973.8199462890625,4136500.0,AMZN,-0.013489592472189608,-0.9892510579146995,1.3333307312708687,44.44444444444444,0,Normal Day,0,0,0,0
2019-07-26,1942.0,1950.9000244140625,1924.510009765625,1943.050048828125,1943.050048828125,4927100.0,AMZN,-0.015589009280601982,-1.10668320271248,1.7599705643314303,41.269841269841265,0,Normal Day,0,0,0,0
2019-07-29,1930.0,1932.22998046875,1890.5400390625,1912.449951171875,1912.449951171875,4493200.0,AMZN,-0.01574848659956302,-1.0980966406225274,1.2920679920567593,80.95238095238095,0,Normal Day,0,0,0,0
2019-07-30,1891.1199951171875,1909.8900146484373,1883.47998046875,1898.530029296875,1898.530029296875,2910900.0,AMZN,-0.007278580998404906,-0.5016456783129914,-0.3009792017113721,41.269841269841265,0,Normal Day,0,0,0,0
2019-07-31,1898.1099853515625,1899.550048828125,1849.43994140625,1866.780029296875,1866.780029296875,4470700.0,AMZN,-0.016723464738537048,-1.1449010440572978,1.175306811309987,93.65079365079364,0,Normal Day,0,0,0,0
2019-08-01,1871.719970703125,1897.9200439453125,1844.010009765625,1855.3199462890625,1855.3199462890625,4713300.0,AMZN,-0.0061389573639958825,-0.4075194881452308,1.229193669506214,96.82539682539682,1,Normal Day,0,0,0,0
2019-08-02,1845.0699462890625,1846.3599853515625,1808.02001953125,1823.239990234375,1823.239990234375,4956200.0,AMZN,-0.01729079457095934,-1.1665621580130168,1.370270901280807,74.6031746031746,0,Normal Day,0,0,0,0
2019-08-05,1770.219970703125,1788.6700439453125,1748.780029296875,1765.1300048828125,1765.1300048828125,6058200.0,AMZN,-0.03187182469823544,-2.1070503944426635,1.8578964896664159,80.95238095238095,0,Normal Day,0,0,0,0
2019-08-06,1792.22998046875,1793.77001953125,1753.4000244140625,1787.8299560546875,1787.8299560546875,5070300.0,AMZN,0.012860214890167285,0.9632597328006967,1.1041249378832176,80.95238095238095,0,Normal Day,0,0,0,0
2019-08-07,1773.989990234375,1798.9300537109375,1757.0,1793.4000244140625,1793.4000244140625,4526900.0,AMZN,0.003115547057767623,0.282349435892366,0.6928680190673059,84.12698412698413,0,Normal Day,0,0,0,0
2019-08-08,1806.0,1834.260009765625,1798.1099853515625,1832.8900146484373,1832.8900146484373,3701200.0,AMZN,0.022019621778067554,1.5313835707091576,0.03232456440943089,68.25396825396825,0,Normal Day,0,0,0,0
2019-08-09,1828.949951171875,1831.0899658203125,1802.219970703125,1807.5799560546875,1807.5799560546875,2879800.0,AMZN,-0.013808825620452977,-0.8946044034658187,-0.7996258117566359,55.55555555555555,0,Normal Day,0,0,0,0
2019-08-12,1795.989990234375,1800.97998046875,1777.0,1784.9200439453125,1784.9200439453125,2905500.0,AMZN,-0.01253604966877019,-0.8690378332806331,-0.8155014838313533,38.095238095238095,0,Normal Day,0,0,0,0
2019-08-13,1783.0,1831.739990234375,1780.0,1824.3399658203125,1824.3399658203125,3994000.0,AMZN,0.022084979105208465,1.5379130028673713,0.31168189674758756,93.65079365079364,0,Normal Day,0,0,0,0
2019-08-14,1793.010009765625,1795.6500244140625,1757.219970703125,1762.9599609375,1762.9599609375,4893600.0,AMZN,-0.03364504754200955,-2.212851291956118,0.9767906104086975,76.19047619047619,0,Normal Day,0,0,0,0
2019-08-15,1781.989990234375,1788.0,1761.9599609375,1776.1199951171875,1776.1199951171875,3759100.0,AMZN,0.00746473798116737,0.5801138536842899,-0.10220380787872278,50.79365079365079,0,Normal Day,0,0,0,0
2019-08-16,1792.8900146484375,1802.9100341796875,1784.550048828125,1792.5699462890625,1792.5699462890625,3018000.0,AMZN,0.00926173412669094,0.6779999140288412,-0.9427521510129734,15.873015873015872,0,Normal Day,0,0,0,0
2019-08-19,1818.0799560546875,1826.0,1812.6099853515625,1816.1199951171875,1816.1199951171875,2816300.0,AMZN,0.013137589903745611,0.9197052284122114,-1.1667031468045999,6.349206349206349,0,Normal Day,0,0,0,0
2019-08-20,1814.5,1816.8199462890625,1799.8800048828125,1801.3800048828125,1801.3800048828125,1929500.0,AMZN,-0.008116198419710632,-0.5295593084518451,-2.2557449334647774,14.285714285714285,0,Normal Day,0,0,0,0
2019-08-21,1819.3900146484373,1829.5799560546875,1815.0,1823.5400390625,1823.5400390625,2031800.0,AMZN,0.012301698764070107,0.8512161768604618,-1.892898431680105,9.523809523809524,0,Normal Day,0,0,0,0
2019-08-22,1828.0,1829.4100341796875,1800.0999755859375,1804.6600341796875,1804.6600341796875,2653500.0,AMZN,-0.010353490725939255,-0.7175617940843222,-1.0457054506691075,63.49206349206349,0,Normal Day,0,0,0,0
2019-08-23,1793.030029296875,1804.9000244140625,1745.22998046875,1749.6199951171875,1749.6199951171875,5270800.0,AMZN,-0.030498840789987672,-2.006253123762979,1.0754403384411102,96.82539682539682,1,Normal Day,0,0,0,0
2019-08-26,1766.9100341796875,1770.0,1743.510009765625,1768.8699951171875,1768.8699951171875,3080000.0,AMZN,0.011002389120907742,0.7672769684024097,-0.5279714542315249,53.96825396825397,0,Normal Day,0,0,0,0
2019-08-27,1775.72998046875,1779.4000244140625,1746.6800537109375,1761.8299560546875,1761.8299560546875,3019700.0,AMZN,-0.003979964091161825,-0.23985977932011693,-0.5327588167142783,66.66666666666666,0,Normal Day,0,0,0,0
2019-08-28,1755.0,1767.8599853515625,1744.050048828125,1764.25,1764.25,2419700.0,AMZN,0.00137359677476013,0.1154859242892534,-1.1723245213805975,38.095238095238095,0,Normal Day,0,0,0,0
2019-08-29,1783.0,1798.550048828125,1777.25,1786.4000244140625,1786.4000244140625,3015100.0,AMZN,0.012554923856631713,0.83745512787797,-0.44266073080453777,31.746031746031743,0,Normal Day,0,0,0,0
2019-08-30,1797.489990234375,1799.739990234375,1764.5699462890625,1776.2900390625,1776.2900390625,3058700.0,AMZN,-0.0056594185027950645,-0.48235545411760017,-0.34141972373904794,73.01587301587301,0,Normal Day,0,0,0,0
2019-09-03,1770.0,1800.800048828125,1768.0,1789.8399658203125,1789.8399658203125,3543000.0,AMZN,0.007628217498176116,0.527377819629676,0.18058531416938947,66.66666666666666,0,Normal Day,0,0,0,0
2019-09-04,1805.0,1807.6300048828125,1796.22998046875,1800.6199951171875,1800.6199951171875,2324100.0,AMZN,0.00602290121057518,0.405210290550515,-1.1361907328388845,3.1746031746031744,0,Normal Day,0,0,0,0
2019-09-05,1821.949951171875,1842.0,1815.5799560546875,1840.719970703125,1840.719970703125,3310800.0,AMZN,0.02227009346484999,1.5852560548232695,0.20243454873812383,47.61904761904761,0,Normal Day,0,0,0,0
2019-09-06,1838.219970703125,1840.6500244140625,1826.4000244140625,1833.510009765625,1833.510009765625,2496900.0,AMZN,-0.0039169243840745166,-0.32615944320915874,-0.7932544282105212,9.523809523809524,0,Normal Day,0,0,0,0
2019-09-09,1841.0,1850.0,1824.6099853515625,1831.3499755859373,1831.3499755859373,2999500.0,AMZN,-0.001178086930631942,-0.08063008221850138,-0.02915089577352814,44.44444444444444,0,Normal Day,0,0,0,0
2019-09-10,1822.75,1825.81005859375,1805.3399658203125,1820.550048828125,1820.550048828125,2613900.0,AMZN,-0.00589724897031593,-0.44975383398724716,-0.5589815201869763,33.33333333333333,0,Normal Day,0,0,0,0
2019-09-11,1812.1400146484373,1833.4200439453125,1809.0799560546875,1822.989990234375,1822.989990234375,2432800.0,AMZN,0.001340222098162351,0.12394251955379083,-0.7981613478926733,39.682539682539684,0,Normal Day,0,0,0,0
2019-09-12,1837.6300048828125,1853.6600341796875,1834.280029296875,1843.550048828125,1843.550048828125,2823500.0,AMZN,0.011278207068546037,0.9153316570173059,-0.15487787258695834,25.396825396825395,0,Normal Day,0,0,0,0
2019-09-13,1842.010009765625,1846.1199951171875,1835.1700439453125,1839.3399658203125,1839.3399658203125,1971300.0,AMZN,-0.002283682512708939,-0.16823686305541594,-1.5311489988040998,3.1746031746031744,0,Normal Day,0,0,0,0
2019-09-16,1824.02001953125,1825.68994140625,1800.199951171875,1807.8399658203125,1807.8399658203125,3675500.0,AMZN,-0.017125708452679418,-1.3104227036443596,1.1740503139658525,47.61904761904761,0,Normal Day,0,0,0,0
2019-09-17,1807.0799560546875,1823.989990234375,1804.0999755859373,1822.550048828125,1822.550048828125,1982400.0,AMZN,0.008136828085409517,0.6919600780792109,-1.3571144755689961,30.158730158730158,0,Normal Day,0,0,0,0
2019-09-18,1817.0400390625,1822.06005859375,1795.5,1817.4599609375,1817.4599609375,2505600.0,AMZN,-0.0027928384704155903,-0.1660692379675391,-0.3621088515101598,55.55555555555555,0,Normal Day,0,0,0,0
2019-09-19,1821.02001953125,1832.5699462890625,1817.9000244140625,1821.5,1821.5,2031500.0,AMZN,0.0022229040250306407,0.23549694586303588,-1.2568876711116148,15.873015873015872,0,Normal Day,0,0,0,0
2019-09-20,1821.7099609375,1830.6300048828125,1780.9200439453125,1794.1600341796875,1794.1600341796875,5341900.0,AMZN,-0.015009588701791107,-1.1078899528162958,2.30699929968064,95.23809523809523,1,Normal Day,0,0,0,0
2019-09-23,1777.0,1792.699951171875,1767.3199462890625,1785.300048828125,1785.300048828125,2922300.0,AMZN,-0.004938235822209359,-0.30774372287577534,0.04884173086874716,49.2063492063492,0,Normal Day,0,0,0,0
2019-09-24,1790.6099853515625,1795.7099609375,1735.550048828125,1741.6099853515625,1741.6099853515625,4616000.0,AMZN,-0.024472112407794285,-1.8144610615562582,1.8698734256272327,100.0,1,Range Shock,0,0,0,0
2019-09-25,1747.3599853515625,1773.0,1723.0,1768.3299560546875,1768.3299560546875,3493200.0,AMZN,0.01534210927122773,1.26412037034612,0.7434089298136989,93.65079365079364,0,Normal Day,0,0,0,0
2019-09-26,1762.7900390625,1763.3699951171875,1731.5,1739.8399658203125,1739.8399658203125,3536800.0,AMZN,-0.016111241081918266,-1.1284691530465207,0.7515499003187993,69.84126984126983,0,Normal Day,0,0,0,0
2019-09-27,1748.0,1749.1199951171875,1713.8199462890625,1725.449951171875,1725.449951171875,3907200.0,AMZN,-0.008270884064703497,-0.5251887178852054,1.0286350066040877,77.77777777777777,0,Normal Day,0,0,0,0
2019-09-30,1726.989990234375,1737.4599609375,1709.219970703125,1735.9100341796875,1735.9100341796875,2644700.0,AMZN,0.006062234955414568,0.5857929771732883,-0.4136015595761737,61.9047619047619,0,Normal Day,0,0,0,0
2019-10-01,1746.0,1755.5999755859375,1728.4100341796875,1735.6500244140625,1735.6500244140625,3084500.0,AMZN,-0.0001497829729107297,0.11495199301429478,0.16077414582638686,57.14285714285714,0,Normal Day,0,0,0,0
2019-10-02,1727.739990234375,1728.8900146484375,1705.0,1713.22998046875,1713.22998046875,3301100.0,AMZN,-0.012917375985911259,-0.8493393687861027,0.4305602590296567,39.682539682539684,0,Normal Day,0,0,0,0
2019-10-03,1713.0,1725.0,1685.06005859375,1724.4200439453125,1724.4200439453125,3468200.0,AMZN,0.006531559454441039,0.6400168897317436,0.5521719019644682,85.71428571428571,0,Normal Day,0,0,0,0
2019-10-04,1726.02001953125,1740.5799560546875,1719.22998046875,1739.6500244140625,1739.6500244140625,2471900.0,AMZN,0.008831943540800665,0.8090662714589655,-0.6827124060522285,25.396825396825395,0,Normal Day,0,0,0,0
2019-10-07,1731.6300048828125,1747.8299560546875,1723.699951171875,1732.6600341796875,1732.6600341796875,2154700.0,AMZN,-0.004018043937733581,-0.14957849886564223,-1.1475503513829497,39.682539682539684,0,Normal Day,0,0,0,0
2019-10-08,1722.489990234375,1727.0,1705.0,1705.510009765625,1705.510009765625,2542000.0,AMZN,-0.015669562336801078,-1.0266944344786124,-0.5042746250260887,30.158730158730158,0,Normal Day,0,0,0,0
2019-10-09,1719.6099853515625,1729.949951171875,1714.3599853515625,1721.989990234375,1721.989990234375,2043500.0,AMZN,0.009662787303731343,0.9331732201022791,-1.2176267125843325,12.698412698412698,0,Normal Day,0,0,0,0
2019-10-10,1725.239990234375,1738.2900390625,1713.75,1720.260009765625,1720.260009765625,2575200.0,AMZN,-0.001004640258399259,0.10871338334102806,-0.4105555294637949,47.61904761904761,0,Normal Day,0,0,0,0
2019-10-11,1742.9200439453125,1745.449951171875,1729.8599853515625,1731.9200439453125,1731.9200439453125,3255000.0,AMZN,0.006778065009647064,0.7140565205478755,0.39738453639165555,11.11111111111111,0,Normal Day,0,0,0,0
2019-10-14,1728.9100341796875,1741.8900146484375,1722.0,1736.4300537109375,1736.4300537109375,1910200.0,AMZN,0.002604051948813527,0.3778222135482283,-1.4746247337958447,23.809523809523807,0,Normal Day,0,0,0,0
2019-10-15,1742.1400146484375,1776.449951171875,1740.6199951171875,1767.3800048828125,1767.3800048828125,3111700.0,AMZN,0.017823897430093213,1.5069720580998396,0.27350676200794133,76.19047619047619,0,Normal Day,0,0,0,0
2019-10-16,1773.3299560546875,1786.239990234375,1770.52001953125,1777.4300537109375,1777.4300537109375,2763400.0,AMZN,0.00568641084563553,0.5592931715639148,-0.21751351185975581,11.11111111111111,0,Normal Day,0,0,0,0
2019-10-17,1796.489990234375,1798.8499755859375,1782.02001953125,1787.47998046875,1787.47998046875,2647400.0,AMZN,0.005654189731309063,0.5411057297480477,-0.390132930930967,17.46031746031746,0,Normal Day,0,0,0,0
2019-10-18,1787.800048828125,1793.97998046875,1749.199951171875,1757.510009765625,1757.510009765625,3362500.0,AMZN,-0.01676660495815212,-1.1379193260553766,0.4414362819909333,88.88888888888889,0,Normal Day,0,0,0,0
2019-10-21,1769.6600341796875,1785.8800048828125,1765.0,1785.6600341796875,1785.6600341796875,2130400.0,AMZN,0.016016992368547867,1.3318231863534964,-1.3282908266407383,26.984126984126984,0,Normal Day,0,0,0,0
2019-10-22,1788.1500244140625,1789.780029296875,1762.0,1765.72998046875,1765.72998046875,2111700.0,AMZN,-0.011161169164035834,-0.695896357595281,-1.2450911781260363,60.317460317460316,0,Normal Day,0,0,0,0
2019-10-23,1761.300048828125,1770.050048828125,1742.0,1762.1700439453125,1762.1700439453125,2138200.0,AMZN,-0.0020161273596840897,-0.022967046228738457,-1.1365195091814246,60.317460317460316,0,Normal Day,0,0,0,0
2019-10-24,1771.0899658203125,1788.3399658203125,1760.27001953125,1780.780029296875,1780.780029296875,4446100.0,AMZN,0.010560834021384627,0.8982422323440526,2.0223083873198475,58.73015873015873,0,Normal Day,0,0,0,0
2019-10-25,1697.550048828125,1764.2099609375,1695.0,1761.3299560546875,1761.3299560546875,9626400.0,AMZN,-0.010922221117825084,-0.7389033819230936,3.358748920088878,100.0,1,Volume Shock + Range Shock,0,1,1,0
2019-10-28,1748.06005859375,1778.699951171875,1742.5,1777.0799560546875,1777.0799560546875,3708900.0,AMZN,0.008942106472361036,0.7522045808273933,0.7003828754962312,74.6031746031746,0,Normal Day,0,0,0,0
2019-10-29,1774.81005859375,1777.0,1755.81005859375,1762.7099609375,1762.7099609375,2276900.0,AMZN,-0.008086296324612465,-0.5565277649287577,-0.6465977982573244,30.158730158730158,0,Normal Day,0,0,0,0
2019-10-30,1760.239990234375,1782.3800048828125,1759.1199951171875,1779.989990234375,1779.989990234375,2449400.0,AMZN,0.009803104129328565,0.7923260931570533,-0.4109921516095855,34.92063492063492,0,Normal Day,0,0,0,0
2019-10-31,1775.989990234375,1792.0,1771.47998046875,1776.6600341796875,1776.6600341796875,2781200.0,AMZN,-0.0018707723486967687,-0.11938997203024385,-0.03550900619126573,26.984126984126984,0,Normal Day,0,0,0,0
2019-11-01,1788.010009765625,1797.449951171875,1785.2099609375,1791.43994140625,1791.43994140625,2790400.0,AMZN,0.008318928181094939,0.6502719487307578,0.0026344119879636654,4.761904761904762,0,Normal Day,0,0,0,0
2019-11-04,1801.010009765625,1815.06005859375,1801.010009765625,1804.6600341796875,1804.6600341796875,2771900.0,AMZN,0.0073795902770036215,0.5844342692489458,-0.03155458751266884,9.523809523809524,0,Normal Day,0,0,0,0
2019-11-05,1809.1600341796875,1810.25,1794.0,1801.7099609375,1801.7099609375,1885500.0,AMZN,-0.0016346974977635956,-0.14557262603378254,-1.0833832271089563,17.46031746031746,0,Normal Day,0,0,0,0
2019-11-06,1801.0,1802.5,1788.5799560546875,1795.77001953125,1795.77001953125,2029800.0,AMZN,-0.003296835525713149,-0.25515047868594226,-0.8346039255860912,7.936507936507936,0,Normal Day,0,0,0,0
2019-11-07,1803.760009765625,1805.9000244140625,1783.47998046875,1788.199951171875,1788.199951171875,2651100.0,AMZN,-0.004215499912038299,-0.34832926814850124,-0.14181770696383517,41.269841269841265,0,Normal Day,0,0,0,0
2019-11-08,1787.8900146484375,1789.8800048828125,1774.0400390625,1785.8800048828125,1785.8800048828125,2123300.0,AMZN,-0.001297364026624736,-0.11737878229475783,-0.7237544358911518,17.46031746031746,0,Normal Day,0,0,0,0
2019-11-11,1778.0,1780.0,1767.1300048828125,1771.6500244140625,1771.6500244140625,1946000.0,AMZN,-0.007968049605708955,-0.6638337081815763,-0.8819109307450879,6.349206349206349,0,Normal Day,0,0,0,0
2019-11-12,1774.6600341796875,1786.219970703125,1771.9100341796875,1778.0,1778.0,2037600.0,AMZN,0.0035842155608795403,0.32067946193604213,-0.7717317718286015,15.873015873015872,0,Normal Day,0,0,0,0
2019-11-13,1773.3900146484375,1775.0,1747.3199462890625,1753.1099853515625,1753.1099853515625,2989500.0,AMZN,-0.013998883379323679,-1.2953338022641088,0.2769075259805531,73.01587301587301,0,Normal Day,0,0,0,0
2019-11-14,1751.4300537109375,1766.5899658203125,1749.56005859375,1754.5999755859375,1754.5999755859375,2264800.0,AMZN,0.0008499125821111575,0.10673889132645362,-0.4515647653054099,30.158730158730158,0,Normal Day,0,0,0,0
2019-11-15,1760.050048828125,1761.6800537109375,1732.8599853515625,1739.489990234375,1739.489990234375,3927600.0,AMZN,-0.008611641150010056,-0.7577969763461276,0.9656588577913646,77.77777777777777,0,Normal Day,0,0,0,0
2019-11-18,1738.300048828125,1753.699951171875,1722.7099609375,1752.530029296875,1752.530029296875,2839500.0,AMZN,0.007496472607320387,0.7475529453127581,0.13018583670264017,77.77777777777777,0,Normal Day,0,0,0,0
2019-11-19,1756.989990234375,1760.6800537109375,1743.030029296875,1752.7900390625,1752.7900390625,2270800.0,AMZN,0.00014836251663506012,0.0694082952550024,-0.4756828747964996,26.984126984126984,0,Normal Day,0,0,0,0
2019-11-20,1749.1400146484375,1762.52001953125,1734.1199951171875,1745.530029296875,1745.530029296875,2790000.0,AMZN,-0.004141973427409538,-0.35429007680197705,0.040552371916554114,74.6031746031746,0,Normal Day,0,0,0,0
2019-11-21,1743.0,1746.8699951171875,1730.3599853515625,1734.7099609375,1734.7099609375,2662900.0,AMZN,-0.006198729427607431,-0.6337128753739496,-0.11545173453050349,25.396825396825395,0,Normal Day,0,0,0,0
2019-11-22,1739.02001953125,1746.4300537109375,1731.0,1745.719970703125,1745.719970703125,2479100.0,AMZN,0.006346887960264431,0.6802917990157484,-0.24589467088711056,15.873015873015872,0,Normal Day,0,0,0,0
2019-11-25,1753.25,1777.4200439453125,1753.239990234375,1773.8399658203125,1773.8399658203125,3486200.0,AMZN,0.0161079643866717,1.6322022928958917,1.483663402428668,53.96825396825397,0,Normal Day,0,0,0,0
2019-11-26,1779.9200439453125,1797.030029296875,1778.3499755859375,1796.93994140625,1796.93994140625,3181200.0,AMZN,0.013022581535564237,1.2802268305979703,1.1343316988331802,31.746031746031743,0,Normal Day,0,0,0,0
2019-11-27,1801.0,1824.5,1797.31005859375,1818.510009765625,1818.510009765625,3025600.0,AMZN,0.012003778124323225,1.1795465330351937,0.7986942042643738,66.66666666666666,0,Normal Day,0,0,0,0
2019-11-29,1817.780029296875,1824.68994140625,1800.7900390625,1800.800048828125,1800.800048828125,1923400.0,AMZN,-0.009738720624244742,-1.0056328152676004,-1.3944606949211023,50.79365079365079,0,Normal Day,0,0,0,0
2019-12-02,1804.4000244140625,1805.550048828125,1762.6800537109375,1781.5999755859375,1781.5999755859375,3925600.0,AMZN,-0.010661968414917577,-1.064068105186329,1.827973911111097,92.06349206349206,0,Normal Day,0,0,0,0
2019-12-03,1760.0,1772.8699951171875,1747.22998046875,1769.9599609375,1769.9599609375,3380900.0,AMZN,-0.006533461387486436,-0.6310071770738176,1.0901827424852304,65.07936507936508,0,Normal Day,0,0,0,0
2019-12-04,1774.010009765625,1789.0899658203125,1760.219970703125,1760.68994140625,1760.68994140625,2670100.0,AMZN,-0.005237417645504208,-0.4770955394312723,0.07904423211376464,79.36507936507937,0,Normal Day,0,0,0,0
2019-12-05,1763.5,1763.5,1740.0,1740.47998046875,1740.47998046875,2823800.0,AMZN,-0.011478432665639275,-1.1049010642307395,0.2511984937253477,50.79365079365079,0,Normal Day,0,0,0,0
2019-12-06,1751.199951171875,1754.4000244140625,1740.1300048828125,1751.5999755859375,1751.5999755859375,3117400.0,AMZN,0.0063890393695839225,0.7248567952932387,0.6297821698642144,12.698412698412698,0,Normal Day,0,0,0,0
2019-12-09,1750.6600341796875,1766.8900146484375,1745.6099853515625,1749.510009765625,1749.510009765625,2442800.0,AMZN,-0.0011931752965532976,-0.06266681925553602,-0.49910456517257673,41.269841269841265,0,Normal Day,0,0,0,0
2019-12-10,1747.4000244140625,1750.6700439453125,1735.0,1739.2099609375,1739.2099609375,2514300.0,AMZN,-0.0058873906240209835,-0.5336187369428909,-0.41457873126202294,20.634920634920633,0,Normal Day,0,0,0,0
2019-12-11,1741.6700439453125,1750.0,1735.7099609375,1748.719970703125,1748.719970703125,2097600.0,AMZN,0.005468005576795768,0.6498661902975337,-1.345641604618875,14.285714285714285,0,Normal Day,0,0,0,0
2019-12-12,1750.0,1764.0,1745.43994140625,1760.3299560546875,1760.3299560546875,3095900.0,AMZN,0.006639133506832634,0.7533584274049993,0.5200788796133748,33.33333333333333,0,Normal Day,0,0,0,0
2019-12-13,1765.0,1768.989990234375,1755.0,1760.93994140625,1760.93994140625,2745700.0,AMZN,0.00034651762271297154,0.07620695668345369,-0.08987111636049916,7.936507936507936,0,Normal Day,0,0,0,0
2019-12-16,1767.0,1769.5,1757.050048828125,1769.2099609375,1769.2099609375,3145200.0,AMZN,0.004696366603307171,0.5449001937706043,0.5574232200638184,3.1746031746031744,0,Normal Day,0,0,0,0
2019-12-17,1778.010009765625,1792.0,1777.3900146484375,1790.6600341796875,1790.6600341796875,3644400.0,AMZN,0.01212409703527848,1.2922086481590092,1.4183665620598496,15.873015873015872,0,Normal Day,0,0,0,0
2019-12-18,1795.02001953125,1798.199951171875,1782.3599853515625,1784.030029296875,1784.030029296875,3351400.0,AMZN,-0.003702548086326027,-0.35840254535370814,0.8874115056054455,22.22222222222222,0,Normal Day,0,0,0,0
2019-12-19,1780.5,1792.989990234375,1774.06005859375,1792.280029296875,1792.280029296875,2652800.0,AMZN,0.00462436162201345,0.49091988773629036,-0.4471937480618092,39.682539682539684,0,Normal Day,0,0,0,0
2019-12-20,1799.6199951171875,1802.969970703125,1782.449951171875,1786.5,1786.5,5150800.0,AMZN,-0.0032249588247337383,-0.35053668040650277,2.5557933336227747,42.857142857142854,1,Normal Day,0,1,1,0
2019-12-23,1788.260009765625,1793.0,1784.510009765625,1793.0,1793.0,2136400.0,AMZN,0.003638399104394067,0.3558347829508349,-1.3791784083101273,1.5873015873015872,0,Normal Day,0,0,0,0
2019-12-24,1793.81005859375,1795.5699462890625,1787.5799560546875,1789.2099609375,1789.2099609375,881300.0,AMZN,-0.00211379758087005,-0.27114176513103627,-3.322236306292683,1.5873015873015872,0,Normal Day,1,1,1,1
2019-12-26,1801.010009765625,1870.4599609375,1799.5,1868.77001953125,1868.77001953125,6005400.0,AMZN,0.0444665859964599,4.315298524146055,1.9428410243482497,98.4126984126984,1,Spike + Range Shock,1,1,1,1
2019-12-27,1882.9200439453125,1901.4000244140625,1866.010009765625,1869.800048828125,1869.800048828125,6186600.0,AMZN,0.000551180341138695,-0.07766335052780386,1.7741097666171979,88.88888888888889,0,Normal Day,0,0,0,0
2019-12-30,1874.0,1884.0,1840.6199951171875,1846.8900146484373,1846.8900146484373,3674700.0,AMZN,-0.012252665301857446,-1.31769085025415,0.5013158678706832,93.65079365079364,0,Normal Day,0,0,0,0
2019-12-31,1842.0,1853.260009765625,1832.22998046875,1847.8399658203125,1847.8399658203125,2506500.0,AMZN,0.0005143517829111521,-0.0525638845161581,-0.4493945702669652,44.44444444444444,0,Normal Day,0,0,0,0
2019-01-02,130.63999938964844,138.47999572753906,130.0500030517578,136.22000122070312,135.6089630126953,12718800.0,NVDA,0.02037461207534952,0.6665073633028487,-1.1436743936928278,71.42857142857143,0,Normal Day,0,0,0,0
2019-01-03,133.7899932861328,135.16000366210938,127.69000244140624,127.98999786376952,127.4158706665039,17638800.0,NVDA,-0.06041704150060047,-1.0371637426307223,0.49832030602323124,68.25396825396825,0,Normal Day,0,0,0,0
2019-01-04,130.94000244140625,137.72999572753906,129.6999969482422,136.19000244140625,135.5791015625,14640500.0,NVDA,0.0640676146016566,1.5529576991626168,-0.3619061031475298,68.25396825396825,0,Normal Day,0,0,0,0
2019-01-07,138.5,144.88999938964844,136.42999267578125,143.39999389648438,142.75674438476562,17729000.0,NVDA,0.05294062830883147,1.2789101275661712,0.7369295592198852,68.25396825396825,0,Normal Day,0,0,0,0
2019-01-08,146.69000244140625,146.77999877929688,136.89999389648438,139.8300018310547,139.20277404785156,19650400.0,NVDA,-0.024895288500942633,-0.3238464433486786,1.2409954573677262,77.77777777777777,0,Normal Day,0,0,0,0
2019-01-09,141.89999389648438,144.49000549316406,139.86000061035156,142.5800018310547,141.94044494628906,15431500.0,NVDA,0.019666784064923976,0.5800792967816013,-0.05032688226603032,6.349206349206349,0,Normal Day,0,0,0,0
2019-01-10,141.8000030517578,145.5800018310547,139.36000061035156,145.22999572753906,144.57855224609375,13078900.0,NVDA,0.018586015429238368,0.5503095301060519,-0.8893855201344582,28.57142857142857,0,Normal Day,0,0,0,0
2019-01-11,144.3300018310547,149.75,143.2100067138672,148.8300018310547,148.16238403320312,21869100.0,NVDA,0.02478812888518327,0.6526615060535025,1.6725786006733678,34.92063492063492,0,Normal Day,0,0,0,0
2019-01-14,146.72000122070312,151.4600067138672,145.77000427246094,150.44000244140625,149.76516723632812,18254200.0,NVDA,0.010817747119713037,0.3467925565380557,0.7366178534573815,19.047619047619047,0,Normal Day,0,0,0,0
2019-01-15,151.75999450683594,153.35000610351562,149.1300048828125,149.8699951171875,149.19772338867188,15425300.0,NVDA,-0.0037888906888530935,0.06096426479371763,-0.16307997820119421,3.1746031746031744,0,Normal Day,0,0,0,0
2019-01-16,150.97000122070312,152.3000030517578,148.6199951171875,148.83999633789062,148.17236328125,11752600.0,NVDA,-0.006872491644867334,-0.016735829293513083,-1.5723357881961317,1.5873015873015872,0,Normal Day,0,0,0,0
2019-01-17,147.50999450683594,153.3300018310547,146.41000366210938,151.72000122070312,151.03945922851562,12335900.0,NVDA,0.019349734888303778,0.5495148814171731,-1.2013693913265917,41.269841269841265,0,Normal Day,0,0,0,0
2019-01-18,153.72999572753906,157.97999572753906,151.64999389648438,156.92999267578125,156.22605895996094,16283400.0,NVDA,0.03433936904923786,0.8480641826500553,0.1515217804706344,23.809523809523807,0,Normal Day,0,0,0,0
2019-01-22,155.7100067138672,156.17999267578125,147.5500030517578,148.77000427246094,148.10267639160156,16538800.0,NVDA,-0.051997615650288605,-0.9585435096634918,0.26261155588103624,63.49206349206349,0,Normal Day,0,0,0,0
2019-01-23,151.0,154.5800018310547,148.02999877929688,149.2899932861328,148.6203155517578,14775500.0,NVDA,0.0034951371087146924,0.19201599390808222,-0.2608365961852574,34.92063492063492,0,Normal Day,0,0,0,0
2019-01-24,152.6999969482422,158.5500030517578,152.50999450683594,157.83999633789062,157.1319580078125,17724300.0,NVDA,0.0572710562782412,1.2932064345743497,0.7883199617375656,19.047619047619047,0,Normal Day,0,0,0,0
2019-01-25,155.44000244140625,160.8800048828125,151.3000030517578,160.14999389648438,159.43161010742188,28864300.0,NVDA,0.014635164792479947,0.3877641474367005,2.731939811490634,71.42857142857143,1,Normal Day,0,1,1,0
2019-01-28,136.5500030517578,141.63999938964844,131.0,138.00999450683594,137.39093017578125,62788200.0,NVDA,-0.13824535747202232,-2.709156217575069,3.548173524523152,87.30158730158729,1,Volume Shock,1,1,1,1
2019-01-29,136.14999389648438,138.10000610351562,131.00999450683594,131.60000610351562,131.0096893310547,28848300.0,NVDA,-0.04644586681640666,-0.821960575493495,1.2916666085688173,57.14285714285714,0,Normal Day,0,0,0,0
2019-01-30,134.6699981689453,137.97000122070312,131.4600067138672,137.38999938964844,136.77371215820312,24355700.0,NVDA,0.04399692004904348,0.982670592641572,0.7848452299723573,42.857142857142854,0,Normal Day,0,0,0,0
2019-01-31,137.25999450683594,145.19000244140625,136.3800048828125,143.75,143.1051788330078,21071300.0,NVDA,0.04629154663493538,0.9974672710812608,0.35040535290688307,74.6031746031746,0,Normal Day,0,0,0,0
2019-02-01,144.5,146.7899932861328,142.5800018310547,144.72999572753906,144.08079528808594,15626200.0,NVDA,0.006817478326319627,0.23038978534437693,-0.47716765603572603,6.349206349206349,0,Normal Day,0,0,0,0
2019-02-04,145.3699951171875,150.67999267578125,144.47999572753906,149.17999267578125,148.5108184814453,13214800.0,NVDA,0.03074679858965003,0.7368353652201918,-0.875485120570834,26.984126984126984,0,Normal Day,0,0,0,0
2019-02-05,149.66000366210938,151.42999267578125,148.3000030517578,149.9499969482422,149.27737426757812,13560600.0,NVDA,0.005161615793186034,0.20955031181409786,-0.7917491916273992,1.5873015873015872,0,Normal Day,0,0,0,0
2019-02-06,151.2899932861328,155.60000610351562,151.07000732421875,153.0,152.31369018554688,17561600.0,NVDA,0.020340094624964302,0.5177696703439729,-0.11020517372631049,11.11111111111111,0,Normal Day,0,0,0,0
2019-02-07,151.1300048828125,151.22000122070312,145.69000244140625,147.4199981689453,146.7587127685547,15928000.0,NVDA,-0.03647063773601161,-0.6715982474065803,-0.3400525777681814,20.634920634920633,0,Normal Day,0,0,0,0
2019-02-08,144.7100067138672,148.60000610351562,144.1300048828125,148.1699981689453,147.50535583496094,11540100.0,NVDA,0.005087555296180206,0.19964213418827065,-1.1167643919832393,11.11111111111111,0,Normal Day,0,0,0,0
2019-02-11,146.38999938964844,148.5800018310547,144.5,146.4499969482422,145.79306030273438,12379500.0,NVDA,-0.011608361761063073,-0.14336252530671834,-0.9254518644494922,4.761904761904762,0,Normal Day,0,0,0,0
2019-02-12,148.0,151.8000030517578,147.4199981689453,151.1699981689453,150.4918975830078,14776500.0,NVDA,0.032229498924821666,0.7555214411409225,-0.4304235101157162,7.936507936507936,0,Normal Day,0,0,0,0
2019-02-13,152.36000061035156,155.8300018310547,151.80999755859375,152.8800048828125,152.19424438476562,15134300.0,NVDA,0.01131188342428095,0.3112050229548687,-0.345983638161457,4.761904761904762,0,Normal Day,0,0,0,0
2019-02-14,152.83999633789062,155.6699981689453,151.10000610351562,154.52999877929688,153.83682250976562,20681600.0,NVDA,0.010792642860050357,0.27603898158071366,0.4088196693238928,12.698412698412698,0,Normal Day,0,0,0,0
2019-02-15,162.9499969482422,163.8699951171875,156.4199981689453,157.33999633789062,156.6342315673828,37918700.0,NVDA,0.01818426181702763,0.4499858297780232,1.704407433208997,50.79365079365079,0,Normal Day,0,0,0,0
2019-02-19,156.91000366210938,159.88999938964844,156.13999938964844,156.63999938964844,155.93736267089844,13797300.0,NVDA,-0.004449020431300724,-0.04181148880235206,-0.7364277919504215,3.1746031746031744,0,Normal Day,0,0,0,0
2019-02-20,157.82000732421875,161.25999450683594,157.3699951171875,158.5500030517578,157.8387908935547,13524700.0,NVDA,0.012193538418814756,0.32395837612315115,-0.7540897196996132,4.761904761904762,0,Normal Day,0,0,0,0
2019-02-21,159.05999755859375,160.0500030517578,155.17999267578125,155.77000427246094,155.07125854492188,11213700.0,NVDA,-0.017533917568458922,-0.4413332788952393,-1.1213457416766615,20.634920634920633,0,Normal Day,0,0,0,0
2019-02-22,157.86000061035156,159.9499969482422,157.30999755859375,159.19000244140625,158.47593688964844,10043500.0,NVDA,0.02195557304863349,0.5391505858097919,-1.2829526428389386,1.5873015873015872,0,Normal Day,0,0,0,0
2019-02-25,162.55999755859375,165.27999877929688,158.33999633789062,158.69000244140625,157.97817993164062,16400500.0,NVDA,-0.0031408992922024224,-0.13224516720867235,-0.18225192379019664,47.61904761904761,0,Normal Day,0,0,0,0
2019-02-26,158.5,160.75999450683594,155.75,157.10000610351562,156.39529418945312,12211600.0,NVDA,-0.010019647921456222,-0.3310241323671772,-0.7594831705099426,23.809523809523807,0,Normal Day,0,0,0,0
2019-02-27,156.52000427246094,157.58999633789062,153.11000061035156,155.41000366210938,154.71287536621094,12506400.0,NVDA,-0.01075747727552563,-0.3454444590811475,-0.71059171081282,14.285714285714285,0,Normal Day,0,0,0,0
2019-02-28,155.0,155.89999389648438,153.36000061035156,154.25999450683594,153.72630310058594,8123600.0,NVDA,-0.006376794841991967,-0.20129557177717977,-1.8290114942080717,1.5873015873015872,0,Normal Day,0,0,0,0
2019-03-01,156.27000427246094,158.14999389648438,153.9199981689453,156.4499969482422,155.90872192382812,8929700.0,NVDA,0.014196782068025085,0.370949317229347,-1.4084285567180386,12.698412698412698,0,Normal Day,0,0,0,0
2019-03-04,158.0,158.9199981689453,154.5,156.77999877929688,156.2375946044922,10249800.0,NVDA,0.0021093924483887366,0.050246595381054845,-0.9011767738865933,17.46031746031746,0,Normal Day,0,0,0,0
2019-03-05,156.14999389648438,158.05999755859375,153.9600067138672,156.52000427246094,155.97850036621094,9073100.0,NVDA,-0.001658334787713126,-0.06295275554275072,-1.1597783372882053,11.11111111111111,0,Normal Day,0,0,0,0
2019-03-06,156.16000366210938,156.5,151.94000244140625,152.0500030517578,151.52395629882812,10088100.0,NVDA,-0.028558705571115905,-0.7991038805434141,-0.7908690751324996,28.57142857142857,0,Normal Day,0,0,0,0
2019-03-07,151.10000610351562,151.49000549316406,147.39999389648438,149.25999450683594,148.7436065673828,11252600.0,NVDA,-0.018349241924240964,-0.4862326994905332,-0.441195543878731,15.873015873015872,0,Normal Day,0,0,0,0
2019-03-08,145.66000366210938,151.07000732421875,144.8000030517578,150.63999938964844,150.1188201904297,10560400.0,NVDA,0.009245530983033446,0.2787693745534781,-0.5625665551840068,52.38095238095238,0,Normal Day,0,0,0,0
2019-03-11,151.58999633789062,162.05999755859375,149.69000244140625,161.13999938964844,160.58251953125,21493200.0,NVDA,0.06970278162023145,1.9888996128125864,1.4323545934362707,95.23809523809523,1,Normal Day,0,0,0,0
2019-03-12,162.25999450683594,164.38999938964844,159.19000244140625,162.52000427246094,161.95773315429688,14489400.0,NVDA,0.008563906127897395,0.19277975070452716,0.2864447020981624,36.507936507936506,0,Normal Day,0,0,0,0
2019-03-13,164.02999877929688,169.8000030517578,163.72999572753906,168.6199951171875,168.03663635253906,19222500.0,NVDA,0.03753388664961633,1.0499451990925304,1.0005524102420895,42.857142857142854,0,Normal Day,0,0,0,0
2019-03-14,168.99000549316406,169.47000122070312,165.25,165.55999755859375,164.98721313476562,12984600.0,NVDA,-0.018147371215975667,-0.6110035446025766,-0.06424165352796977,11.11111111111111,0,Normal Day,0,0,0,0
2019-03-15,167.3000030517578,171.52999877929688,167.16000366210938,169.80999755859375,169.22250366210938,16537100.0,NVDA,0.02567041679699299,0.6830139603468942,0.5887148104152342,12.698412698412698,0,Normal Day,0,0,0,0
2019-03-18,171.0800018310547,173.25,167.86000061035156,168.9499969482422,168.36549377441406,12174800.0,NVDA,-0.00506439669162752,-0.2274818761793134,-0.19021301726278364,39.682539682539684,0,Normal Day,0,0,0,0
2019-03-19,172.75999450683594,177.5,172.0800018310547,175.7100067138672,175.1020965576172,21374300.0,NVDA,0.0400117781392262,1.0768225328161694,1.885388800954081,36.507936507936506,0,Normal Day,0,0,0,0
2019-03-20,176.8800048828125,179.02999877929688,173.0,174.39999389648438,173.796630859375,17978700.0,NVDA,-0.007455454411493155,-0.32944282218674503,1.17491627678418,47.61904761904761,0,Normal Day,0,0,0,0
2019-03-21,175.3300018310547,185.0,175.1300048828125,183.94000244140625,183.3036346435547,20607800.0,NVDA,0.05470188770156391,1.4713645677489358,1.4866415954186165,74.6031746031746,0,Normal Day,0,0,0,0
2019-03-22,182.83999633789065,184.8000030517578,176.94000244140625,177.5,176.88589477539062,18691100.0,NVDA,-0.035011525443255705,-1.1700401604472865,1.0620041401396723,68.25396825396825,0,Normal Day,0,0,0,0
2019-03-25,175.86000061035156,178.4499969482422,171.11000061035156,173.77999877929688,173.1787567138672,13130300.0,NVDA,-0.020957793532552466,-0.7570469817554082,-0.1096225021887743,60.317460317460316,0,Normal Day,0,0,0,0
2019-03-26,179.49000549316406,181.75,174.60000610351562,176.8699951171875,176.25807189941406,17587700.0,NVDA,0.017781136924516914,0.3681956501367455,0.8279305781185419,57.14285714285714,0,Normal Day,0,0,0,0
2019-03-27,177.89999389648438,179.77000427246094,173.6999969482422,176.5,175.8893585205078,11859300.0,NVDA,-0.002091894997675143,-0.23804001011637502,-0.4441790104293924,47.61904761904761,0,Normal Day,0,0,0,0
2019-03-28,177.5500030517578,179.89999389648438,175.11000061035156,177.25,176.6367645263672,12006600.0,NVDA,0.004249296331206025,-0.02642775425957716,-0.3970795283870683,17.46031746031746,0,Normal Day,0,0,0,0
2019-03-29,179.94000244140625,180.5399932861328,177.91000366210938,179.55999755859375,178.93878173828125,11422400.0,NVDA,0.013032491950849974,0.2292506617368209,-0.6525823046492587,1.5873015873015872,0,Normal Day,0,0,0,0
2019-04-01,183.25999450683597,183.5,180.3699951171875,182.27999877929688,181.64935302734372,12095600.0,NVDA,0.015148037014284566,0.2960978754208378,-0.5336515735919242,6.349206349206349,0,Normal Day,0,0,0,0
2019-04-02,183.25,184.7899932861328,181.5200042724609,183.0,182.36685180664065,11023000.0,NVDA,0.003949911008980729,-0.049747243525831535,-0.8971319655926259,7.936507936507936,0,Normal Day,0,0,0,0
2019-04-03,185.0,191.0,184.8000030517578,188.6199951171875,187.96743774414065,19719500.0,NVDA,0.03071054789846442,0.763645832230358,1.1592743541527282,52.38095238095238,0,Normal Day,0,0,0,0
2019-04-04,188.0,189.97000122070312,185.72999572753903,188.25999450683597,187.60867309570312,11434400.0,NVDA,-0.0019086531834618886,-0.27123613999665874,-0.9837276560132506,11.11111111111111,0,Normal Day,0,0,0,0
2019-04-05,190.0,191.6499938964844,188.52999877929688,190.9499969482422,190.2893524169922,12043600.0,NVDA,0.014288674809408155,0.27353789771159787,-0.8013130264744415,3.1746031746031744,0,Normal Day,0,0,0,0
2019-04-08,189.72000122070312,192.8000030517578,188.75,191.7899932861328,191.12646484375,10604800.0,NVDA,0.004399155371149717,-0.02336448996274904,-1.312722612408185,12.698412698412698,0,Normal Day,0,0,0,0
2019-04-09,190.44000244140625,190.88999938964844,187.55999755859372,189.25999450683597,188.605224609375,10999300.0,NVDA,-0.013191476316145794,-0.6157750147457984,-1.0736595018066926,9.523809523809524,0,Normal Day,0,0,0,0
2019-04-10,189.22999572753903,193.13999938964844,189.0500030517578,192.1000061035156,191.43539428710935,11119300.0,NVDA,0.01500578620553053,0.32652418520635573,-0.9530544760516678,15.873015873015872,0,Normal Day,0,0,0,0
2019-04-11,192.1999969482422,193.47000122070312,189.5500030517578,191.5399932861328,190.87730407714844,9365000.0,NVDA,-0.002915292712923825,-0.26008854457276204,-1.4821146647909365,12.698412698412698,0,Normal Day,0,0,0,0
2019-04-12,193.1000061035156,193.25999450683597,189.66000366210935,190.00999450683597,189.3526153564453,11792700.0,NVDA,-0.007987794714906907,-0.4130043328518014,-0.5447832389593757,12.698412698412698,0,Normal Day,0,0,0,0
2019-04-15,189.6999969482422,189.8999938964844,183.1000061035156,184.6999969482422,184.06097412109372,11002300.0,NVDA,-0.027945963278037556,-1.0510427617711948,-0.7432415808863877,68.25396825396825,0,Normal Day,0,0,0,0
2019-04-16,186.27999877929688,188.97000122070312,184.9600067138672,188.2100067138672,187.55886840820312,9874100.0,NVDA,0.019003997473185916,0.4936333041992618,-1.0982742583531326,20.634920634920633,0,Normal Day,0,0,0,0
2019-04-17,189.6199951171875,190.4600067138672,186.38999938964844,187.2899932861328,186.64202880859372,8775100.0,NVDA,-0.004888276450964684,-0.2988841092878543,-1.4483104379720815,22.22222222222222,0,Normal Day,0,0,0,0
2019-04-18,187.55999755859372,188.92999267578125,185.17999267578125,186.3000030517578,185.65545654296875,9524700.0,NVDA,-0.00528590624481867,-0.2995070771363784,-1.0272187837536135,14.285714285714285,0,Normal Day,0,0,0,0
2019-04-22,185.3500061035156,189.1000061035156,184.0800018310547,188.47000122070312,187.8179473876953,6998400.0,NVDA,0.011647871196428143,0.2764597480178718,-2.0984746121282534,36.507936507936506,0,Normal Day,0,0,0,0
2019-04-23,189.0,191.92999267578125,188.6100006103516,190.6699981689453,190.0103302001953,8671400.0,NVDA,0.011672914346010107,0.2505170016173316,-1.1452920588753475,9.523809523809524,0,Normal Day,0,0,0,0
2019-04-24,191.08999633789065,192.80999755859372,188.63999938964844,191.1699981689453,190.50860595703125,7955100.0,NVDA,0.002622361406934839,-0.06039356075769341,-1.371060700307975,26.984126984126984,0,Normal Day,0,0,0,0
2019-04-25,189.5500030517578,190.4499969482422,183.6999969482422,186.91000366210935,186.2633514404297,12482400.0,NVDA,-0.022283793927708805,-0.8926748837390545,0.7175332073226882,74.6031746031746,0,Normal Day,0,0,0,0
2019-04-26,180.7100067138672,180.88999938964844,173.3000030517578,178.08999633789062,177.47384643554688,21724700.0,NVDA,-0.047188590438811316,-1.6944967988952735,2.6158579131701813,85.71428571428571,1,Normal Day,0,0,0,0
2019-04-29,178.41000366210938,180.4499969482422,175.5,179.3300018310547,178.7095947265625,9798000.0,NVDA,0.006962988157606711,0.11024221922826323,-0.43499019290342206,46.03174603174603,0,Normal Day,0,0,0,0
2019-04-30,178.02999877929688,182.02999877929688,177.25999450683594,181.0,180.3737945556641,9073000.0,NVDA,0.009312313822030243,0.18164463000360034,-0.6820770722946821,39.682539682539684,0,Normal Day,0,0,0,0
2019-05-01,183.1100006103516,184.80999755859372,180.4600067138672,180.47000122070312,179.84564208984375,8857000.0,NVDA,-0.002928099767049869,-0.3505396137850612,-0.7111629223624011,31.746031746031743,0,Normal Day,0,0,0,0
2019-05-02,180.8600006103516,184.8699951171875,179.1199951171875,183.19000244140625,182.55621337890625,9867100.0,NVDA,0.015071653989304929,0.5286400309484842,-0.2811577298536559,68.25396825396825,0,Normal Day,0,0,0,0
2019-05-03,183.52999877929688,183.92999267578125,180.52999877929688,183.00999450683597,182.37684631347656,8420600.0,NVDA,-0.000982530597615982,-0.23767239121065165,-0.8459063964760505,14.285714285714285,0,Normal Day,0,0,0,0
2019-05-06,175.5,180.33999633789065,174.0,179.85000610351562,179.22776794433594,10554400.0,NVDA,-0.01726687588252219,-0.9898070041688773,0.16549761869816787,79.36507936507937,0,Normal Day,0,0,0,0
2019-05-07,177.89999389648438,177.89999389648438,171.1699981689453,173.11000061035156,172.51109313964844,13880500.0,NVDA,-0.03747563718348346,-1.877928201069627,1.3055612706920905,85.71428571428571,0,Normal Day,0,0,0,0
2019-05-08,172.0,177.14999389648438,171.52000427246094,173.9199981689453,173.3182830810547,10479200.0,NVDA,0.004679061077845159,0.11366522972750268,0.10314224219227826,71.42857142857143,0,Normal Day,0,0,0,0
2019-05-09,171.13999938964844,171.52999877929688,165.39999389648438,170.19000244140625,169.60121154785156,16506200.0,NVDA,-0.021446505626095923,-1.1508926806355397,1.7981450519290882,80.95238095238095,0,Normal Day,0,0,0,0
2019-05-10,168.9499969482422,171.58999633789062,164.0,168.82000732421875,168.23594665527344,14237500.0,NVDA,-0.008049853418605602,-0.49635456678291295,1.1344496938674486,95.23809523809523,1,Normal Day,0,0,0,0
2019-05-13,163.5,164.42999267578125,157.80999755859375,158.4499969482422,157.90179443359375,16422800.0,NVDA,-0.061426540683692576,-2.823995883499633,1.4878197404081932,87.30158730158729,1,Normal Day,0,0,0,0
2019-05-14,160.0500030517578,163.4600067138672,158.49000549316406,162.0399932861328,161.47938537597656,13122000.0,NVDA,0.02265706324121214,0.9634538670177248,0.6600378773630078,57.14285714285714,0,Normal Day,0,0,0,0
2019-05-15,159.8000030517578,161.0500030517578,157.41000366210938,159.5800018310547,159.02789306640625,12558000.0,NVDA,-0.015181456777671283,-0.7272641528384468,0.4789158302060226,30.158730158730158,0,Normal Day,0,0,0,0
2019-05-16,159.36000061035156,161.91000366210938,157.64999389648438,160.19000244140625,159.6357879638672,19527200.0,NVDA,0.003822567763047047,0.13530194460325942,1.763778660132266,42.857142857142854,0,Normal Day,0,0,0,0
2019-05-17,158.5,163.7100067138672,154.94000244140625,156.52999877929688,155.9884490966797,25551700.0,NVDA,-0.022847877118964438,-1.0363329606204976,2.1791139778616473,98.4126984126984,1,Range Shock,0,0,0,0
2019-05-20,152.5500030517578,154.77000427246094,150.75,151.75,151.22499084472656,14301600.0,NVDA,-0.0305372499024001,-1.3439332959123869,0.4682696147720176,41.269841269841265,0,Normal Day,0,0,0,0
2019-05-21,154.1999969482422,155.6999969482422,152.63999938964844,155.05999755859375,154.52354431152344,9046200.0,NVDA,0.021812224608984992,0.9661816712434574,-0.9250308188007058,17.46031746031746,0,Normal Day,0,0,0,0
2019-05-22,153.5,154.5500030517578,151.75999450683594,152.1999969482422,151.67344665527344,8146700.0,NVDA,-0.018444423268625845,-0.8090495044303918,-1.218469737898958,14.285714285714285,0,Normal Day,0,0,0,0
2019-05-23,149.69000244140625,149.69000244140625,144.91000366210938,147.32000732421875,146.81031799316406,14796100.0,NVDA,-0.03206315125918115,-1.3614385591840037,0.49050796843340955,68.25396825396825,0,Normal Day,0,0,0,0
2019-05-24,148.0800018310547,149.5,144.8800048828125,145.14999389648438,144.64781188964844,8939600.0,NVDA,-0.014729932698710712,-0.5930918147033092,-0.9949227345762918,61.9047619047619,0,Normal Day,0,0,0,0
2019-05-28,145.86000061035156,147.17999267578125,143.25,143.3300018310547,142.83412170410156,10708900.0,NVDA,-0.012538663128416599,-0.49532337543421073,-0.3761965341287419,50.79365079365079,0,Normal Day,0,0,0,0
2019-05-29,141.41000366210938,142.82000732421875,138.94000244140625,140.33999633789062,139.8544464111328,13995000.0,NVDA,-0.020861088775002333,-0.8474562825403799,0.44356689059263454,53.96825396825397,0,Normal Day,0,0,0,0
2019-05-30,140.30999755859375,141.75,137.57000732421875,139.11000061035156,138.78695678710938,9857500.0,NVDA,-0.007632861531519117,-0.27223518365523697,-0.7275434581357563,57.14285714285714,0,Normal Day,0,0,0,0
2019-05-31,137.13999938964844,139.85000610351562,135.38999938964844,135.4600067138672,135.14544677734375,9743000.0,NVDA,-0.026238128524941118,-1.0463769834507182,-0.7931747487617429,71.42857142857143,0,Normal Day,0,0,0,0
2019-06-03,135.91000366210938,137.47000122070312,132.60000610351562,133.77999877929688,133.46932983398438,11966100.0,NVDA,-0.012402319007615764,-0.43848392959521015,-0.13360160252158354,80.95238095238095,0,Normal Day,0,0,0,0
2019-06-04,136.36000061035156,143.2100067138672,135.47000122070312,143.0,142.6679229736328,16045900.0,NVDA,0.06891915282027784,2.8165595905846366,0.7895512286860082,96.82539682539682,1,Normal Day,0,0,0,0
2019-06-05,145.97000122070312,146.19000244140625,139.82000732421875,141.27999877929688,140.951904296875,12790400.0,NVDA,-0.012028062377237796,-0.45333699912520514,-0.04405260698519219,93.65079365079364,0,Normal Day,0,0,0,0
2019-06-06,141.4499969482422,144.77000427246094,141.35000610351562,143.77999877929688,143.44610595703125,10203500.0,NVDA,0.01769540945614275,0.7288002305280916,-0.7878362092399874,31.746031746031743,0,Normal Day,0,0,0,0
2019-06-07,144.02000427246094,146.8800048828125,143.25,145.5,145.162109375,8721400.0,NVDA,0.011962704783933086,0.49421388919161036,-1.2694752872785378,34.92063492063492,0,Normal Day,0,0,0,0
2019-06-10,147.75999450683594,151.19000244140625,147.75999450683594,148.42999267578125,148.08529663085938,10069500.0,NVDA,0.0201373985845566,0.9136526428204994,-0.7046915779614324,31.746031746031743,0,Normal Day,0,0,0,0
2019-06-11,150.83999633789062,152.36000061035156,149.16000366210938,150.75,150.39993286132812,9596800.0,NVDA,0.015630425728481168,0.7122249541969947,-0.7970743020690482,22.22222222222222,0,Normal Day,0,0,0,0
2019-06-12,149.0,149.25,145.58999633789062,146.1999969482422,145.86050415039062,8950400.0,NVDA,-0.030182385221693867,-1.22700465701404,-0.9409940458585344,39.682539682539684,0,Normal Day,0,0,0,0
2019-06-13,147.08999633789062,149.0,146.3800048828125,148.25999450683594,147.9156951904297,7702000.0,NVDA,0.014090113372431797,0.6774108924895218,-1.310238786448593,9.523809523809524,0,Normal Day,0,0,0,0
2019-06-14,144.50999450683594,145.49000549316406,142.83999633789062,144.63999938964844,144.3041229248047,9860700.0,NVDA,-0.024416423564621644,-0.9677658988405745,-0.460683594920832,12.698412698412698,0,Normal Day,0,0,0,0
2019-06-17,144.57000732421875,146.52000427246094,143.64999389648438,145.02999877929688,144.69320678710938,6901000.0,NVDA,0.002696276824380374,0.2114726588624476,-1.5050828118752424,20.634920634920633,0,Normal Day,0,0,0,0
2019-06-18,147.5,155.11000061035156,147.05999755859375,152.8800048828125,152.5249786376953,14548000.0,NVDA,0.05412674184565564,2.3977452719881667,1.3784297987834317,95.23809523809523,1,Normal Day,0,0,0,0
2019-06-19,154.3000030517578,154.75999450683594,152.07000732421875,153.1199951171875,152.76441955566406,8291100.0,NVDA,0.0015698472480203589,0.14323974136571865,-0.9230574937294713,7.936507936507936,0,Normal Day,0,0,0,0
2019-06-20,156.77000427246094,157.3300018310547,153.52000427246094,154.10000610351562,153.7421417236328,8754200.0,NVDA,0.006400195613694517,0.4019736055222764,-0.6766721943678208,44.44444444444444,0,Normal Day,0,0,0,0
2019-06-21,153.5,155.47999572753906,151.5,151.75999450683594,151.40757751464844,10860700.0,NVDA,-0.015184933570009662,-0.590979567958524,0.20373053360367643,49.2063492063492,0,Normal Day,0,0,0,0
2019-06-24,152.6199951171875,153.85000610351562,150.72000122070312,152.66000366210938,152.3054962158203,7073700.0,NVDA,0.005930473995497371,0.3545150607679926,-1.5503069694099703,26.984126984126984,0,Normal Day,0,0,0,0
2019-06-25,152.86000061035156,155.8800048828125,151.3699951171875,151.47999572753906,151.1282196044922,7796700.0,NVDA,-0.0077297053657203385,-0.25471175451250666,-1.061981148065916,65.07936507936508,0,Normal Day,0,0,0,0
2019-06-26,156.61000061035156,161.72000122070312,156.08999633789062,159.25999450683594,158.89015197753906,14601800.0,NVDA,0.051359914074023516,2.3217792537840247,1.5099209726964873,80.95238095238095,0,Normal Day,0,0,0,0
2019-06-27,162.7100067138672,164.0,161.25999450683594,163.22999572753906,162.85093688964844,11136000.0,NVDA,0.0249278187654404,1.131740125692668,0.46463940035907453,4.761904761904762,0,Normal Day,0,0,0,0
2019-06-28,165.0,165.3699951171875,162.35000610351562,164.22999572753906,163.84861755371094,9941700.0,NVDA,0.006126342796164271,0.3175351400394541,-0.022324675280461035,17.46031746031746,0,Normal Day,0,0,0,0
2019-07-01,172.57000732421875,173.9499969482422,164.66000366210938,166.1699981689453,165.78411865234375,17788300.0,NVDA,0.011812739878615938,0.5691813051343423,2.0653322415139423,98.4126984126984,1,Range Shock,0,0,0,0
2019-07-02,165.5,166.35000610351562,161.6999969482422,162.22999572753906,161.85325622558594,10005700.0,NVDA,-0.02371072970506298,-0.959282269079856,-0.07203335047564752,61.9047619047619,0,Normal Day,0,0,0,0
2019-07-03,163.1699981689453,163.39999389648438,160.33999633789062,162.75,162.37205505371094,6165900.0,NVDA,0.0032053654045854636,0.23286775496214684,-1.736811740211527,17.46031746031746,0,Normal Day,0,0,0,0
2019-07-05,160.39999389648438,160.5800018310547,157.67999267578125,160.22999572753906,159.85791015625,9913800.0,NVDA,-0.015483852172895671,-0.5811375127918,0.11522033722138175,11.11111111111111,0,Normal Day,0,0,0,0
2019-07-08,157.8300018310547,158.58999633789062,156.0,157.2100067138672,156.84494018554688,8244700.0,NVDA,-0.018847800323162966,-0.7062836072809512,-0.5612621524024463,1.5873015873015872,0,Normal Day,0,0,0,0
2019-07-09,155.50999450683594,158.44000244140625,155.0,157.30999755859375,156.9447021484375,8571500.0,NVDA,0.0006360547096553261,0.15451607886166113,-0.4067767210557293,38.095238095238095,0,Normal Day,0,0,0,0
2019-07-10,159.05999755859375,162.3699951171875,158.5,160.05999755859375,159.6883087158203,11301900.0,NVDA,0.01748135827348873,0.8714126875768122,0.6370235885882114,44.44444444444444,0,Normal Day,0,0,0,0
2019-07-11,163.0,167.9199981689453,161.5,166.27999877929688,165.89385986328125,17064000.0,NVDA,0.038860397466568906,1.7551910280807366,1.9016209510743998,85.71428571428571,0,Normal Day,0,0,0,0
2019-07-12,167.39999389648438,170.47000122070312,167.39999389648438,167.61000061035156,167.2207794189453,12659800.0,NVDA,0.007998605594912445,0.42160124457356185,0.8019525674841078,11.11111111111111,0,Normal Day,0,0,0,0
2019-07-15,168.4600067138672,169.11000061035156,166.1300048828125,167.27000427246094,166.88156127929688,7246000.0,NVDA,-0.002028564517084207,-0.012515492249833162,-1.0767391538494595,9.523809523809524,0,Normal Day,0,0,0,0
2019-07-16,166.6699981689453,168.1699981689453,164.83999633789062,167.0800018310547,166.69200134277344,8536100.0,NVDA,-0.0011358950328022492,0.007609104843084105,-0.49815054026852523,25.396825396825395,0,Normal Day,0,0,0,0
2019-07-17,167.14999389648438,169.99000549316406,165.97000122070312,169.7100067138672,169.31590270996094,8705100.0,NVDA,0.015741015441958116,0.7431007490208679,-0.48566384916958744,39.682539682539684,0,Normal Day,0,0,0,0
2019-07-18,170.1300048828125,172.7100067138672,167.85000610351562,170.17999267578125,169.78480529785156,11079500.0,NVDA,0.002769394843518377,0.17425035277318823,0.4111881624929766,61.9047619047619,0,Normal Day,0,0,0,0
2019-07-19,171.72000122070312,171.97999572753906,168.1999969482422,168.44000244140625,168.04884338378906,8622400.0,NVDA,-0.010224483345356621,-0.3864628956826218,-0.5026197866956126,33.33333333333333,0,Normal Day,0,0,0,0
2019-07-22,169.3000030517578,171.83999633789062,169.0,171.32000732421875,170.9221649169922,7898500.0,NVDA,0.01709813334829713,0.7935550029986848,-0.7934835929239743,3.1746031746031744,0,Normal Day,0,0,0,0
2019-07-23,172.89999389648438,175.74000549316406,172.27000427246094,175.66000366210938,175.2520751953125,10704400.0,NVDA,0.025332643548150235,1.1314994200160307,0.29831454170155475,23.809523809523807,0,Normal Day,0,0,0,0
2019-07-24,177.39999389648438,178.88999938964844,174.33999633789062,178.66000366210938,178.2451171875,9155900.0,NVDA,0.017078496724514423,0.7636714143544179,-0.3171797724890651,49.2063492063492,0,Normal Day,0,0,0,0
2019-07-25,176.99000549316406,177.5,172.44000244140625,173.3800048828125,172.9773712158203,9817500.0,NVDA,-0.029553381628616666,-1.2181557026868997,-0.10089592464858246,65.07936507936508,0,Normal Day,0,0,0,0
2019-07-26,174.47000122070312,176.9499969482422,174.47000122070312,175.07000732421875,174.66346740722656,6854000.0,NVDA,0.009747495753664463,0.4275588340596702,-1.3369277448547001,1.5873015873015872,0,Normal Day,0,0,0,0
2019-07-29,174.77999877929688,175.47000122070312,171.27000427246094,174.82000732421875,174.41403198242188,6204000.0,NVDA,-0.0014280915666418706,-0.05689834379277263,-1.5209503913445879,42.857142857142854,0,Normal Day,0,0,0,0
2019-07-30,172.9499969482422,175.94000244140625,172.3699951171875,175.4499969482422,175.04257202148438,4944300.0,NVDA,0.003603724034806137,0.1681798849783675,-1.9798006253823022,30.158730158730158,0,Normal Day,0,0,0,0
2019-07-31,174.17999267578125,174.22000122070312,167.02000427246094,168.72000122070312,168.32818603515625,8985400.0,NVDA,-0.0383585884781447,-1.615927961419964,0.05364924145850798,90.47619047619047,0,Normal Day,0,0,0,0
2019-08-01,169.13999938964844,172.77999877929688,162.82000732421875,164.9199981689453,164.53701782226562,10530300.0,NVDA,-0.022522480056303935,-0.9065177369399715,0.627075389095052,100.0,1,Range Shock,0,0,0,0
2019-08-02,161.19000244140625,163.97999572753906,159.27999877929688,161.19000244140625,160.815673828125,10708700.0,NVDA,-0.02261706236927458,-0.8900161997613626,0.6159886643610789,63.49206349206349,0,Normal Day,0,0,0,0
2019-08-05,153.8000030517578,153.85000610351562,148.89999389648438,150.7899932861328,150.43983459472656,14728900.0,NVDA,-0.06452007435847221,-2.511828869437656,1.6372919480507304,76.19047619047619,1,Normal Day,0,0,0,0
2019-08-06,153.8000030517578,155.6300048828125,150.42999267578125,152.35000610351562,151.9962158203125,9031800.0,NVDA,0.010345539329916905,0.4955444175372019,-0.11491843282228716,79.36507936507937,0,Normal Day,0,0,0,0
2019-08-07,149.89999389648438,154.3699951171875,149.1999969482422,153.88999938964844,153.5326385498047,9314000.0,NVDA,0.010108295928291544,0.4816119229752306,-0.019361815008732276,77.77777777777777,0,Normal Day,0,0,0,0
2019-08-08,156.2100067138672,158.30999755859375,153.89999389648438,158.25999450683594,157.89248657226562,7732500.0,NVDA,0.028396880713065058,1.1919440386997144,-0.6209925326012234,60.317460317460316,0,Normal Day,0,0,0,0
2019-08-09,156.61000061035156,156.75,152.14999389648438,154.17999267578125,153.8219451904297,8545400.0,NVDA,-0.025780462833948064,-0.9978703351409387,-0.16828426563878598,69.84126984126983,0,Normal Day,0,0,0,0
2019-08-12,152.0800018310547,154.17999267578125,150.57000732421875,151.4499969482422,151.09829711914062,6980000.0,NVDA,-0.017706498691829827,-0.7328355164217384,-0.9238935139454515,42.857142857142854,0,Normal Day,0,0,0,0
2019-08-13,151.38999938964844,157.89999389648438,149.82000732421875,156.0500030517578,155.6876220703125,8798900.0,NVDA,0.030373108358416535,1.293217724376122,0.03412305382820748,92.06349206349206,0,Normal Day,0,0,0,0
2019-08-14,152.5,152.9499969482422,148.30999755859375,150.07000732421875,149.7215118408203,10497000.0,NVDA,-0.03832103124291885,-1.5602265778644577,0.7516593992988668,73.01587301587301,0,Normal Day,0,0,0,0
2019-08-15,150.8300018310547,151.6300048828125,147.38999938964844,148.77000427246094,148.4245147705078,11930000.0,NVDA,-0.008662730254096224,-0.32277924672797853,1.1915108595568984,60.317460317460316,0,Normal Day,0,0,0,0
2019-08-16,159.35000610351562,161.5399932861328,156.8800048828125,159.55999755859375,159.18946838378906,25199000.0,NVDA,0.0725281374840665,2.798607472019417,3.032678988363528,68.25396825396825,1,Volume Shock,1,1,1,1
2019-08-19,164.1199951171875,171.4199981689453,163.47000122070312,170.77999877929688,170.38340759277344,20377800.0,NVDA,0.07031834029369936,2.537359350328976,2.0101023335884296,92.06349206349206,1,Normal Day,0,0,0,0
2019-08-20,170.55999755859375,170.5800018310547,167.02000427246094,167.8699951171875,167.4801483154297,11579700.0,NVDA,-0.017039565755620486,-0.6961208506860097,0.4324654600709656,30.158730158730158,0,Normal Day,0,0,0,0
2019-08-21,170.52999877929688,173.4499969482422,169.66000366210938,171.22999572753906,170.83236694335938,10681100.0,NVDA,0.020015617741251143,0.6635150143477556,0.2134269585396206,33.33333333333333,0,Normal Day,0,0,0,0
2019-08-22,171.6199951171875,173.3300018310547,169.89999389648438,171.47999572753906,171.08177185058594,7587200.0,NVDA,0.001459939423009074,-0.04962147649637484,-0.6832257426977791,25.396825396825395,0,Normal Day,0,0,0,0
2019-08-23,168.39999389648438,170.58999633789062,161.63999938964844,162.44000244140625,162.0627899169922,14201400.0,NVDA,-0.05271737506594488,-2.0137531760795597,0.9307825491884018,96.82539682539682,1,Normal Day,0,0,0,0
2019-08-26,165.61000061035156,166.5800018310547,163.91000366210938,165.4499969482422,165.06578063964844,7955200.0,NVDA,0.018529797766621,0.5819751754282219,-0.6176529760774836,3.1746031746031744,0,Normal Day,0,0,0,0
2019-08-27,166.99000549316406,167.10000610351562,160.6199951171875,161.8000030517578,161.4242706298828,7274200.0,NVDA,-0.022060962579005562,-0.9054451660135469,-0.8970804406047463,85.71428571428571,0,Normal Day,0,0,0,0
2019-08-28,160.5800018310547,163.33999633789062,159.0,161.22000122070312,161.0048370361328,6390300.0,NVDA,-0.0025983304252412374,-0.19518587902865586,-1.3632756842103715,57.14285714285714,0,Normal Day,0,0,0,0
2019-08-29,164.89999389648438,168.3000030517578,164.75999450683594,167.0,166.77711486816406,8949400.0,NVDA,0.035851580227591745,1.1766258259252254,-0.38698443147445993,31.746031746031743,0,Normal Day,0,0,0,0
2019-08-30,168.86000061035156,170.86000061035156,166.77999877929688,167.50999450683594,167.28643798828125,7265400.0,NVDA,0.0030539149242376764,-0.03301737786547926,-0.9186603007018252,50.79365079365079,0,Normal Day,0,0,0,0
2019-09-03,164.5800018310547,165.91000366210938,163.25,164.1699981689453,163.9508819580078,7403500.0,NVDA,-0.019939189753727077,-0.861407855321163,-0.80234812577748,4.761904761904762,0,Normal Day,0,0,0,0
2019-09-04,166.61000061035156,169.05999755859375,166.61000061035156,168.75999450683594,168.53475952148438,5693200.0,NVDA,0.02795884662975229,0.9449450670938373,-1.3814060751467276,3.1746031746031744,0,Normal Day,0,0,0,0
2019-09-05,172.8699951171875,179.99000549316406,172.8000030517578,179.74000549316406,179.5001220703125,17391900.0,NVDA,0.065062913905486,2.238928169153158,1.4907406361063107,87.30158730158729,0,Normal Day,0,0,0,0
2019-09-06,178.8000030517578,181.08999633789065,177.1199951171875,178.64999389648438,178.41156005859375,9424400.0,NVDA,-0.006064408197406943,-0.3554159224036884,-0.08521508116763182,42.857142857142854,0,Normal Day,0,0,0,0
2019-09-09,179.89999389648438,183.97999572753903,179.83999633789062,180.5,180.25909423828125,10438100.0,NVDA,0.010355462275430665,0.25205091407620184,0.14187760296745017,46.03174603174603,0,Normal Day,0,0,0,0
2019-09-10,179.17999267578125,184.25,178.7899932861328,183.17999267578125,182.93551635742188,8820300.0,NVDA,0.01484763989550902,0.41746431737041567,-0.29910896525140984,74.6031746031746,0,Normal Day,0,0,0,0
2019-09-11,183.7700042724609,186.2700042724609,182.6000061035156,184.3300018310547,184.083984375,9037800.0,NVDA,0.00627799369114433,0.08266533960340253,-0.27324002778989814,28.57142857142857,0,Normal Day,0,0,0,0
2019-09-12,186.1999969482422,188.3999938964844,183.9499969482422,184.2700042724609,184.0240631103516,8196000.0,NVDA,-0.0003255104720372776,-0.1544644748635137,-0.5211769190409237,50.79365079365079,0,Normal Day,0,0,0,0
2019-09-13,181.58999633789065,183.0800018310547,180.17999267578125,181.94000244140625,181.6971893310547,8114800.0,NVDA,-0.012644399541931502,-0.6235061141826902,-0.5117863570061993,4.761904761904762,0,Normal Day,0,0,0,0
2019-09-16,178.9199981689453,181.6000061035156,178.5,180.2100067138672,179.969482421875,5795800.0,NVDA,-0.009508715657850835,-0.4978732259275146,-1.2569159570497392,14.285714285714285,0,Normal Day,0,0,0,0
2019-09-17,180.47999572753903,181.2400054931641,178.61000061035156,181.07000732421875,180.82835388183597,5576200.0,NVDA,0.004772317219580843,0.06685287509193993,-1.3496941415561878,4.761904761904762,0,Normal Day,0,0,0,0
2019-09-18,180.7899932861328,181.4199981689453,176.5,179.97999572753906,179.73977661132812,6453800.0,NVDA,-0.006019947907169371,-0.34354149264440453,-0.8998559000211991,61.9047619047619,0,Normal Day,0,0,0,0
2019-09-19,180.22000122070312,180.9600067138672,176.50999450683594,176.94000244140625,176.70384216308594,6136900.0,NVDA,-0.016890721160776424,-0.7440206697207543,-0.9754740844219792,55.55555555555555,0,Normal Day,0,0,0,0
2019-09-20,176.89999389648438,177.85000610351562,172.27999877929688,172.69000244140625,172.45953369140625,8756100.0,NVDA,-0.02401933325118348,-1.0069112504319246,0.2864545491458816,79.36507936507937,0,Normal Day,0,0,0,0
2019-09-23,172.6999969482422,176.6699981689453,172.5500030517578,174.83999633789062,174.60665893554688,6242800.0,NVDA,0.012450023481929532,0.37844510840115514,-0.8544978347929288,44.44444444444444,0,Normal Day,0,0,0,0
2019-09-24,176.10000610351562,177.2899932861328,171.10000610351562,172.52999877929688,172.2997283935547,7931700.0,NVDA,-0.013212156718740906,-0.5941285123824349,0.07602095386550399,85.71428571428571,0,Normal Day,0,0,0,0
2019-09-25,172.50999450683594,179.02000427246094,170.7100067138672,178.22999572753906,177.99212646484375,7710800.0,NVDA,0.03303776578386064,1.195128154822668,-0.027651817920153268,93.65079365079364,0,Normal Day,0,0,0,0
2019-09-26,177.83999633789062,178.19000244140625,175.2899932861328,177.33999633789062,177.1033172607422,5864100.0,NVDA,-0.004993531015975116,-0.2586193646243054,-1.0213003024972498,11.11111111111111,0,Normal Day,0,0,0,0
2019-09-27,175.66000366210938,177.6999969482422,169.32000732421875,171.75999450683594,171.53076171875,9051400.0,NVDA,-0.031464998104964545,-1.2490626941686256,0.5567411978218108,93.65079365079364,0,Normal Day,0,0,0,0
2019-09-30,172.8000030517578,174.47999572753906,171.5399932861328,174.07000732421875,173.8376922607422,4654600.0,NVDA,0.013449077698230831,0.47462875900389223,-1.7108288317652485,15.873015873015872,0,Normal Day,0,0,0,0
2019-10-01,175.0,181.0,173.80999755859375,174.0,173.76776123046875,9150200.0,NVDA,-0.0004022777187386193,-0.07182090281462294,0.6187036328121739,88.88888888888889,0,Normal Day,0,0,0,0
2019-10-02,173.1199951171875,173.60000610351562,170.1300048828125,173.0399932861328,172.80905151367188,7334300.0,NVDA,-0.005517189782547381,-0.26413826026143383,-0.1492777584444613,30.158730158730158,0,Normal Day,0,0,0,0
2019-10-03,173.22000122070312,181.55999755859372,172.0,181.30999755859372,181.0680084228516,11264700.0,NVDA,0.04779238608647941,1.7204164328848432,1.2158504932388532,96.82539682539682,1,Normal Day,0,0,0,0
2019-10-04,181.3999938964844,183.1499938964844,178.77999877929688,181.97000122070312,181.7271270751953,6638100.0,NVDA,0.003640171767971674,0.0366075841276739,-0.5621021153413143,46.03174603174603,0,Normal Day,0,0,0,0
2019-10-07,184.5800018310547,188.33999633789065,184.22999572753903,184.3300018310547,184.083984375,12024600.0,NVDA,0.012969210143455707,0.3835472287739364,1.8333491946461602,36.507936507936506,0,Normal Day,0,0,0,0
2019-10-08,180.63999938964844,180.63999938964844,176.5,177.22999572753906,176.9934539794922,11110900.0,NVDA,-0.038517910287424004,-1.5133977166603296,1.476112909864881,41.269841269841265,0,Normal Day,0,0,0,0
2019-10-09,180.32000732421875,182.6999969482422,179.16000366210938,180.7100067138672,180.4688262939453,7310300.0,NVDA,0.019635598019663532,0.6790499551896431,-0.15410287964547814,20.634920634920633,0,Normal Day,0,0,0,0
2019-10-10,180.6199951171875,185.0800018310547,180.41000366210935,183.02999877929688,182.7857208251953,7728100.0,NVDA,0.012838198035799667,0.4186805450848426,0.0996973115899083,57.14285714285714,0,Normal Day,0,0,0,0
2019-10-11,186.41000366210935,189.33999633789065,185.6499938964844,185.9900054931641,185.7417755126953,11160100.0,NVDA,0.016172240775454136,0.532574497928407,1.4486459827747487,20.634920634920633,0,Normal Day,0,0,0,0
2019-10-14,185.63999938964844,187.3699951171875,184.38999938964844,186.52999877929688,186.2810516357422,5001000.0,NVDA,0.002903364746882243,0.02993983095385858,-1.4576832697457125,7.936507936507936,0,Normal Day,0,0,0,0
2019-10-15,190.16000366210935,199.2899932861328,189.6000061035156,196.3699951171875,196.10791015625,16603100.0,NVDA,0.052752861518752074,1.8382438897794189,2.339486204376587,93.65079365079364,0,Normal Day,0,0,0,0
2019-10-16,195.0,199.22000122070312,193.75,194.2100067138672,193.9508056640625,10723600.0,NVDA,-0.0109995792136524,-0.4939629909073979,0.8830809328975641,61.9047619047619,0,Normal Day,0,0,0,0
2019-10-17,196.0,197.80999755859372,192.1000061035156,194.2899932861328,194.0306854248047,6585900.0,NVDA,0.0004118557820303428,-0.08206098031573401,-0.6631375153577802,68.25396825396825,0,Normal Day,0,0,0,0
2019-10-18,194.30999755859372,195.6199951171875,187.5,190.4900054931641,190.2357635498047,7686000.0,NVDA,-0.019558359373371883,-0.7916149602600638,-0.21170765226819419,85.71428571428571,0,Normal Day,0,0,0,0
2019-10-21,192.9600067138672,196.5500030517578,192.1999969482422,196.00999450683597,195.74839782714844,6546700.0,NVDA,0.028977907068985558,0.9811922883716576,-0.6781144119108711,31.746031746031743,0,Normal Day,0,0,0,0
2019-10-22,198.3000030517578,202.52999877929688,195.3000030517578,195.6100006103516,195.3489227294922,8218000.0,NVDA,-0.002040757942800626,-0.1413672804068938,0.007172526066521984,79.36507936507937,0,Normal Day,0,0,0,0
2019-10-23,192.30999755859372,195.66000366210935,191.02999877929688,195.08999633789065,194.82962036132807,6997900.0,NVDA,-0.0026583323875464574,-0.18154263210651475,-0.4938165852040931,41.269841269841265,0,Normal Day,0,0,0,0
2019-10-24,196.75,198.2100067138672,195.3800048828125,196.8600006103516,196.59727478027344,5800500.0,NVDA,0.009072821759171444,0.25308879688544045,-1.0285151003508757,1.5873015873015872,0,Normal Day,0,0,0,0
2019-10-25,200.1000061035156,205.3800048828125,199.7899932861328,204.5399932861328,204.2670135498047,10577300.0,NVDA,0.03901243686161631,1.318610057484469,0.7826263793062895,53.96825396825397,0,Normal Day,0,0,0,0
2019-10-28,206.3000030517578,208.8999938964844,205.1199951171875,206.7899932861328,206.51400756835935,8269800.0,NVDA,0.01100027840768717,0.2919189507049853,0.013447804726827745,17.46031746031746,0,Normal Day,0,0,0,0
2019-10-29,206.22999572753903,206.4900054931641,202.13999938964844,202.9199981689453,202.649169921875,5280900.0,NVDA,-0.018714651330394745,-0.813982115262025,-1.4850618834307676,30.158730158730158,0,Normal Day,0,0,0,0
2019-10-30,204.0,204.22999572753903,200.25999450683597,203.0,202.72906494140625,5149000.0,NVDA,0.00039425288325657096,-0.12200528754713794,-1.4036144688401344,19.047619047619047,0,Normal Day,0,0,0,0
2019-10-31,202.16000366210935,203.0,197.80999755859372,201.0200042724609,200.7517242431641,5243300.0,NVDA,-0.009753612284522003,-0.5104307630425706,-1.2456605112761916,55.55555555555555,0,Normal Day,0,0,0,0
2019-11-01,199.6000061035156,203.88999938964844,198.58999633789065,202.58999633789065,202.31961059570312,7091000.0,NVDA,0.007810076642927878,0.11048779843957444,-0.278979665382048,57.14285714285714,0,Normal Day,0,0,0,0
2019-11-04,205.8500061035156,211.0,204.9199981689453,210.5,210.2190704345703,9417900.0,NVDA,0.03904445948471471,1.3121876420436864,0.546497547917625,68.25396825396825,0,Normal Day,0,0,0,0
2019-11-05,210.4900054931641,211.5399932861328,207.67999267578125,209.6100006103516,209.3302459716797,7521700.0,NVDA,-0.004228086733773601,-0.37024282834865174,-0.08257234473975579,19.047619047619047,0,Normal Day,0,0,0,0
2019-11-06,208.63999938964844,209.6699981689453,204.1100006103516,207.6300048828125,207.35289001464844,6725300.0,NVDA,-0.00944610726392003,-0.5529275967891465,-0.38001808353121524,60.317460317460316,0,Normal Day,0,0,0,0
2019-11-07,211.1100006103516,211.6999969482422,206.5399932861328,208.33999633789065,208.0619354248047,7008500.0,NVDA,0.0034195106231997034,-0.06724219686409921,-0.2349580818383939,53.96825396825397,0,Normal Day,0,0,0,0
2019-11-08,207.66000366210935,209.0500030517578,206.1499938964844,207.77999877929688,207.502685546875,4727500.0,NVDA,-0.002687900969429389,-0.3210002824236144,-1.3959575024504534,1.5873015873015872,0,Normal Day,0,0,0,0
2019-11-11,207.75,209.1100006103516,204.27999877929688,208.17999267578125,207.9021453857422,6085900.0,NVDA,0.001925082742010822,-0.11976603957069083,-0.5253811057935146,44.44444444444444,0,Normal Day,0,0,0,0
2019-11-12,209.72000122070312,211.8600006103516,208.30999755859372,209.6100006103516,209.3302459716797,7087600.0,NVDA,0.00686909980312035,0.0516608256345244,-0.08012986077362386,17.46031746031746,0,Normal Day,0,0,0,0
2019-11-13,208.3500061035156,209.4600067138672,205.8999938964844,208.57000732421875,208.2916412353516,7504700.0,NVDA,-0.004961560769716047,-0.4397796113724768,0.3220503436090105,19.047619047619047,0,Normal Day,0,0,0,0
2019-11-14,208.92999267578125,209.8800048828125,206.5200042724609,209.7899932861328,209.50999450683597,12952000.0,NVDA,0.005849266270400841,0.05440985113560984,2.4995677006486035,11.11111111111111,0,Normal Day,1,1,1,1
2019-11-15,209.6999969482422,211.77999877929688,200.63999938964844,204.19000244140625,203.91748046875,26340700.0,NVDA,-0.026693304303931388,-1.3946343209659873,3.331083835082794,98.4126984126984,1,Volume Shock + Range Shock,0,0,0,0
2019-11-18,203.88999938964844,213.3500061035156,203.7700042724609,212.27999877929688,211.99668884277344,14364700.0,NVDA,0.039619989200786354,1.644243148155379,1.5343774617540382,90.47619047619047,0,Normal Day,0,0,0,0
2019-11-19,211.02999877929688,211.97999572753903,205.6499938964844,207.9900054931641,207.71241760253903,10364100.0,NVDA,-0.020209142244725423,-1.0807386291673329,0.6623019305389058,77.77777777777777,0,Normal Day,0,0,0,0
2019-11-20,207.07000732421875,214.5500030517578,206.55999755859372,211.17999267578125,210.8981475830078,11814700.0,NVDA,0.015337214872558668,0.5392758824816783,0.9224207162628132,82.53968253968253,0,Normal Day,0,0,0,0
2019-11-21,211.0,213.2400054931641,209.30999755859372,210.17999267578125,209.89947509765625,7209700.0,NVDA,-0.0047353307594059976,-0.4385694716119445,-0.27559679684920724,26.984126984126984,0,Normal Day,0,0,0,0
2019-11-22,211.08999633789065,212.9600067138672,209.94000244140625,210.88999938964844,210.6085357666016,5602500.0,NVDA,0.0033780964369513012,-0.03415193501954943,-0.8790157576719306,3.1746031746031744,0,Normal Day,0,0,0,0
2019-11-25,216.0399932861328,221.41000366210935,215.5200042724609,221.2100067138672,220.91476440429688,12661900.0,NVDA,0.048935474529468954,2.0769743689135702,1.047768403649153,65.07936507936508,0,Normal Day,0,0,0,0
2019-11-26,220.5,220.69000244140625,216.7400054931641,217.0,216.7103729248047,9631100.0,NVDA,-0.019031736021942455,-1.1282466913549918,0.38115833401503607,23.809523809523807,0,Normal Day,0,0,0,0
2019-11-27,218.6699981689453,220.0500030517578,217.17999267578125,218.2400054931641,218.1095428466797,5394600.0,NVDA,0.006456404938034468,0.0946384447180352,-0.9912563808106689,1.5873015873015872,0,Normal Day,0,0,0,0
2019-11-29,217.0,218.13999938964844,215.77999877929688,216.7400054931641,216.6104431152344,3538900.0,NVDA,-0.006873150582407473,-0.5348803394675407,-1.8266924036340688,1.5873015873015872,0,Normal Day,0,0,0,0
2019-12-02,216.4600067138672,217.0,208.63999938964844,209.25,209.1249084472656,9300900.0,NVDA,-0.034557589007777355,-1.8159521897103088,0.2639145350810948,85.71428571428571,0,Normal Day,0,0,0,0
2019-12-03,201.8699951171875,207.82000732421875,200.3699951171875,207.66000366210935,207.53587341308597,11630800.0,NVDA,-0.007598497213833009,-0.5269778304678553,0.7107974867745178,79.36507936507937,0,Normal Day,0,0,0,0
2019-12-04,211.0200042724609,211.9199981689453,208.2700042724609,209.4199981689453,209.29481506347656,6835600.0,NVDA,0.008475361977008879,0.2983514044904055,-0.4480054425155831,23.809523809523807,0,Normal Day,0,0,0,0
2019-12-05,210.3000030517578,210.92999267578125,207.50999450683597,208.7400054931641,208.6152191162109,4622100.0,NVDA,-0.003247074931404967,-0.3022940180852666,-1.2231097829488382,17.46031746031746,0,Normal Day,0,0,0,0
2019-12-06,211.5200042724609,213.4900054931641,211.1199951171875,212.1699981689453,212.0431671142578,5805900.0,NVDA,0.01643191715623267,0.6958158692863398,-0.7108183851590207,3.1746031746031744,0,Normal Day,0,0,0,0
2019-12-09,211.25,214.3699951171875,210.8999938964844,212.1699981689453,212.0431671142578,5297000.0,NVDA,0.0,-0.12940135279768683,-0.8629355737619039,19.047619047619047,0,Normal Day,0,0,0,0
2019-12-10,213.3800048828125,216.05999755859372,211.25999450683597,213.97999572753903,213.85208129882807,6409700.0,NVDA,0.008530877034087763,0.30438139759557364,-0.5065846940826279,47.61904761904761,0,Normal Day,0,0,0,0
2019-12-11,214.3999938964844,217.55999755859372,214.3000030517578,217.33999633789065,217.2100830078125,5844900.0,NVDA,0.015702450444202595,0.6553402913405211,-0.6989798418206831,12.698412698412698,0,Normal Day,0,0,0,0
2019-12-12,216.17999267578125,224.8000030517578,215.82000732421875,224.07000732421875,223.93606567382807,10108700.0,NVDA,0.03096533352815694,1.3817695299113784,0.4391794836140786,87.30158730158729,0,Normal Day,0,0,0,0
2019-12-13,224.19000244140625,228.97999572753903,221.82000732421875,223.9900054931641,223.85610961914065,11367600.0,NVDA,-0.00035704858191031166,-0.20291044437539207,0.6416462934213788,76.19047619047619,0,Normal Day,0,0,0,0
2019-12-16,225.8999938964844,228.05999755859372,224.7700042724609,225.1499938964844,225.01541137695312,8024400.0,NVDA,0.00517878095793257,0.07631952251500523,-0.04908279633535027,11.11111111111111,0,Normal Day,0,0,0,0
2019-12-17,225.8999938964844,229.1999969482422,225.5200042724609,228.2899932861328,228.15353393554688,8029900.0,NVDA,0.013946256122593599,0.5030033644695199,0.09196073675798455,17.46031746031746,0,Normal Day,0,0,0,0
2019-12-18,229.69000244140625,231.94000244140625,229.3500061035156,229.50999450683597,229.372802734375,8588700.0,NVDA,0.0053440715021866245,0.05130203463851877,0.36104804402897955,4.761904761904762,0,Normal Day,0,0,0,0
2019-12-19,230.8999938964844,236.0,230.6999969482422,235.4600067138672,235.3192596435547,11134000.0,NVDA,0.02592485612196132,1.068137980202374,1.0818870136433345,50.79365079365079,0,Normal Day,0,0,0,0
2019-12-20,238.1300048828125,240.38999938964844,237.3600006103516,239.3699951171875,239.22689819335935,15076100.0,NVDA,0.016605689460878294,0.5850961107871665,1.810404162632468,6.349206349206349,0,Normal Day,1,0,1,0
2019-12-23,240.5200042724609,241.80999755859372,238.38999938964844,238.82000732421875,238.67724609375,8876500.0,NVDA,-0.0022976183019564993,-0.39556021209634107,0.360066939928199,12.698412698412698,0,Normal Day,0,0,0,0
2019-12-24,238.1999969482422,239.30999755859372,236.82000732421875,238.6199951171875,238.47735595703125,3471600.0,NVDA,-0.0008374913821497471,-0.2972802957404434,-1.919249914506867,1.5873015873015872,0,Normal Day,0,0,0,0
2019-12-26,238.75999450683597,240.32000732421875,238.0,239.19000244140625,239.04702758789065,4571300.0,NVDA,0.002388787097094647,-0.13451560872512278,-1.1339230879948605,1.5873015873015872,0,Normal Day,0,0,0,0
2019-12-27,239.8000030517578,240.33999633789065,235.80999755859372,236.8699951171875,236.7283935546875,6366100.0,NVDA,-0.009699489077941615,-0.8082483906066759,-0.2680382465419631,42.857142857142854,0,Normal Day,0,0,0,0
2019-12-30,235.9900054931641,236.1999969482422,231.05999755859372,232.32000732421875,232.1811370849609,6451400.0,NVDA,-0.019208749746684326,-1.2775242273102672,-0.25877217847721984,50.79365079365079,0,Normal Day,0,0,0,0
2019-12-31,230.8999938964844,235.67999267578125,230.1300048828125,235.3000030517578,235.1593475341797,5775100.0,NVDA,0.012827099077083839,0.41732161164078396,-0.6478678423425012,61.9047619047619,0,Normal Day,0,0,0,0
2019-01-02,1027.199951171875,1060.7900390625,1025.280029296875,1054.6800537109375,1054.6800537109375,1593400.0,GOOGL,0.009301880585660897,0.49265746999291615,-0.9388477986240691,57.14285714285714,0,Normal Day,0,0,0,0
2019-01-03,1050.6700439453125,1066.260009765625,1022.3699951171876,1025.469970703125,1025.469970703125,2098000.0,GOOGL,-0.027695681647752376,-1.1038781044805628,-0.01699436866846381,80.95238095238095,0,Normal Day,0,0,0,0
2019-01-04,1042.56005859375,1080.0,1036.8599853515625,1078.0699462890625,1078.0699462890625,2301100.0,GOOGL,0.051293530857731244,2.207952079944624,0.32627334973711825,76.19047619047619,0,Normal Day,0,0,0,0
2019-01-07,1080.969970703125,1082.699951171875,1062.6400146484375,1075.9200439453125,1075.9200439453125,2372300.0,GOOGL,-0.0019942141520134238,-0.03565526182993513,0.4207401400010827,12.698412698412698,0,Normal Day,0,0,0,0
2019-01-08,1086.0,1093.3499755859375,1068.3499755859375,1085.3699951171875,1085.3699951171875,1770700.0,GOOGL,0.008783135164229107,0.4077730990623259,-0.505270927803217,34.92063492063492,0,Normal Day,0,0,0,0
2019-01-09,1087.989990234375,1091.6400146484375,1074.3699951171875,1081.6500244140625,1081.6500244140625,1349900.0,GOOGL,-0.0034273756597844353,-0.11187195413486117,-1.2761240757251056,6.349206349206349,0,Normal Day,0,0,0,0
2019-01-10,1074.93994140625,1079.81005859375,1064.6800537109375,1078.8299560546875,1078.8299560546875,1329900.0,GOOGL,-0.0026071911392066497,-0.08180819635210844,-1.2453151906248936,1.5873015873015872,0,Normal Day,0,0,0,0
2019-01-11,1069.9000244140625,1073.3699951171875,1056.4300537109375,1064.469970703125,1064.469970703125,1543200.0,GOOGL,-0.01331070320301207,-0.5725600852515405,-0.7679132067544844,6.349206349206349,0,Normal Day,0,0,0,0
2019-01-14,1053.3399658203125,1058.449951171875,1048.550048828125,1051.510009765625,1051.510009765625,1424500.0,GOOGL,-0.012175036679465394,-0.5145413203978977,-1.0067300029378725,1.5873015873015872,0,Normal Day,0,0,0,0
2019-01-15,1058.010009765625,1088.27001953125,1054.43994140625,1086.510009765625,1086.510009765625,1875900.0,GOOGL,0.033285465354534555,1.44660096131195,-0.24211076302773857,57.14285714285714,0,Normal Day,0,0,0,0
2019-01-16,1090.0,1102.3599853515625,1088.010009765625,1089.510009765625,1089.510009765625,1914000.0,GOOGL,0.0027611342491424824,0.11643124280165272,-0.18597618249510847,3.1746031746031744,0,Normal Day,0,0,0,0
2019-01-17,1087.989990234375,1100.699951171875,1083.260009765625,1099.1199951171875,1099.1199951171875,1244800.0,GOOGL,0.008820465406857343,0.39624166904736297,-1.3997821026300068,9.523809523809524,0,Normal Day,0,0,0,0
2019-01-18,1108.5899658203125,1118.0,1099.280029296875,1107.300048828125,1107.300048828125,2244600.0,GOOGL,0.0074423663906372185,0.32716756582286843,0.4090611113263585,19.047619047619047,0,Normal Day,0,0,0,0
2019-01-22,1096.0,1098.969970703125,1070.8900146484375,1078.6300048828125,1078.6300048828125,1981600.0,GOOGL,-0.025891847449708422,-1.132622135719502,0.08601105550927943,50.79365079365079,0,Normal Day,0,0,0,0
2019-01-23,1086.8599853515625,1092.949951171875,1067.5699462890625,1084.4100341796875,1084.4100341796875,1259700.0,GOOGL,0.005358676534779848,0.23667732060667143,-1.2326107119202265,42.857142857142854,0,Normal Day,0,0,0,0
2019-01-24,1082.510009765625,1088.0,1070.02001953125,1084.0,1084.0,1455700.0,GOOGL,-0.0003781172866015338,-0.010427337971937055,-0.8621816269725882,19.047619047619047,0,Normal Day,0,0,0,0
2019-01-25,1094.22998046875,1103.3599853515625,1091.800048828125,1101.510009765625,1101.510009765625,1163000.0,GOOGL,0.016153145540244464,0.7022077554806937,-1.6742426994219366,3.1746031746031744,0,Normal Day,0,0,0,0
2019-01-28,1090.0699462890625,1093.3699951171875,1074.6099853515625,1079.8599853515625,1079.8599853515625,1466700.0,GOOGL,-0.019654859440332375,-0.9163704313965702,-0.6003389393960206,23.809523809523807,0,Normal Day,0,0,0,0
2019-01-29,1081.0400390625,1084.72998046875,1066.02001953125,1070.06005859375,1070.06005859375,985200.0,GOOGL,-0.009075182792908107,-0.41172373380245236,-2.0539114745877742,25.396825396825395,0,Normal Day,0,0,0,0
2019-01-30,1077.3599853515625,1099.52001953125,1076.6400146484375,1097.989990234375,1097.989990234375,1472600.0,GOOGL,0.02610127479884626,1.1921941422917208,-0.34321953831428326,34.92063492063492,0,Normal Day,0,0,0,0
2019-01-31,1112.239990234375,1127.6700439453125,1105.25,1125.8900146484375,1125.8900146484375,2011600.0,GOOGL,0.02541008994818524,1.1389614356747886,0.9005110868919656,31.746031746031743,0,Normal Day,0,0,0,0
2019-02-01,1122.2900390625,1134.4000244140625,1114.25,1118.6199951171875,1118.6199951171875,1655800.0,GOOGL,-0.006457131191024982,-0.36756705381900473,0.0976868822504747,26.984126984126984,0,Normal Day,0,0,0,0
2019-02-04,1119.010009765625,1142.3399658203125,1117.510009765625,1141.4200439453125,1141.4200439453125,3920400.0,GOOGL,0.020382300448452514,0.9496658661314133,2.7799601695221865,44.44444444444444,1,Normal Day,0,0,0,0
2019-02-05,1129.6300048828125,1152.77001953125,1123.5999755859375,1151.8699951171875,1151.8699951171875,4114800.0,GOOGL,0.00915521961201487,0.3909413024887922,2.4345599160374625,60.317460317460316,0,Normal Day,0,0,0,0
2019-02-06,1149.27001953125,1154.0,1118.3599853515625,1122.8900146484375,1122.8900146484375,2412800.0,GOOGL,-0.0251590722838489,-1.2622352510812611,0.9480272336760096,69.84126984126983,0,Normal Day,0,0,0,0
2019-02-07,1111.8199462890625,1111.989990234375,1093.5899658203125,1105.9100341796875,1105.9100341796875,1914900.0,GOOGL,-0.015121677321234542,-0.7765362601406889,0.29670189380479606,22.22222222222222,0,Normal Day,0,0,0,0
2019-02-08,1094.8800048828125,1105.0999755859375,1094.239990234375,1102.3800048828125,1102.3800048828125,1088300.0,GOOGL,-0.0031919678705993578,-0.18799146786712728,-1.2035281209427502,3.1746031746031744,0,Normal Day,0,0,0,0
2019-02-11,1103.75,1113.4300537109375,1100.0,1102.1199951171875,1102.1199951171875,924900.0,GOOGL,-0.00023586219313968788,-0.017204583156934676,-1.5132809573922663,6.349206349206349,0,Normal Day,0,0,0,0
2019-02-12,1111.010009765625,1132.8599853515625,1111.010009765625,1127.5799560546875,1127.5799560546875,1751800.0,GOOGL,0.023100897407085753,1.1061628056015498,0.10168247345140606,38.095238095238095,0,Normal Day,0,0,0,0
2019-02-13,1133.0400390625,1142.8499755859375,1126.0,1128.6300048828125,1128.6300048828125,1402100.0,GOOGL,0.0009312411261716972,-0.0005482762796225508,-0.46481546768689247,14.285714285714285,0,Normal Day,0,0,0,0
2019-02-14,1125.0,1136.1300048828125,1117.0899658203125,1129.199951171875,1129.199951171875,1055300.0,GOOGL,0.0005049894886692104,-0.04292239968556861,-1.0870406000949109,28.57142857142857,0,Normal Day,0,0,0,0
2019-02-15,1139.300048828125,1139.300048828125,1116.719970703125,1119.6300048828125,1119.6300048828125,1391300.0,GOOGL,-0.008474979368473124,-0.4882083608446403,-0.3649299381837905,44.44444444444444,0,Normal Day,0,0,0,0
2019-02-19,1116.6400146484375,1129.6400146484375,1116.6400146484375,1126.510009765625,1126.510009765625,1099000.0,GOOGL,0.006144891484515551,0.24628648743853696,-0.9234868174926942,6.349206349206349,0,Normal Day,0,0,0,0
2019-02-20,1128.8800048828125,1130.9300537109375,1111.75,1120.5899658203125,1120.5899658203125,1204500.0,GOOGL,-0.005255207582704205,-0.3108033006584052,-0.6312706838756375,33.33333333333333,0,Normal Day,0,0,0,0
2019-02-21,1118.780029296875,1119.1500244140625,1097.97998046875,1104.2099609375,1104.2099609375,1663600.0,GOOGL,-0.014617304618484374,-0.7695433758729143,0.18757502779682222,42.857142857142854,0,Normal Day,0,0,0,0
2019-02-22,1109.699951171875,1117.25,1100.5,1116.56005859375,1116.56005859375,1471800.0,GOOGL,0.011184555558405286,0.5006449099761369,-0.1365235294267987,17.46031746031746,0,Normal Day,0,0,0,0
2019-02-25,1121.9300537109375,1125.4000244140625,1114.1099853515625,1117.3299560546875,1117.3299560546875,1310400.0,GOOGL,0.0006895262417922653,-0.040282518187717595,-0.4132472847234251,4.761904761904762,0,Normal Day,0,0,0,0
2019-02-26,1114.3699951171875,1126.43994140625,1106.699951171875,1122.010009765625,1122.010009765625,1751300.0,GOOGL,0.0041886048839707615,0.1479665689509614,0.26461664180266237,38.095238095238095,0,Normal Day,0,0,0,0
2019-02-27,1114.010009765625,1125.72998046875,1108.56005859375,1122.8900146484375,1122.8900146484375,1104600.0,GOOGL,0.000784311080251702,-0.03988514366475498,-0.8485770800981637,17.46031746031746,0,Normal Day,0,0,0,0
2019-02-28,1119.0,1133.989990234375,1118.4100341796875,1126.550048828125,1126.550048828125,1371100.0,GOOGL,0.0032594770030379243,0.10839492034542013,-0.3633184869398322,12.698412698412698,0,Normal Day,0,0,0,0
2019-03-01,1131.0,1150.0,1131.0,1148.52001953125,1148.52001953125,1704300.0,GOOGL,0.019501992588770375,0.9392082936979871,0.17502370134038595,25.396825396825395,0,Normal Day,0,0,0,0
2019-03-04,1154.56005859375,1165.52001953125,1138.25,1153.4200439453125,1153.4200439453125,1774500.0,GOOGL,0.004266381369706003,0.17406577027797207,0.29560559725592517,66.66666666666666,0,Normal Day,0,0,0,0
2019-03-05,1156.0,1176.489990234375,1153.02001953125,1169.18994140625,1169.18994140625,2004700.0,GOOGL,0.013672293579185627,0.6695703538835377,0.5812367000845708,50.79365079365079,0,Normal Day,0,0,0,0
2019-03-06,1171.760009765625,1174.739990234375,1163.050048828125,1164.93994140625,1164.93994140625,1180100.0,GOOGL,-0.0036349953497618083,-0.24674534088753663,-0.7251331633201313,4.761904761904762,0,Normal Day,0,0,0,0
2019-03-07,1160.5,1163.5799560546875,1141.7099609375,1150.8499755859375,1150.8499755859375,1504300.0,GOOGL,-0.012095014789606996,-0.6852433849752102,0.18398115332802956,46.03174603174603,0,Normal Day,0,0,0,0
2019-03-08,1133.9000244140625,1153.449951171875,1130.199951171875,1149.969970703125,1149.969970703125,1184700.0,GOOGL,-0.0007646564725905816,-0.12392766344205161,-0.7226024592359319,57.14285714285714,0,Normal Day,0,0,0,0
2019-03-11,1152.0,1179.9100341796875,1151.5699462890625,1179.260009765625,1179.260009765625,1501600.0,GOOGL,0.02547026427532818,1.3497108138589542,0.4270911199659405,71.42857142857143,0,Normal Day,0,0,0,0
2019-03-12,1182.300048828125,1205.7099609375,1182.300048828125,1197.25,1197.25,2111000.0,GOOGL,0.01525532120600822,0.7482100477394142,1.7967039900541073,52.38095238095238,0,Normal Day,0,0,0,0
2019-03-13,1205.9300537109375,1207.1199951171875,1197.9100341796875,1199.06005859375,1199.06005859375,1294400.0,GOOGL,0.0015118468103988306,-0.04013053495626786,-0.5327863278851677,1.5873015873015872,0,Normal Day,0,0,0,0
2019-03-14,1199.02001953125,1204.699951171875,1191.22998046875,1192.530029296875,1192.530029296875,1365100.0,GOOGL,-0.005445956814317855,-0.4290196005398882,-0.2133933646824741,11.11111111111111,0,Normal Day,0,0,0,0
2019-03-15,1198.0,1201.719970703125,1187.010009765625,1190.300048828125,1190.300048828125,2594300.0,GOOGL,-0.001869957497057591,-0.21109294033004591,2.426871524190018,15.873015873015872,0,Normal Day,1,0,1,0
2019-03-18,1189.68994140625,1194.949951171875,1181.47998046875,1188.550048828125,1188.550048828125,1222100.0,GOOGL,-0.0014702175318928293,-0.1867725571813926,-0.8308661955208783,12.698412698412698,0,Normal Day,0,0,0,0
2019-03-19,1191.719970703125,1203.4100341796875,1189.4599609375,1202.4599609375,1202.4599609375,1489400.0,GOOGL,0.011703261569077179,0.55103248834313,0.025900933391266028,15.873015873015872,0,Normal Day,0,0,0,0
2019-03-20,1201.4000244140625,1229.989990234375,1199.5899658203125,1226.4300537109375,1226.4300537109375,2075400.0,GOOGL,0.019934212823809264,1.0029580161419545,1.3520247091286863,76.19047619047619,0,Normal Day,0,0,0,0
2019-03-21,1220.0,1236.43994140625,1216.5799560546875,1236.1300048828125,1236.1300048828125,1407500.0,GOOGL,0.007909094483231918,0.30195616491271976,-0.3986183957498296,34.92063492063492,0,Normal Day,0,0,0,0
2019-03-22,1228.8499755859375,1233.6300048828125,1206.0,1207.6500244140625,1207.6500244140625,1721100.0,GOOGL,-0.023039632042141035,-1.5002819323294219,0.49970971592640656,71.42857142857143,0,Normal Day,0,0,0,0
2019-03-25,1199.56005859375,1209.43994140625,1190.0,1197.3800048828125,1197.3800048828125,1378800.0,GOOGL,-0.008504135572085871,-0.6534151089313667,-0.4808178600169907,36.507936507936506,0,Normal Day,0,0,0,0
2019-03-26,1205.18994140625,1207.6500244140625,1181.760009765625,1189.8399658203125,1189.8399658203125,1537600.0,GOOGL,-0.006297114559916125,-0.5650303695307988,-0.02762216921384314,73.01587301587301,0,Normal Day,0,0,0,0
2019-03-27,1191.9200439453125,1191.9200439453125,1164.22998046875,1178.010009765625,1178.010009765625,1471400.0,GOOGL,-0.009942476630906881,-0.7808458789276953,-0.19094018066621646,79.36507936507937,0,Normal Day,0,0,0,0
2019-03-28,1175.5,1177.25,1163.4300537109375,1172.27001953125,1172.27001953125,1120100.0,GOOGL,-0.004872615840944356,-0.4627210698534969,-1.4466007340761733,17.46031746031746,0,Normal Day,0,0,0,0
2019-03-29,1180.1800537109375,1183.969970703125,1166.3800048828125,1176.8900146484375,1176.8900146484375,1544500.0,GOOGL,0.003941067365208977,0.14160178245169394,0.0015823825766237737,28.57142857142857,0,Normal Day,0,0,0,0
2019-04-01,1187.5400390625,1200.199951171875,1186.3599853515625,1198.97998046875,1198.97998046875,1385300.0,GOOGL,0.018769779287243975,1.1209710867305636,-0.45553855938149507,15.873015873015872,0,Normal Day,0,0,0,0
2019-04-02,1200.050048828125,1205.81005859375,1191.239990234375,1205.5400390625,1205.5400390625,914400.0,GOOGL,0.005471366245152231,0.2101676891041665,-2.0052417692236153,20.634920634920633,0,Normal Day,0,0,0,0
2019-04-03,1212.699951171875,1220.5999755859375,1205.0799560546875,1210.81005859375,1210.81005859375,1109600.0,GOOGL,0.004371501037284736,0.14100205609952593,-1.095654404375334,25.396825396825395,0,Normal Day,0,0,0,0
2019-04-04,1211.2900390625,1220.550048828125,1209.0400390625,1219.449951171875,1219.449951171875,1051100.0,GOOGL,0.0071356299997701374,0.30172678139760634,-1.267555518816673,4.761904761904762,0,Normal Day,0,0,0,0
2019-04-05,1219.300048828125,1220.3900146484375,1210.030029296875,1211.449951171875,1211.449951171875,1000600.0,GOOGL,-0.006560334839746483,-0.6627426978217393,-1.3254934352185872,3.1746031746031744,0,Normal Day,0,0,0,0
2019-04-08,1211.1099853515625,1213.949951171875,1204.699951171875,1208.280029296875,1208.280029296875,1087500.0,GOOGL,-0.0026166346136987594,-0.3541795385170558,-0.9708440029256804,1.5873015873015872,0,Normal Day,0,0,0,0
2019-04-09,1201.8900146484375,1207.1500244140625,1198.3800048828125,1202.68994140625,1202.68994140625,983400.0,GOOGL,-0.004626483724867981,-0.494520817749813,-1.231370847329017,1.5873015873015872,0,Normal Day,0,0,0,0
2019-04-10,1205.0899658203125,1208.93994140625,1200.6600341796875,1206.449951171875,1206.449951171875,775500.0,GOOGL,0.003126333426575925,0.10244009203358978,-1.8771511012219755,1.5873015873015872,0,Normal Day,0,0,0,0
2019-04-11,1208.9000244140625,1212.739990234375,1204.5400390625,1209.5899658203125,1209.5899658203125,849900.0,GOOGL,0.002602689523413278,0.05512157743751543,-1.3980674428460729,1.5873015873015872,0,Normal Day,0,0,0,0
2019-04-12,1215.6199951171875,1223.050048828125,1213.2900390625,1222.72998046875,1222.72998046875,1215600.0,GOOGL,0.010863197463386928,0.6764590153792756,-0.16053344415607063,9.523809523809524,0,Normal Day,0,0,0,0
2019-04-15,1224.0899658203125,1229.300048828125,1214.56005859375,1226.530029296875,1226.530029296875,1189800.0,GOOGL,0.003107839742890904,0.046509459715854753,-0.1287563290345756,30.158730158730158,0,Normal Day,0,0,0,0
2019-04-16,1230.0,1235.97998046875,1225.0400390625,1231.9100341796875,1231.9100341796875,1131100.0,GOOGL,0.00438636213896586,0.1947030803336717,-0.31998750120575126,12.698412698412698,0,Normal Day,0,0,0,0
2019-04-17,1237.0,1245.0999755859375,1232.9000244140625,1240.1400146484375,1240.1400146484375,1518300.0,GOOGL,0.006680666802288232,0.3815055428763977,0.875700486362642,15.873015873015872,0,Normal Day,0,0,0,0
2019-04-18,1245.0,1245.93994140625,1239.4100341796875,1241.469970703125,1241.469970703125,1237500.0,GOOGL,0.0010724241125825813,-0.07830871928058754,0.1647441438451011,1.5873015873015872,0,Normal Day,0,0,0,0
2019-04-22,1236.6700439453125,1254.3399658203125,1233.3699951171875,1253.760009765625,1253.760009765625,954200.0,GOOGL,0.009899586258650584,0.658705942009209,-0.9550399230663098,58.73015873015873,0,Normal Day,0,0,0,0
2019-04-23,1256.6400146484375,1274.4300537109375,1251.969970703125,1270.5899658203125,1270.5899658203125,1593400.0,GOOGL,0.013423586590414264,0.938516708424519,1.479802841637998,68.25396825396825,0,Normal Day,0,0,0,0
2019-04-24,1270.5899658203125,1274.0,1259.81005859375,1260.050048828125,1260.050048828125,1169800.0,GOOGL,-0.008295293742055303,-0.9314060555594118,0.04367161523529567,25.396825396825395,0,Normal Day,0,0,0,0
2019-04-25,1270.300048828125,1272.800048828125,1258.0,1267.3399658203125,1267.3399658203125,1567200.0,GOOGL,0.005785418602195435,0.28048433688219876,1.4482794153949996,34.92063492063492,0,Normal Day,0,0,0,0
2019-04-26,1273.3800048828125,1278.9100341796875,1265.0,1277.4200439453125,1277.4200439453125,1361400.0,GOOGL,0.007953728594422931,0.4842925620209646,0.8023918253842252,23.809523809523807,0,Normal Day,0,0,0,0
2019-04-29,1280.510009765625,1296.969970703125,1271.7099609375,1296.199951171875,1296.199951171875,3618400.0,GOOGL,0.014701434595124048,1.0502520229790164,3.376660437907399,76.19047619047619,1,Volume Shock,1,1,1,1
2019-04-30,1190.6300048828125,1200.97998046875,1183.0,1198.9599609375,1198.9599609375,6658900.0,GOOGL,-0.07501928243899544,-5.192546056814271,3.3240902310531038,50.79365079365079,1,Crash + Volume Shock,1,1,1,1
2019-05-01,1197.5,1199.25,1171.6800537109375,1173.3199462890625,1173.3199462890625,3717000.0,GOOGL,-0.0213852134214631,-1.526201420498361,1.8453776858598818,90.47619047619047,0,Normal Day,0,0,0,0
2019-05-02,1172.5999755859375,1179.3800048828125,1158.3299560546875,1166.510009765625,1166.510009765625,2254900.0,GOOGL,-0.005803989393494709,-0.44732166501897647,0.8361921178437645,71.42857142857143,0,Normal Day,0,0,0,0
2019-05-03,1177.4100341796875,1191.4000244140625,1173.550048828125,1189.550048828125,1189.550048828125,2079400.0,GOOGL,0.01975125705704763,1.2754295520272725,0.6284014682548358,53.96825396825397,0,Normal Day,0,0,0,0
2019-05-06,1172.0,1195.4300537109375,1171.1600341796875,1193.4599609375,1193.4599609375,1588700.0,GOOGL,0.003286883232216094,0.17146842132838372,0.09826421456033067,85.71428571428571,0,Normal Day,0,0,0,0
2019-05-07,1185.81005859375,1194.77001953125,1165.0,1178.8599853515625,1178.8599853515625,1830200.0,GOOGL,-0.01223331830459462,-0.877426869818933,0.3117055591631739,98.4126984126984,1,Range Shock,0,0,0,0
2019-05-08,1177.2900390625,1184.27001953125,1167.6300048828125,1170.780029296875,1170.780029296875,1276000.0,GOOGL,-0.006854042172173547,-0.5387952395999056,-0.38437242468602506,47.61904761904761,0,Normal Day,0,0,0,0
2019-05-09,1162.5999755859375,1174.0699462890625,1154.6400146484375,1167.969970703125,1167.969970703125,1477800.0,GOOGL,-0.0024001593155271125,-0.24044787775465962,-0.14557722483647662,63.49206349206349,0,Normal Day,0,0,0,0
2019-05-10,1168.8399658203125,1176.280029296875,1146.3699951171875,1167.6400146484375,1167.6400146484375,1582500.0,GOOGL,-0.0002825038853429292,-0.09252642788574328,-0.08317547333461843,100.0,1,Range Shock,0,0,0,0
2019-05-13,1145.239990234375,1151.969970703125,1125.5,1136.5899658203125,1136.5899658203125,2281300.0,GOOGL,-0.026592141789071693,-1.8859843086600496,0.5914519663618204,88.88888888888889,0,Normal Day,0,0,0,0
2019-05-14,1142.3199462890625,1144.8699951171875,1123.530029296875,1124.8599853515625,1124.8599853515625,2019600.0,GOOGL,-0.010320327313715202,-0.7319391748523008,0.28438246045521853,71.42857142857143,0,Normal Day,0,0,0,0
2019-05-15,1122.550048828125,1178.300048828125,1121.4000244140625,1170.800048828125,1170.800048828125,2965100.0,GOOGL,0.04084069490853517,2.660694256981947,1.0101874481900466,100.0,1,Range Shock,0,0,0,0
2019-05-16,1171.8399658203125,1194.1600341796875,1168.449951171875,1184.5,1184.5,1765400.0,GOOGL,0.01170135855869457,0.7145982871829331,-0.1480258696209949,82.53968253968253,0,Normal Day,0,0,0,0
2019-05-17,1175.8299560546875,1186.2900390625,1166.4200439453125,1168.780029296875,1168.780029296875,1268100.0,GOOGL,-0.013271397807619248,-0.9249501638272408,-0.8463718299517804,61.9047619047619,0,Normal Day,0,0,0,0
2019-05-20,1153.0,1153.0,1138.1400146484375,1144.6600341796875,1144.6600341796875,1530100.0,GOOGL,-0.020636898742783807,-1.361460713170108,-0.4676319532279762,41.269841269841265,0,Normal Day,0,0,0,0
2019-05-21,1154.47998046875,1158.0,1143.31005859375,1154.43994140625,1154.43994140625,1028100.0,GOOGL,0.008543940501575389,0.5147355271267214,-1.3695542583350393,39.682539682539684,0,Normal Day,0,0,0,0
2019-05-22,1151.25,1163.780029296875,1151.0,1155.8499755859375,1155.8499755859375,941300.0,GOOGL,0.001221401070002745,0.024664565167664416,-1.4326646256436633,23.809523809523807,0,Normal Day,0,0,0,0
2019-05-23,1146.0699462890625,1150.050048828125,1133.1600341796875,1145.3399658203125,1145.3399658203125,1260700.0,GOOGL,-0.009092884014032304,-0.6276665510930118,-0.8270513777785847,49.2063492063492,0,Normal Day,0,0,0,0
2019-05-24,1152.0,1154.3599853515625,1136.7099609375,1138.6099853515625,1138.6099853515625,927700.0,GOOGL,-0.005875967546395598,-0.4102836696056609,-1.3617396884511375,55.55555555555555,0,Normal Day,0,0,0,0
2019-05-28,1141.47998046875,1156.489990234375,1138.6700439453125,1139.56005859375,1139.56005859375,1047400.0,GOOGL,0.0008344149923243041,0.030677538953666376,-1.065923049359732,57.14285714285714,0,Normal Day,0,0,0,0
2019-05-29,1132.699951171875,1135.0,1111.949951171875,1119.93994140625,1119.93994140625,1811500.0,GOOGL,-0.01721727349036065,-1.1165398890319855,0.09532477355444317,80.95238095238095,0,Normal Day,0,0,0,0
2019-05-30,1120.1500244140625,1126.800048828125,1115.9000244140625,1121.4100341796875,1121.4100341796875,904400.0,GOOGL,0.0013126532228072707,0.08170091121622955,-1.444325931365701,17.46031746031746,0,Normal Day,0,0,0,0
2019-05-31,1105.6400146484375,1113.4000244140625,1103.3499755859375,1106.5,1106.5,1579100.0,GOOGL,-0.013295791659822451,-0.834145810377174,0.13319073437549966,15.873015873015872,0,Normal Day,0,0,0,0
2019-06-03,1066.9300537109375,1067.0,1027.030029296875,1038.739990234375,1038.739990234375,4844500.0,GOOGL,-0.06123814709952553,-3.4808940277954683,2.761113663591332,98.4126984126984,1,Crash + Range Shock,1,0,1,0
2019-06-04,1044.489990234375,1058.43994140625,1036.030029296875,1054.489990234375,1054.489990234375,3025600.0,GOOGL,0.01516260098587931,0.9692411065712415,1.4903513821471865,80.95238095238095,0,Normal Day,0,0,0,0
2019-06-05,1055.0,1056.81005859375,1033.0,1044.6400146484375,1044.6400146484375,2349400.0,GOOGL,-0.009340985383605402,-0.4510514328174098,0.8416989701175402,84.12698412698413,0,Normal Day,0,0,0,0
2019-06-06,1046.2099609375,1050.0,1035.510009765625,1047.760009765625,1047.760009765625,1451000.0,GOOGL,0.002986670119311389,0.25211786599837677,-0.23451268352823126,46.03174603174603,0,Normal Day,0,0,0,0
2019-06-07,1054.280029296875,1073.4300537109375,1051.1500244140625,1068.3699951171875,1068.3699951171875,2191400.0,GOOGL,0.019670521073020128,1.1912131736209324,0.6469005568276798,77.77777777777777,0,Normal Day,0,0,0,0
2019-06-10,1077.0,1094.8399658203125,1075.280029296875,1082.760009765625,1082.760009765625,1425500.0,GOOGL,0.013469130277155609,0.8564722717334503,-0.32839845019750236,69.84126984126983,0,Normal Day,0,0,0,0
2019-06-11,1096.989990234375,1104.010009765625,1079.5699462890625,1081.0400390625,1081.0400390625,1675400.0,GOOGL,-0.0015885059363222199,-0.006738225453292929,0.0329602337088679,84.12698412698413,0,Normal Day,0,0,0,0
2019-06-12,1079.949951171875,1082.52001953125,1069.5999755859375,1079.0999755859375,1079.0999755859375,1183500.0,GOOGL,-0.0017946268467955754,-0.01577702682648604,-0.688168562846625,34.92063492063492,0,Normal Day,0,0,0,0
2019-06-13,1084.7099609375,1096.5899658203125,1082.5699462890625,1091.010009765625,1091.010009765625,1040700.0,GOOGL,0.011037007181119158,0.7208308602533664,-0.8965902872736777,42.857142857142854,0,Normal Day,0,0,0,0
2019-06-14,1089.739990234375,1094.760009765625,1081.47998046875,1086.300048828125,1086.300048828125,1229100.0,GOOGL,-0.0043170648255663685,-0.17653179771023156,-0.4519207882920942,38.095238095238095,0,Normal Day,0,0,0,0
2019-06-17,1089.0999755859375,1101.280029296875,1088.0,1093.8900146484375,1093.8900146484375,988500.0,GOOGL,0.006986988381801489,0.47691922940403875,-0.8881100150066095,36.507936507936506,0,Normal Day,0,0,0,0
2019-06-18,1111.5,1118.780029296875,1100.7900390625,1105.239990234375,1105.239990234375,1726300.0,GOOGL,0.010375792295338979,0.6769073758957945,0.37760185185462475,60.317460317460316,0,Normal Day,0,0,0,0
2019-06-19,1107.239990234375,1109.4300537109375,1096.030029296875,1104.510009765625,1104.510009765625,1335700.0,GOOGL,-0.0006604723636494566,0.05078702875751501,-0.20472099035257832,34.92063492063492,0,Normal Day,0,0,0,0
2019-06-20,1121.699951171875,1122.719970703125,1107.0,1113.199951171875,1113.199951171875,1200900.0,GOOGL,0.00786768913764212,0.5563046310679922,-0.47509273239597993,47.61904761904761,0,Normal Day,0,0,0,0
2019-06-21,1109.8599853515625,1126.5699462890625,1109.719970703125,1125.3699951171875,1125.3699951171875,2538700.0,GOOGL,0.010932486955736022,0.7126208139092237,1.1678458345119718,53.96825396825397,0,Normal Day,0,0,0,0
2019-06-24,1120.0,1123.5699462890625,1113.31005859375,1116.699951171875,1116.699951171875,1211800.0,GOOGL,-0.007704171946053767,-0.4032573408729401,-0.5551840502199935,15.873015873015872,0,Normal Day,0,0,0,0
2019-06-25,1115.0799560546875,1115.699951171875,1084.5999755859375,1087.5799560546875,1087.5799560546875,1582200.0,GOOGL,-0.02607683029503916,-1.459117616023527,0.007802821335630597,96.82539682539682,1,Normal Day,0,0,0,0
2019-06-26,1091.0,1095.1199951171875,1073.68994140625,1080.3199462890625,1080.3199462890625,1734900.0,GOOGL,-0.006675380256143614,-0.3209435030138787,0.17723701169975364,77.77777777777777,0,Normal Day,0,0,0,0
2019-06-27,1086.75,1088.4599609375,1075.8499755859375,1076.6300048828125,1076.6300048828125,1203900.0,GOOGL,-0.0034156005532667245,-0.13027473557292635,-0.6755803363308001,30.158730158730158,0,Normal Day,0,0,0,0
2019-06-28,1077.22998046875,1082.800048828125,1073.800048828125,1082.800048828125,1082.800048828125,1683600.0,GOOGL,0.005730886114384382,0.4068345758281742,0.0808258207567575,11.11111111111111,0,Normal Day,0,0,0,0
2019-07-01,1101.0400390625,1108.5899658203125,1095.3299560546875,1100.0,1100.0,1459800.0,GOOGL,0.015884697447594208,1.0105912719426475,-0.2787654935590839,34.92063492063492,0,Normal Day,0,0,0,0
2019-07-02,1104.8299560546875,1112.8900146484375,1099.6700439453125,1112.5999755859375,1112.5999755859375,1031500.0,GOOGL,0.011454523259943181,0.7408707278513033,-1.2413860218890431,31.746031746031743,0,Normal Day,0,0,0,0
2019-07-03,1118.5,1127.989990234375,1114.8499755859375,1122.989990234375,1122.989990234375,1007700.0,GOOGL,0.009338499799054663,0.6102844316113609,-1.2818984840698862,30.158730158730158,0,Normal Day,0,0,0,0
2019-07-05,1119.3699951171875,1134.6500244140625,1117.5,1132.6700439453125,1132.6700439453125,1489700.0,GOOGL,0.008619893138065472,0.5662621776745308,0.24025440904471998,58.73015873015873,0,Normal Day,0,0,0,0
2019-07-08,1125.8699951171875,1127.2099609375,1111.760009765625,1116.7900390625,1116.7900390625,1494400.0,GOOGL,-0.01401997427909307,-0.753119856055405,0.24694040525320884,47.61904761904761,0,Normal Day,0,0,0,0
2019-07-09,1110.3199462890625,1127.8599853515625,1107.1500244140625,1124.2900390625,1124.2900390625,1473600.0,GOOGL,0.006715675944151459,0.4502778199632778,0.2908154630912642,73.01587301587301,0,Normal Day,0,0,0,0
2019-07-10,1132.3199462890625,1142.3399658203125,1130.6600341796875,1140.9100341796875,1140.9100341796875,1535500.0,GOOGL,0.01478265797947142,0.8976978938338432,0.4521326948846812,17.46031746031746,0,Normal Day,0,0,0,0
2019-07-11,1146.1600341796875,1153.239990234375,1139.530029296875,1144.0799560546875,1144.0799560546875,1300200.0,GOOGL,0.0027784152825679797,0.20144214158108945,-0.21904721875733182,30.158730158730158,0,Normal Day,0,0,0,0
2019-07-12,1142.9300537109375,1147.5,1138.56005859375,1145.3399658203125,1145.3399658203125,1093900.0,GOOGL,0.0011013301639949114,0.10552143180364464,-0.9499389803110067,3.1746031746031744,0,Normal Day,0,0,0,0
2019-07-15,1145.3399658203125,1150.6800537109375,1140.0,1150.510009765625,1150.510009765625,1058200.0,GOOGL,0.004513981961338112,0.31036457601743356,-1.1019739921668303,11.11111111111111,0,Normal Day,0,0,0,0
2019-07-16,1146.72998046875,1158.5799560546875,1146.72998046875,1153.4599609375,1153.4599609375,1267600.0,GOOGL,0.0025640378152606827,0.19737284631527502,-0.3220333432975271,17.46031746031746,0,Normal Day,0,0,0,0
2019-07-17,1150.9200439453125,1158.43994140625,1146.6199951171875,1146.739990234375,1146.739990234375,976900.0,GOOGL,-0.005825924549356005,-0.2816924015440399,-1.452864536833731,17.46031746031746,0,Normal Day,0,0,0,0
2019-07-18,1142.0,1148.1700439453125,1132.8599853515625,1147.239990234375,1147.239990234375,1273800.0,GOOGL,0.00043601863042886307,0.08883448861811853,-0.24050631871418243,42.857142857142854,0,Normal Day,0,0,0,0
2019-07-19,1149.3199462890625,1151.5799560546875,1131.25,1131.550048828125,1131.550048828125,1159200.0,GOOGL,-0.013676250426943912,-0.7175707943536057,-0.6255766984210285,68.25396825396825,0,Normal Day,0,0,0,0
2019-07-22,1135.469970703125,1140.02001953125,1125.2099609375,1139.2099609375,1139.2099609375,1445700.0,GOOGL,0.0067693975333286294,0.47357581614645483,0.31426043266522163,41.269841269841265,0,Normal Day,0,0,0,0
2019-07-23,1143.449951171875,1148.8599853515625,1132.8499755859375,1148.050048828125,1148.050048828125,1032400.0,GOOGL,0.007759840761355483,0.5384282916869362,-1.2433172110447235,47.61904761904761,0,Normal Day,0,0,0,0
2019-07-24,1132.6199951171875,1145.4599609375,1128.510009765625,1139.72998046875,1139.72998046875,1359600.0,GOOGL,-0.007247130356266028,-0.33896863523611487,0.26066523897033017,52.38095238095238,0,Normal Day,0,0,0,0
2019-07-25,1138.949951171875,1143.5899658203125,1123.7099609375,1135.93994140625,1135.93994140625,2738100.0,GOOGL,-0.0033253833166178768,-0.10157499462121525,3.010339727430352,66.66666666666666,1,Volume Shock,0,1,1,0
2019-07-26,1228.0,1268.3900146484375,1228.0,1245.219970703125,1245.219970703125,6060800.0,GOOGL,0.09620229495724089,4.579452100192517,3.5848313310433904,96.82539682539682,1,Spike + Volume Shock,1,1,1,1
2019-07-29,1242.5,1248.989990234375,1230.199951171875,1241.8399658203125,1241.8399658203125,2069100.0,GOOGL,-0.00271438377341792,-0.10731784775478607,0.8609936985891127,55.55555555555555,0,Normal Day,0,0,0,0
2019-07-30,1227.0,1236.9100341796875,1225.3199462890625,1228.0,1228.0,1430800.0,GOOGL,-0.011144725730557675,-0.6245096279011956,-0.014524637179214742,9.523809523809524,0,Normal Day,0,0,0,0
2019-07-31,1224.8699951171875,1234.9100341796875,1208.1800537109375,1218.199951171875,1218.199951171875,1998000.0,GOOGL,-0.007980495788375407,-0.47136912307858747,0.750078665754915,85.71428571428571,0,Normal Day,0,0,0,0
2019-08-01,1217.6300048828125,1236.300048828125,1207.0,1211.780029296875,1211.780029296875,1771300.0,GOOGL,-0.0052700066756891685,-0.3257373885948856,0.4055143084613848,90.47619047619047,0,Normal Day,0,0,0,0
2019-08-02,1203.0,1209.5,1190.0,1196.3199462890625,1196.3199462890625,1745500.0,GOOGL,-0.012758159595007586,-0.7049243643507961,0.31322578900909204,61.9047619047619,0,Normal Day,0,0,0,0
2019-08-05,1172.969970703125,1176.8800048828125,1142.75,1154.75,1154.75,2392000.0,GOOGL,-0.03474818456217406,-1.8129783864701243,1.0123433909822914,95.23809523809523,1,Normal Day,0,0,0,0
2019-08-06,1165.52001953125,1181.4000244140625,1161.530029296875,1171.0799560546875,1171.0799560546875,1800700.0,GOOGL,0.014141551032420437,0.740705032501636,0.30341279910387636,65.07936507936508,0,Normal Day,0,0,0,0
2019-08-07,1157.800048828125,1179.8699951171875,1150.8399658203125,1175.9100341796875,1175.9100341796875,1534300.0,GOOGL,0.004124464858293966,0.2044216275297182,-0.08776922541624547,90.47619047619047,0,Normal Day,0,0,0,0
2019-08-08,1186.4300537109375,1206.280029296875,1174.0,1206.18994140625,1206.18994140625,1505800.0,GOOGL,0.025750190360171305,1.3017823937818336,-0.13078107098917938,92.06349206349206,0,Normal Day,0,0,0,0
2019-08-09,1199.989990234375,1204.4599609375,1184.8900146484375,1188.9000244140625,1188.9000244140625,1020900.0,GOOGL,-0.014334323640628156,-0.7652327829447547,-1.019051576575227,61.9047619047619,0,Normal Day,0,0,0,0
2019-08-12,1180.0,1185.6099853515625,1168.719970703125,1174.5,1174.5,1103200.0,GOOGL,-0.012112056622388756,-0.6706247987690283,-0.8375195267154428,47.61904761904761,0,Normal Day,0,0,0,0
2019-08-13,1174.3499755859375,1205.4300537109375,1172.989990234375,1196.72998046875,1196.72998046875,1421700.0,GOOGL,0.018927186435717325,0.9260713399181063,-0.27684794081043645,92.06349206349206,0,Normal Day,0,0,0,0
2019-08-14,1176.0699462890625,1182.7900390625,1161.0699462890625,1164.25,1164.25,1771500.0,GOOGL,-0.027140608991869528,-1.4461537677953484,0.2176598866840609,74.6031746031746,0,Normal Day,0,0,0,0
2019-08-15,1168.4300537109375,1176.4200439453125,1163.0,1169.3199462890625,1169.3199462890625,1425300.0,GOOGL,0.004354688674307494,0.23376864460402955,-0.368840985030107,19.047619047619047,0,Normal Day,0,0,0,0
2019-08-16,1180.7900390625,1183.8399658203125,1173.0,1179.2099609375,1179.2099609375,1245800.0,GOOGL,0.00845792007553135,0.43505804998351444,-0.7049417917971937,7.936507936507936,0,Normal Day,0,0,0,0
2019-08-19,1191.8299560546875,1209.3900146484375,1190.4000244140625,1200.43994140625,1200.43994140625,1222500.0,GOOGL,0.018003562700464014,0.9151970842751452,-0.7631637498553878,61.9047619047619,0,Normal Day,0,0,0,0
2019-08-20,1195.3499755859375,1198.0,1183.050048828125,1183.530029296875,1183.530029296875,1010300.0,GOOGL,-0.014086429088294047,-0.782214141595795,-1.1633367256585168,36.507936507936506,0,Normal Day,0,0,0,0
2019-08-21,1195.8199462890625,1200.56005859375,1187.9200439453125,1191.5799560546875,1191.5799560546875,707600.0,GOOGL,0.006801624427387696,0.32795188937061465,-1.8629798431377513,19.047619047619047,0,Normal Day,0,0,0,0
2019-08-22,1193.800048828125,1198.780029296875,1178.9100341796875,1191.52001953125,1191.52001953125,867600.0,GOOGL,-5.03000433440903e-05,-0.04529895492555937,-1.290905171169936,66.66666666666666,0,Normal Day,0,0,0,0
2019-08-23,1185.1700439453125,1195.6700439453125,1150.0,1153.5799560546875,1153.5799560546875,1812700.0,GOOGL,-0.03184173396556804,-1.6840632087316931,0.3858755135860866,100.0,1,Range Shock,0,0,0,0
2019-08-26,1159.449951171875,1171.8599853515625,1154.8499755859375,1171.1800537109375,1171.1800537109375,1058300.0,GOOGL,0.015256937816814526,0.7615615226459681,-0.9188734543029773,50.79365079365079,0,Normal Day,0,0,0,0
2019-08-27,1183.0,1185.0,1164.56005859375,1170.8199462890625,1170.8199462890625,1173000.0,GOOGL,-0.00030747400515743347,-0.06231322640979768,-0.5190719876208968,68.25396825396825,0,Normal Day,0,0,0,0
2019-08-28,1164.8699951171875,1178.5,1160.25,1173.75,1173.75,840500.0,GOOGL,0.0025025655910837228,0.08387429641703573,-1.4559067716384662,57.14285714285714,0,Normal Day,0,0,0,0
2019-08-29,1186.4200439453125,1199.18994140625,1185.280029296875,1194.239990234375,1194.239990234375,981800.0,GOOGL,0.017456860689563366,0.8404579656521617,-0.8820372860617395,19.047619047619047,0,Normal Day,0,0,0,0
2019-08-30,1200.3499755859375,1200.3499755859375,1185.719970703125,1190.530029296875,1190.530029296875,903200.0,GOOGL,-0.0031065455585454842,-0.3119638502270669,-1.044940052389736,34.92063492063492,0,Normal Day,0,0,0,0
2019-09-03,1181.8499755859375,1189.0799560546875,1163.7099609375,1169.550048828125,1169.550048828125,1295400.0,GOOGL,-0.017622386628198483,-1.1113569036837685,0.1605988789413006,82.53968253968253,0,Normal Day,0,0,0,0
2019-09-04,1179.449951171875,1184.8800048828125,1171.530029296875,1182.27001953125,1182.27001953125,1065600.0,GOOGL,0.01087595243646927,0.5023025086744904,-0.41055978804618015,17.46031746031746,0,Normal Day,0,0,0,0
2019-09-05,1193.6600341796875,1214.0,1192.68994140625,1212.18994140625,1212.18994140625,1319700.0,GOOGL,0.025307181422787615,1.2911790845520823,0.48795383451343294,73.01587301587301,0,Normal Day,0,0,0,0
2019-09-06,1209.1400146484375,1212.949951171875,1203.260009765625,1206.3199462890625,1206.3199462890625,948600.0,GOOGL,-0.004842471395512303,-0.39376653643788445,-0.7688679054144315,3.1746031746031744,0,Normal Day,0,0,0,0
2019-09-09,1207.0799560546875,1220.550048828125,1193.1700439453125,1205.27001953125,1205.27001953125,1592700.0,GOOGL,-0.0008703551334306736,-0.15530132928226512,1.3346828603229237,87.30158730158729,0,Normal Day,0,0,0,0
2019-09-10,1196.0899658203125,1210.0,1196.010009765625,1205.699951171875,1205.699951171875,1396100.0,GOOGL,0.0003567098107959308,-0.08703659006605309,0.7331292492241814,22.22222222222222,0,Normal Day,0,0,0,0
2019-09-11,1203.8900146484375,1222.469970703125,1202.280029296875,1220.0,1220.0,1176100.0,GOOGL,0.011860371076755976,0.5562487692010216,0.03066192531354675,68.25396825396825,0,Normal Day,0,0,0,0
2019-09-12,1223.469970703125,1242.4200439453125,1222.56005859375,1234.969970703125,1234.969970703125,1582200.0,GOOGL,0.012270467789446722,0.5781430093217311,1.1803048246897894,61.9047619047619,0,Normal Day,0,0,0,0
2019-09-13,1232.1099853515625,1241.050048828125,1227.0799560546875,1240.030029296875,1240.030029296875,1183800.0,GOOGL,0.004097313063303942,0.10524819975715016,0.12001404997503297,19.047619047619047,0,Normal Day,0,0,0,0
2019-09-16,1230.43994140625,1239.02001953125,1225.18994140625,1231.6300048828125,1231.6300048828125,1410900.0,GOOGL,-0.006774049188813196,-0.5012293968000805,0.8696804191043273,19.047619047619047,0,Normal Day,0,0,0,0
2019-09-17,1231.6300048828125,1235.0,1223.3499755859375,1229.8800048828125,1229.8800048828125,1040300.0,GOOGL,-0.0014208812655278802,-0.18618200435786034,-0.3910491082621351,12.698412698412698,0,Normal Day,0,0,0,0
2019-09-18,1230.239990234375,1236.239990234375,1216.469970703125,1232.6500244140625,1232.6500244140625,872000.0,GOOGL,0.0022522681239247706,0.020575039956841543,-1.0445916693635473,61.9047619047619,0,Normal Day,0,0,0,0
2019-09-19,1232.3199462890625,1244.3399658203125,1232.31005859375,1238.75,1238.75,827700.0,GOOGL,0.004948667882302692,0.1770742697219032,-1.1814457319598377,14.285714285714285,0,Normal Day,0,0,0,0
2019-09-20,1233.6400146484375,1242.800048828125,1223.5799560546875,1229.8399658203125,1229.8399658203125,1884600.0,GOOGL,-0.007192762203582241,-0.4993128023207482,1.9056235433078141,58.73015873015873,0,Normal Day,0,0,0,0
2019-09-23,1226.5699462890625,1239.6800537109375,1223.780029296875,1234.68994140625,1234.68994140625,1039900.0,GOOGL,0.003943582678013338,0.12588826291416347,-0.49804308305697237,41.269841269841265,0,Normal Day,0,0,0,0
2019-09-24,1240.0,1247.1099853515625,1210.6400146484375,1218.3299560546875,1218.3299560546875,1790200.0,GOOGL,-0.013250278311111287,-0.8819512720422106,1.7297556583121145,96.82539682539682,1,Normal Day,0,0,0,0
2019-09-25,1216.010009765625,1248.02001953125,1209.199951171875,1245.93994140625,1245.93994140625,1339900.0,GOOGL,0.02266215750039652,1.1645617505619175,0.49470259280107015,96.82539682539682,1,Normal Day,0,0,0,0
2019-09-26,1242.1400146484375,1244.6700439453125,1231.8199462890625,1242.2900390625,1242.2900390625,1158300.0,GOOGL,-0.002929436823118841,-0.30763266221409274,-0.09907046562239887,19.047619047619047,0,Normal Day,0,0,0,0
2019-09-27,1242.8299560546875,1244.989990234375,1215.199951171875,1225.949951171875,1225.949951171875,1706100.0,GOOGL,-0.013153198831857433,-0.8731738272294969,1.3543150913789315,87.30158730158729,0,Normal Day,0,0,0,0
2019-09-30,1220.5999755859375,1227.4100341796875,1213.4200439453125,1221.1400146484375,1221.1400146484375,1223500.0,GOOGL,-0.00392343628615485,-0.32889472725198415,-0.05734634481575371,25.396825396825395,0,Normal Day,0,0,0,0
2019-10-01,1222.489990234375,1232.8599853515625,1205.550048828125,1206.0,1206.0,1225200.0,GOOGL,-0.012398262661793344,-0.7916350069994242,-0.11819070626042931,82.53968253968253,0,Normal Day,0,0,0,0
2019-10-02,1196.5,1198.760009765625,1172.6300048828125,1177.9200439453125,1177.9200439453125,1651500.0,GOOGL,-0.023283545650652986,-1.3662458161621727,1.1117544316960517,80.95238095238095,0,Normal Day,0,0,0,0
2019-10-03,1183.3399658203125,1191.0,1163.1400146484375,1189.4300537109375,1189.4300537109375,1418400.0,GOOGL,0.009771469485376529,0.49924799480196547,0.40805627932513094,84.12698412698413,0,Normal Day,0,0,0,0
2019-10-04,1194.2900390625,1212.4599609375,1190.969970703125,1210.9599609375,1210.9599609375,1214100.0,GOOGL,0.018101028437435825,0.9393161345801824,-0.2462009375852153,69.84126984126983,0,Normal Day,0,0,0,0
2019-10-07,1207.0,1218.9100341796875,1204.3599853515625,1208.25,1208.25,852000.0,GOOGL,-0.002237861717081054,-0.1991980703201791,-1.6927931544681214,33.33333333333333,0,Normal Day,0,0,0,0
2019-10-08,1198.77001953125,1206.8699951171875,1189.47998046875,1190.1300048828125,1190.1300048828125,1004300.0,GOOGL,-0.01499689229645148,-0.8904380773849263,-0.915746343109962,46.03174603174603,0,Normal Day,0,0,0,0
2019-10-09,1201.3299560546875,1208.4599609375,1198.1199951171875,1202.4000244140625,1202.4000244140625,797400.0,GOOGL,0.01030981445800804,0.5261926190007977,-1.6448771290266428,4.761904761904762,0,Normal Day,0,0,0,0
2019-10-10,1198.5999755859375,1215.6199951171875,1197.8599853515625,1209.469970703125,1209.469970703125,642100.0,GOOGL,0.005879862063798386,0.27294699308378,-2.086129469303288,46.03174603174603,0,Normal Day,0,0,0,0
2019-10-11,1224.030029296875,1228.75,1213.6400146484375,1215.7099609375,1215.7099609375,1116500.0,GOOGL,0.005159276696012042,0.23189434023158242,-0.14604623324040444,31.746031746031743,0,Normal Day,0,0,0,0
2019-10-14,1213.8900146484375,1225.8800048828125,1211.8800048828125,1217.77001953125,1217.77001953125,664800.0,GOOGL,0.001694531310873999,0.03820827315949787,-1.7150138637677494,23.809523809523807,0,Normal Day,0,0,0,0
2019-10-15,1221.5,1247.1300048828125,1220.9200439453125,1242.239990234375,1242.239990234375,1379200.0,GOOGL,0.02009408206037467,1.0397918070767616,0.6394834224984404,74.6031746031746,0,Normal Day,0,0,0,0
2019-10-16,1241.81005859375,1254.18994140625,1238.530029296875,1243.0,1243.0,1149300.0,GOOGL,0.0006118059083588252,-0.04546104969077186,0.03572592437531529,31.746031746031743,0,Normal Day,0,0,0,0
2019-10-17,1251.4000244140625,1263.75,1249.8699951171875,1252.800048828125,1252.800048828125,1047900.0,GOOGL,0.007884190529465004,0.34219172681603266,-0.29632572137583507,14.285714285714285,0,Normal Day,0,0,0,0
2019-10-18,1254.68994140625,1258.1099853515625,1240.1400146484375,1244.4100341796875,1244.4100341796875,1581200.0,GOOGL,-0.00669701015440218,-0.46143143244064055,0.9617814163951053,41.269841269841265,0,Normal Day,0,0,0,0
2019-10-21,1248.699951171875,1253.510009765625,1239.989990234375,1244.280029296875,1244.280029296875,904700.0,GOOGL,-0.00010447109814426959,-0.08596115147384101,-0.8099177137114564,14.285714285714285,0,Normal Day,0,0,0,0
2019-10-22,1244.47998046875,1248.72998046875,1239.8499755859375,1241.199951171875,1241.199951171875,1143100.0,GOOGL,-0.002475389825826031,-0.2232148524743874,-0.012183490803474967,1.5873015873015872,0,Normal Day,0,0,0,0
2019-10-23,1240.2099609375,1258.0400390625,1240.2099609375,1257.6300048828125,1257.6300048828125,1064100.0,GOOGL,0.013237233610446984,0.6408783182236869,-0.1876558850765196,41.269841269841265,0,Normal Day,0,0,0,0
2019-10-24,1259.1099853515625,1262.9000244140625,1252.3499755859375,1259.1099853515625,1259.1099853515625,1011200.0,GOOGL,0.0011768011760246659,0.06935171679550822,-0.33078412321147965,4.761904761904762,0,Normal Day,0,0,0,0
2019-10-25,1252.0,1268.0,1249.1500244140625,1264.300048828125,1264.300048828125,1355200.0,GOOGL,0.00412200962341932,0.2843269629013868,0.7327560686153866,52.38095238095238,0,Normal Day,0,0,0,0
2019-10-28,1275.0,1299.239990234375,1272.31005859375,1288.97998046875,1288.97998046875,3271400.0,GOOGL,0.01952062855925754,1.400345443165754,3.0168111737758516,74.6031746031746,1,Volume Shock,0,0,0,0
2019-10-29,1276.0,1280.800048828125,1255.6099853515625,1260.6600341796875,1260.6600341796875,2632700.0,GOOGL,-0.021970819344117105,-1.6632709047208147,2.026650362413296,74.6031746031746,0,Normal Day,0,0,0,0
2019-10-30,1255.1500244140625,1268.02001953125,1250.6500244140625,1260.699951171875,1260.699951171875,1460200.0,GOOGL,3.166356599340759e-05,-0.0506729408629718,0.4975802253846429,41.269841269841265,0,Normal Day,0,0,0,0
2019-10-31,1260.0,1266.52001953125,1249.47998046875,1258.800048828125,1258.800048828125,1595000.0,GOOGL,-0.0015070218270286746,-0.1786206351363018,0.7282077926836394,41.269841269841265,0,Normal Day,0,0,0,0
2019-11-01,1265.800048828125,1273.0,1259.7099609375,1272.25,1272.25,1440600.0,GOOGL,0.010684739950873198,0.7127081423691889,0.4668074194748861,14.285714285714285,0,Normal Day,0,0,0,0
2019-11-04,1276.1099853515625,1292.5,1276.1099853515625,1289.6099853515625,1289.6099853515625,1531600.0,GOOGL,0.013645105405040284,0.9466355603929298,0.5890018844497009,41.269841269841265,0,Normal Day,0,0,0,0
2019-11-05,1291.199951171875,1297.239990234375,1289.3800048828125,1291.43994140625,1291.43994140625,1257100.0,GOOGL,0.0014189996010217252,-0.011744000451324038,0.04568707664131035,1.5873015873015872,0,Normal Day,0,0,0,0
2019-11-06,1290.0899658203125,1292.989990234375,1282.27001953125,1291.010009765625,1291.010009765625,1231300.0,GOOGL,-0.00033290873763502086,-0.12064180998379745,-0.03288741624724098,6.349206349206349,0,Normal Day,0,0,0,0
2019-11-07,1294.280029296875,1322.6500244140625,1293.75,1306.93994140625,1306.93994140625,2257000.0,GOOGL,0.012339123260180595,0.8789131105944487,1.3864005083132944,85.71428571428571,0,Normal Day,0,0,0,0
2019-11-08,1301.52001953125,1317.1099853515625,1301.52001953125,1309.0,1309.0,1519600.0,GOOGL,0.0015762458001959939,-0.018042866958504846,0.29976814188960116,36.507936507936506,0,Normal Day,0,0,0,0
2019-11-11,1304.0,1304.9000244140625,1295.8699951171875,1298.280029296875,1298.280029296875,861700.0,GOOGL,-0.008189435220110772,-0.7974527240107634,-1.2138724619575672,3.1746031746031744,0,Normal Day,0,0,0,0
2019-11-12,1298.5699462890625,1309.3499755859375,1294.239990234375,1297.2099609375,1297.2099609375,1442600.0,GOOGL,-0.0008242199950919138,-0.22830974259112824,0.09221080211498897,38.095238095238095,0,Normal Day,0,0,0,0
2019-11-13,1293.1800537109375,1302.52001953125,1292.1500244140625,1296.1800537109375,1296.1800537109375,1026900.0,GOOGL,-0.0007939402699453379,-0.21850412901114546,-0.8727898879889535,6.349206349206349,0,Normal Day,0,0,0,0
2019-11-14,1295.0,1315.719970703125,1293.93994140625,1309.1500244140625,1309.1500244140625,1447400.0,GOOGL,0.01000630326472949,0.7243765756140045,0.11003779312774646,73.01587301587301,0,Normal Day,0,0,0,0
2019-11-15,1315.050048828125,1333.5400390625,1311.8900146484375,1333.5400390625,1333.5400390625,1964300.0,GOOGL,0.018630419885875008,1.4759802234505357,0.9268231944114232,69.84126984126983,0,Normal Day,0,0,0,0
2019-11-18,1332.3399658203125,1333.9200439453125,1316.1600341796875,1319.8399658203125,1319.8399658203125,1399200.0,GOOGL,-0.010273462244012464,-1.0613120356839045,-0.062463375787053514,49.2063492063492,0,Normal Day,0,0,0,0
2019-11-19,1326.6300048828125,1326.6300048828125,1311.77001953125,1312.5899658203125,1312.5899658203125,1093200.0,GOOGL,-0.005493090213777509,-0.6227822818821217,-0.8493789831842078,28.57142857142857,0,Normal Day,0,0,0,0
2019-11-20,1311.3599853515625,1313.2099609375,1289.2099609375,1301.8599853515625,1301.8599853515625,1444600.0,GOOGL,-0.008174662878855867,-0.8421028509541049,-0.028735905931056314,79.36507936507937,0,Normal Day,0,0,0,0
2019-11-21,1299.25,1311.1199951171875,1290.75,1300.1400146484375,1300.1400146484375,1277100.0,GOOGL,-0.0013211641209331189,-0.30800527399741057,-0.44815216449585743,66.66666666666666,0,Normal Day,0,0,0,0
2019-11-22,1303.0,1306.9000244140625,1289.3599853515625,1293.6700439453125,1293.6700439453125,1388800.0,GOOGL,-0.004976364568607254,-0.627449729255352,-0.23862249160547686,52.38095238095238,0,Normal Day,0,0,0,0
2019-11-25,1296.260009765625,1310.4100341796875,1295.6099853515625,1305.6400146484375,1305.6400146484375,1179500.0,GOOGL,0.009252723102886511,0.7059153172600067,-0.745885044658285,30.158730158730158,0,Normal Day,0,0,0,0
2019-11-26,1309.9100341796875,1314.010009765625,1304.0400390625,1313.0,1313.0,1095500.0,GOOGL,0.0056370709146381995,0.3589955165673017,-0.9853806208050736,6.349206349206349,0,Normal Day,0,0,0,0
2019-11-27,1315.4200439453125,1317.6400146484375,1309.469970703125,1312.1300048828125,1312.1300048828125,940400.0,GOOGL,-0.0006626010031892612,-0.21259752173584284,-1.57174290350943,3.1746031746031744,0,Normal Day,0,0,0,0
2019-11-29,1306.5999755859375,1309.949951171875,1303.22998046875,1304.0899658203125,1304.0899658203125,640100.0,GOOGL,-0.00612747138818616,-0.7313941436096222,-2.5351877603383404,1.5873015873015872,0,Normal Day,1,0,1,0
2019-12-02,1302.56005859375,1305.43994140625,1280.3800048828125,1288.8599853515625,1288.8599853515625,1326900.0,GOOGL,-0.011678627140704879,-1.2912608585730516,0.13879752917210614,82.53968253968253,0,Normal Day,0,0,0,0
2019-12-03,1278.6600341796875,1297.22998046875,1277.050048828125,1294.739990234375,1294.739990234375,1263500.0,GOOGL,0.00456217506140406,0.3001906007188331,-0.01838660209363904,65.07936507936508,0,Normal Day,0,0,0,0
2019-12-04,1306.0999755859375,1324.27001953125,1303.050048828125,1318.93994140625,1318.93994140625,1775300.0,GOOGL,0.01869097375102649,1.7299095652566876,1.1824401271912393,73.01587301587301,0,Normal Day,0,0,0,0
2019-12-05,1327.0,1327.97998046875,1314.3199462890625,1326.9599609375,1326.9599609375,1220400.0,GOOGL,0.006080655592777847,0.4523809636499365,-0.16317360936574835,20.634920634920633,0,Normal Day,0,0,0,0
2019-12-06,1332.75,1342.469970703125,1331.22998046875,1339.3900146484375,1339.3900146484375,1648400.0,GOOGL,0.009367316329692149,0.7619525214977995,0.8532402551857181,15.873015873015872,0,Normal Day,0,0,0,0
2019-12-09,1338.8599853515625,1357.550048828125,1336.0699462890625,1342.989990234375,1342.989990234375,1542100.0,GOOGL,0.0026877724535541055,0.0922537377563191,0.7519861391990978,69.84126984126983,0,Normal Day,0,0,0,0
2019-12-10,1339.93994140625,1348.0,1334.0,1342.8900146484375,1342.8900146484375,880300.0,GOOGL,-7.444253990311016e-05,-0.16564376983027704,-1.2890982601507874,25.396825396825395,0,Normal Day,0,0,0,0
2019-12-11,1348.300048828125,1349.8900146484375,1341.0999755859375,1344.25,1344.25,1024000.0,GOOGL,0.0010127302584184736,-0.038748862740398876,-0.7769711512934551,6.349206349206349,0,Normal Day,0,0,0,0
2019-12-12,1343.2099609375,1354.5799560546875,1338.199951171875,1348.489990234375,1348.489990234375,1455700.0,GOOGL,0.003154167925888042,0.18018972056027294,0.5959907228777064,46.03174603174603,0,Normal Day,0,0,0,0
2019-12-13,1347.9000244140625,1351.3499755859375,1341.6600341796875,1346.8699951171875,1346.8699951171875,1658500.0,GOOGL,-0.0012013401129554813,-0.27240015063159423,1.004564518587623,11.11111111111111,0,Normal Day,0,0,0,0
2019-12-16,1355.0,1363.530029296875,1350.6099853515625,1360.699951171875,1360.699951171875,1406400.0,GOOGL,0.010268218985369996,0.8742178390622637,0.3741764707903313,22.22222222222222,0,Normal Day,0,0,0,0
2019-12-17,1362.4100341796875,1364.3299560546875,1350.77001953125,1354.8900146484375,1354.8900146484375,1647400.0,GOOGL,-0.004269814604192358,-0.5889297168976833,1.0687050607510824,25.396825396825395,0,Normal Day,0,0,0,0
2019-12-18,1357.0,1359.4300537109375,1350.4599609375,1351.9100341796875,1351.9100341796875,1166500.0,GOOGL,-0.0021994261058328308,-0.36788563642939315,-0.29817380999317283,7.936507936507936,0,Normal Day,0,0,0,0
2019-12-19,1351.9100341796875,1357.530029296875,1348.75,1356.43994140625,1356.43994140625,1446100.0,GOOGL,0.0033507460644828773,0.17781515447705004,0.522306574845269,6.349206349206349,0,Normal Day,0,0,0,0
2019-12-20,1363.0999755859375,1364.0,1350.72998046875,1351.219970703125,1351.219970703125,2504500.0,GOOGL,-0.003848287376227912,-0.541343170128003,2.2784031389030615,26.984126984126984,0,Normal Day,0,0,0,0
2019-12-23,1358.72998046875,1361.8499755859375,1348.0,1350.6300048828125,1350.6300048828125,996800.0,GOOGL,-0.000436617155684506,-0.21938021022774304,-0.8847998702100813,30.158730158730158,0,Normal Day,0,0,0,0
2019-12-24,1350.2099609375,1352.010009765625,1344.1700439453125,1344.4300537109375,1344.4300537109375,673400.0,GOOGL,-0.00459041421370832,-0.6271675592078345,-1.9026018681534922,3.1746031746031744,0,Normal Day,0,0,0,0
2019-12-26,1346.550048828125,1363.199951171875,1345.510009765625,1362.469970703125,1362.469970703125,1183100.0,GOOGL,0.013418263703933992,1.2637261353571205,-0.1623786370624517,58.73015873015873,0,Normal Day,0,0,0,0
2019-12-27,1364.0,1367.050048828125,1353.0,1354.6400146484375,1354.6400146484375,1160600.0,GOOGL,-0.0057468833978386496,-0.7945444863360168,-0.23083128923954724,34.92063492063492,0,Normal Day,0,0,0,0
2019-12-30,1356.81005859375,1357.0,1337.8399658203125,1339.7099609375,1339.7099609375,999700.0,GOOGL,-0.011021417904012098,-1.3347159642150315,-0.7074758398663662,68.25396825396825,0,Normal Day,0,0,0,0
2019-12-31,1335.7900390625,1340.6600341796875,1332.1300048828125,1339.3900146484375,1339.3900146484375,975700.0,GOOGL,-0.00023881757872323985,-0.21106302440459068,-0.9421462995499286,7.936507936507936,0,Normal Day,0,0,0,0
2019-01-02,306.1000061035156,315.1300048828125,298.79998779296875,310.1199951171875,310.1199951171875,11658600.0,TSLA,-0.06814901895336074,-1.7535491216593222,1.9102233976666292,63.49206349206349,0,Normal Day,0,0,0,0
2019-01-03,307.0,309.3999938964844,297.3800048828125,300.3599853515625,300.3599853515625,6965200.0,TSLA,-0.03147172036403815,-0.8193952442310389,-0.46469854089759854,46.03174603174603,0,Normal Day,0,0,0,0
2019-01-04,306.0,318.0,302.7300109863281,317.69000244140625,317.69000244140625,7394100.0,TSLA,0.057697489462717466,1.3997017305416442,-0.15900708216556517,58.73015873015873,0,Normal Day,0,0,0,0
2019-01-07,321.7200012207031,336.739990234375,317.75,334.9599914550781,334.9599914550781,7551200.0,TSLA,0.05436113469405477,1.273609899345057,-0.03488125077032142,71.42857142857143,0,Normal Day,0,0,0,0
2019-01-08,341.9599914550781,344.010009765625,327.0199890136719,335.3500061035156,335.3500061035156,7008500.0,TSLA,0.001164361889141633,-0.08997489288122391,-0.3612357803792258,60.317460317460316,0,Normal Day,0,0,0,0
2019-01-09,335.5,343.5,331.4700012207031,338.5299987792969,338.5299987792969,5432900.0,TSLA,0.009482608074859112,0.10414442569222604,-1.4717799081394245,30.158730158730158,0,Normal Day,0,0,0,0
2019-01-10,334.3999938964844,345.3900146484375,331.7900085449219,344.9700012207031,344.9700012207031,6056400.0,TSLA,0.019023432087638358,0.3691473401159265,-0.8961365998885273,47.61904761904761,0,Normal Day,0,0,0,0
2019-01-11,342.0899963378906,348.4100036621094,338.7699890136719,347.260009765625,347.260009765625,5039100.0,TSLA,0.006638283145834426,0.030561893397063576,-1.6389555918079826,12.698412698412698,0,Normal Day,0,0,0,0
2019-01-14,342.3800048828125,342.5,334.0,334.3999938964844,334.3999938964844,5247300.0,TSLA,-0.03703281549125162,-1.1100044906781787,-1.4848938375643035,9.523809523809524,0,Normal Day,0,0,0,0
2019-01-15,335.0,348.79998779296875,334.5,344.42999267578125,344.42999267578125,6056600.0,TSLA,0.029994016035782955,0.6500034321288815,-0.7587618100868606,53.96825396825397,0,Normal Day,0,0,0,0
2019-01-16,344.7799987792969,352.0,343.5,346.04998779296875,346.04998779296875,4691700.0,TSLA,0.004703408970288001,-0.014946154020578143,-1.7301011772797494,7.936507936507936,0,Normal Day,0,0,0,0
2019-01-17,346.2099914550781,351.5,344.1499938964844,347.3099975585937,347.3099975585937,3676700.0,TSLA,0.0036411206764115503,-0.01742400524739129,-2.2524015743871457,4.761904761904762,0,Normal Day,0,0,0,0
2019-01-18,323.0,327.1300048828125,299.7300109863281,302.260009765625,302.260009765625,24150800.0,TSLA,-0.1297111747707995,-3.236661604521024,3.111460268319796,95.23809523809523,1,Crash + Volume Shock,1,0,1,0
2019-01-22,304.82000732421875,308.0,295.5,298.9200134277344,298.9200134277344,12066700.0,TSLA,-0.011050076854296693,-0.34018645776406636,1.232368112950559,55.55555555555555,0,Normal Day,0,0,0,0
2019-01-23,292.5,294.5,281.69000244140625,287.5899963378906,287.5899963378906,12530000.0,TSLA,-0.03790317336039745,-0.9847292763382172,1.2432904727583327,58.73015873015873,0,Normal Day,0,0,0,0
2019-01-24,283.0299987792969,293.67999267578125,279.2799987792969,291.510009765625,291.510009765625,8012200.0,TSLA,0.01363056252877703,0.2695713705862329,0.17430006546235505,68.25396825396825,0,Normal Day,0,0,0,0
2019-01-25,294.3900146484375,298.5199890136719,289.54998779296875,297.0400085449219,297.0400085449219,7249600.0,TSLA,0.01897018487887607,0.4787251264449228,-0.0962571901693085,25.396825396825395,0,Normal Day,0,0,0,0
2019-01-28,292.9100036621094,297.4599914550781,287.75,296.3800048828125,296.3800048828125,6423300.0,TSLA,-0.00222193523809289,-0.0889753507320137,-0.3607629867309621,28.57142857142857,0,Normal Day,0,0,0,0
2019-01-29,295.2699890136719,298.5599975585937,291.79998779296875,297.4599914550781,297.4599914550781,4621700.0,TSLA,0.0036439252124739236,0.10859233553501321,-1.0557237241056163,6.349206349206349,0,Normal Day,0,0,0,0
2019-01-30,300.45001220703125,309.0,298.489990234375,308.7699890136719,308.7699890136719,11250300.0,TSLA,0.038021911798184684,1.079108012570148,1.008873455500814,33.33333333333333,0,Normal Day,0,0,0,0
2019-01-31,301.0,311.5599975585937,294.0,307.0199890136719,307.0199890136719,12569200.0,TSLA,-0.005667649260830568,-0.13824073825294952,1.1511636286040483,85.71428571428571,0,Normal Day,0,0,0,0
2019-02-01,305.4200134277344,316.1000061035156,303.5,312.2099914550781,312.2099914550781,7283400.0,TSLA,0.016904444749931687,0.48080120293622286,-0.024486636468520274,57.14285714285714,0,Normal Day,0,0,0,0
2019-02-04,312.9800109863281,315.29998779296875,301.8800048828125,312.8900146484375,312.8900146484375,7352100.0,TSLA,0.0021780955509786083,0.07707916979229175,-0.008786141323070696,63.49206349206349,0,Normal Day,0,0,0,0
2019-02-05,312.489990234375,322.44000244140625,312.25,321.3500061035156,321.3500061035156,6742800.0,TSLA,0.02703822768068758,0.7722147643765447,-0.1979263883672321,28.57142857142857,0,Normal Day,0,0,0,0
2019-02-06,319.5899963378906,324.239990234375,315.6199951171875,317.2200012207031,317.2200012207031,5038500.0,TSLA,-0.012852045446926528,-0.33930802893902023,-0.8104055906422288,15.873015873015872,0,Normal Day,0,0,0,0
2019-02-07,313.29998779296875,314.70001220703125,303.0,307.510009765625,307.510009765625,6520600.0,TSLA,-0.030609644466656694,-0.82680793264425,-0.2187123903411535,47.61904761904761,0,Normal Day,0,0,0,0
2019-02-08,306.8299865722656,307.45001220703125,298.5,305.79998779296875,305.79998779296875,5844200.0,TSLA,-0.005560866047773788,-0.1248898496343314,-0.47635288533894055,23.809523809523807,0,Normal Day,0,0,0,0
2019-02-11,311.6000061035156,318.6000061035156,310.5,312.8399963378906,312.8399963378906,7129700.0,TSLA,0.023021611595642272,0.6722131181268104,-0.04259679518678714,14.285714285714285,0,Normal Day,0,0,0,0
2019-02-12,316.20001220703125,318.19000244140625,309.6199951171875,311.8099975585937,311.8099975585937,5517600.0,TSLA,-0.0032924139859164814,-0.05690803056816723,-0.6419158911376741,19.047619047619047,0,Normal Day,0,0,0,0
2019-02-13,312.3500061035156,312.75,305.57000732421875,308.1700134277344,308.1700134277344,5141600.0,TSLA,-0.011673724894517892,-0.28681783231621427,-0.8004282382521949,7.936507936507936,0,Normal Day,0,0,0,0
2019-02-14,303.3800048828125,306.7699890136719,301.0,303.7699890136719,303.7699890136719,5200800.0,TSLA,-0.014277912263823496,-0.38413153182992904,-0.7498218654651537,4.761904761904762,0,Normal Day,0,0,0,0
2019-02-15,304.5,308.0,303.8999938964844,307.8800048828125,307.8800048828125,3904900.0,TSLA,0.01353002606506874,0.4108012562204012,-1.3478734954743616,1.5873015873015872,0,Normal Day,0,0,0,0
2019-02-19,306.5599975585937,311.5400085449219,305.4700012207031,305.6400146484375,305.6400146484375,4168400.0,TSLA,-0.007275530072917861,-0.17151034428303896,-1.2398633320207573,7.936507936507936,0,Normal Day,0,0,0,0
2019-02-20,304.4100036621094,306.29998779296875,299.0,302.5599975585937,302.5599975585937,7142100.0,TSLA,-0.010077270456182242,-0.24120891214497361,0.13817155683476853,15.873015873015872,0,Normal Day,0,0,0,0
2019-02-21,301.8099975585937,303.239990234375,290.5,291.2300109863281,291.2300109863281,8909200.0,TSLA,-0.037447073848787316,-0.9919440762032186,0.8683587669135348,65.07936507936508,0,Normal Day,0,0,0,0
2019-02-22,294.489990234375,296.5,292.1000061035156,294.7099914550781,294.7099914550781,5740600.0,TSLA,0.011949250892667681,0.4026476073105179,-0.4044519383011472,3.1746031746031744,0,Normal Day,0,0,0,0
2019-02-25,297.9100036621094,302.8999938964844,297.0,298.7699890136719,298.7699890136719,6626500.0,TSLA,0.013776246738524997,0.44053423563342115,0.11524685073637532,9.523809523809524,0,Normal Day,0,0,0,0
2019-02-26,292.2200012207031,302.010009765625,288.7699890136719,297.8599853515625,297.8599853515625,8582500.0,TSLA,-0.00304583356954146,-0.046916632062292296,0.9588400354479939,68.25396825396825,0,Normal Day,0,0,0,0
2019-02-27,301.7799987792969,316.29998779296875,300.54998779296875,314.739990234375,314.739990234375,11183900.0,TSLA,0.05667093840379104,1.5892175199583736,1.6349226802844516,76.19047619047619,0,Normal Day,0,0,0,0
2019-02-28,318.9200134277344,320.0,310.8099975585937,319.8800048828125,319.8800048828125,10520700.0,TSLA,0.016330986871448794,0.48789700661201213,1.3051369940546595,31.746031746031743,0,Normal Day,0,0,0,0
2019-03-01,306.94000244140625,307.1300048828125,291.8999938964844,294.7900085449219,294.7900085449219,22911400.0,TSLA,-0.07843565072809819,-2.1210611592758335,2.885075745139717,79.36507936507937,1,Normal Day,0,0,0,0
2019-03-04,298.1199951171875,299.0,282.7799987792969,285.3599853515625,285.3599853515625,17096800.0,TSLA,-0.03198895118564499,-0.8130820158939643,1.995260069301154,87.30158730158729,0,Normal Day,0,0,0,0
2019-03-05,282.0,284.0,270.1000061035156,276.5400085449219,276.5400085449219,18764700.0,TSLA,-0.030908246633719317,-0.7757232428449061,1.8972980596360254,74.6031746031746,0,Normal Day,0,0,0,0
2019-03-06,276.4800109863281,281.510009765625,274.3900146484375,276.239990234375,276.239990234375,10335500.0,TSLA,-0.0010849001998860474,0.05607558864487318,0.6100690932073054,20.634920634920633,0,Normal Day,0,0,0,0
2019-03-07,278.8399963378906,284.70001220703125,274.25,276.5899963378906,276.5899963378906,9442500.0,TSLA,0.001267036330325176,0.13103158065944867,0.3889230457821417,47.61904761904761,0,Normal Day,0,0,0,0
2019-03-08,276.9100036621094,285.5899963378906,275.8900146484375,284.1400146484375,284.1400146484375,8819600.0,TSLA,0.02729678734050651,0.837742943398174,0.19688264137555866,41.269841269841265,0,Normal Day,0,0,0,0
2019-03-11,283.5199890136719,291.2799987792969,280.5,290.9200134277344,290.9200134277344,7392300.0,TSLA,0.02386147121054271,0.7340860859654883,-0.18922909500076893,49.2063492063492,0,Normal Day,0,0,0,0
2019-03-12,286.489990234375,288.07000732421875,281.0599975585937,283.3599853515625,283.3599853515625,7504100.0,TSLA,-0.025986620814074088,-0.6291747924016642,-0.18478724924334147,19.047619047619047,0,Normal Day,0,0,0,0
2019-03-13,283.8999938964844,291.989990234375,282.70001220703125,288.9599914550781,288.9599914550781,6844700.0,TSLA,0.019762868411246356,0.6252856597546811,-0.3773456978355043,38.095238095238095,0,Normal Day,0,0,0,0
2019-03-14,292.45001220703125,295.3900146484375,288.2900085449219,289.9599914550781,289.9599914550781,7103400.0,TSLA,0.003460686702558477,0.1787309419331517,-0.32886692020963165,17.46031746031746,0,Normal Day,0,0,0,0
2019-03-15,283.510009765625,283.7200012207031,274.3999938964844,275.42999267578125,275.42999267578125,14785500.0,TSLA,-0.05011035731647801,-1.252250842909743,1.1488336430083612,41.269841269841265,0,Normal Day,0,0,0,0
2019-03-18,276.0,278.04998779296875,267.29998779296875,269.489990234375,269.489990234375,10281000.0,TSLA,-0.021566287620674793,-0.46041299685931436,0.3027993273471946,55.55555555555555,0,Normal Day,0,0,0,0
2019-03-19,267.5,273.29998779296875,263.4599914550781,267.4700012207031,267.4700012207031,11800600.0,TSLA,-0.0074955994169397305,-0.08768999113599811,0.5400824565563732,47.61904761904761,0,Normal Day,0,0,0,0
2019-03-20,269.69000244140625,274.9700012207031,266.29998779296875,273.6000061035156,273.6000061035156,6908200.0,TSLA,0.022918476295793338,0.7168528171227393,-0.9101940704752718,34.92063492063492,0,Normal Day,0,0,0,0
2019-03-21,272.6000061035156,276.45001220703125,268.45001220703125,274.0199890136719,274.0199890136719,5947100.0,TSLA,0.001535025222175437,0.11490489102674123,-1.2573684834386498,31.746031746031743,0,Normal Day,0,0,0,0
2019-03-22,272.5799865722656,272.79998779296875,264.0,264.5299987792969,264.5299987792969,8745600.0,TSLA,-0.03463247432617592,-0.8694378026160529,-0.2437336118451781,42.857142857142854,0,Normal Day,0,0,0,0
2019-03-25,259.7099914550781,263.17999267578125,254.4600067138672,260.4200134277344,260.4200134277344,10215000.0,TSLA,-0.015536934829805636,-0.3664092111854448,0.0960193784920243,44.44444444444444,0,Normal Day,0,0,0,0
2019-03-26,264.44000244140625,270.260009765625,264.42999267578125,267.7699890136719,267.7699890136719,7350900.0,TSLA,0.02822354353336631,0.843426466393698,-0.8354518395105539,11.11111111111111,0,Normal Day,0,0,0,0
2019-03-27,268.75,275.3699951171875,268.17999267578125,274.8299865722656,274.8299865722656,8779200.0,TSLA,0.02636590300727569,0.7701823559914261,-0.342925163238667,26.984126984126984,0,Normal Day,0,0,0,0
2019-03-28,277.1600036621094,280.3299865722656,275.1000061035156,278.6199951171875,278.6199951171875,6774100.0,TSLA,0.013790374886640344,0.48736647963180524,-0.9785811242761424,4.761904761904762,0,Normal Day,0,0,0,0
2019-03-29,278.70001220703125,280.1600036621094,274.5,279.8599853515625,279.8599853515625,5991300.0,TSLA,0.004450471093625066,0.1824070683489315,-1.1950858308432701,11.11111111111111,0,Normal Day,0,0,0,0
2019-04-01,282.6199951171875,289.20001220703125,281.2799987792969,289.17999267578125,289.17999267578125,8110400.0,TSLA,0.03330239338257264,1.1101191955225083,-0.31615891416952574,33.33333333333333,0,Normal Day,0,0,0,0
2019-04-02,288.29998779296875,289.44000244140625,283.8800048828125,285.8800048828125,285.8800048828125,5478900.0,TSLA,-0.011411535640602162,-0.3007367949874658,-1.4505627431374815,7.936507936507936,0,Normal Day,0,0,0,0
2019-04-03,287.32000732421875,296.1700134277344,287.1700134277344,291.8099975585937,291.8099975585937,7929900.0,TSLA,0.02074294310374035,0.6943763128878958,-0.11943545934466825,46.03174603174603,0,Normal Day,0,0,0,0
2019-04-04,261.8900146484375,271.20001220703125,260.5899963378906,267.7799987792969,267.7799987792969,23720700.0,TSLA,-0.08234809972359408,-2.5289241124391957,3.0751978233517465,71.42857142857143,1,Volume Shock,0,0,0,0
2019-04-05,269.8599853515625,276.1000061035156,266.1099853515625,274.9599914550781,274.9599914550781,13038300.0,TSLA,0.026813028263918133,0.9120542286218694,1.1934025310983458,63.49206349206349,0,Normal Day,0,0,0,0
2019-04-08,277.69000244140625,281.1600036621094,270.44000244140625,273.20001220703125,273.20001220703125,10410400.0,TSLA,-0.0064008557708091635,-0.11945534917940138,0.5170433305210904,71.42857142857143,0,Normal Day,0,0,0,0
2019-04-09,271.6499938964844,275.0,269.6099853515625,272.3099975585937,272.3099975585937,5904000.0,TSLA,-0.0032577401488661094,-0.014203525569511797,-1.0527843797446181,11.11111111111111,0,Normal Day,0,0,0,0
2019-04-10,276.739990234375,278.3800048828125,272.8900146484375,276.0599975585937,276.0599975585937,7061300.0,TSLA,0.01377106986016223,0.540850686106162,-0.541574143064261,14.285714285714285,0,Normal Day,0,0,0,0
2019-04-11,268.29998779296875,270.5,265.6000061035156,268.4200134277344,268.4200134277344,9835900.0,TSLA,-0.027675085845198316,-0.7904505351026935,0.3367140017337142,4.761904761904762,0,Normal Day,0,0,0,0
2019-04-12,270.2200012207031,271.95001220703125,266.8299865722656,267.70001220703125,267.70001220703125,6746000.0,TSLA,-0.002682367873798531,0.03150951630165726,-0.7122072772225786,9.523809523809524,0,Normal Day,0,0,0,0
2019-04-15,268.6300048828125,268.8800048828125,258.6300048828125,266.3800048828125,266.3800048828125,10038600.0,TSLA,-0.004930919925389826,-0.059324079813502066,0.4761836753627813,73.01587301587301,0,Normal Day,0,0,0,0
2019-04-16,265.75,275.0,264.7200012207031,273.3599853515625,273.3599853515625,7272900.0,TSLA,0.026203094604719583,0.9735661060091289,-0.4285959493918103,69.84126984126983,0,Normal Day,0,0,0,0
2019-04-17,274.75,274.7900085449219,268.5400085449219,271.2300109863281,271.2300109863281,5126500.0,TSLA,-0.0077918293802037636,-0.14568471929273186,-1.3198103049518708,25.396825396825395,0,Normal Day,0,0,0,0
2019-04-18,271.2300109863281,274.8399963378906,269.75,273.260009765625,273.260009765625,5876300.0,TSLA,0.007484418010804863,0.35815490834923724,-0.8871865953846243,6.349206349206349,0,Normal Day,0,0,0,0
2019-04-22,269.0,269.67999267578125,262.4800109863281,262.75,262.75,12147100.0,TSLA,-0.03846157282450305,-1.4105130375251445,1.0778281396954004,41.269841269841265,0,Normal Day,0,0,0,0
2019-04-23,260.1499938964844,265.6000061035156,255.75,263.8999938964844,263.8999938964844,10943900.0,TSLA,0.004376760785858706,0.2321593676971801,0.742599087140216,71.42857142857143,0,Normal Day,0,0,0,0
2019-04-24,263.8500061035156,265.32000732421875,258.0,258.6600036621094,258.6600036621094,10727500.0,TSLA,-0.019855969517113378,-0.7225548612214451,0.677667175772422,44.44444444444444,0,Normal Day,0,0,0,0
2019-04-25,255.0,259.0,246.07000732421875,247.6300048828125,247.6300048828125,21849400.0,TSLA,-0.042642846296814765,-1.5505079766522885,2.1792246546091945,96.82539682539682,1,Normal Day,0,0,0,0
2019-04-26,246.5,246.67999267578125,231.1300048828125,235.13999938964844,235.13999938964844,22360700.0,TSLA,-0.05043817488544971,-1.7700556455974092,1.9125113521492245,100.0,1,Range Shock,0,0,0,0
2019-04-29,235.8600006103516,243.97999572753903,232.1699981689453,241.47000122070312,241.47000122070312,16714500.0,TSLA,0.026920140543869344,1.109045223193277,1.159851524060175,88.88888888888889,0,Normal Day,0,0,0,0
2019-04-30,242.05999755859372,244.2100067138672,237.0,238.69000244140625,238.69000244140625,9464600.0,TSLA,-0.011512812213704184,-0.3119474099422292,-0.09129259772864014,49.2063492063492,0,Normal Day,0,0,0,0
2019-05-01,238.8500061035156,240.0,231.5,234.00999450683597,234.00999450683597,10704400.0,TSLA,-0.019607054701501942,-0.5887702814832897,0.14812215225986453,63.49206349206349,0,Normal Day,0,0,0,0
2019-05-02,245.5200042724609,247.1300048828125,237.72000122070312,244.1000061035156,244.1000061035156,18159300.0,TSLA,0.043117866046464434,1.7118805535418407,1.1876793259830973,77.77777777777777,0,Normal Day,0,0,0,0
2019-05-03,243.8600006103516,256.6099853515625,243.4900054931641,255.02999877929688,255.02999877929688,23706800.0,TSLA,0.04477669972341661,1.7214188682755032,1.5660924869707502,93.65079365079364,0,Normal Day,0,0,0,0
2019-05-06,250.0200042724609,258.3500061035156,248.5,255.33999633789065,255.33999633789065,10833900.0,TSLA,0.0012155337022216376,0.1466646840094124,0.017821820720527758,79.36507936507937,0,Normal Day,0,0,0,0
2019-05-07,256.79998779296875,257.2099914550781,245.1000061035156,247.05999755859372,247.05999755859372,10131400.0,TSLA,-0.032427347450651775,-1.0367536685736087,-0.10516242984338833,88.88888888888889,0,Normal Day,0,0,0,0
2019-05-08,246.94000244140625,250.6000061035156,244.1999969482422,244.83999633789065,244.83999633789065,6176400.0,TSLA,-0.008985676526514835,-0.19062081921573334,-1.1178531936651936,34.92063492063492,0,Normal Day,0,0,0,0
2019-05-09,242.0,243.67999267578125,236.94000244140625,241.97999572753903,241.97999572753903,6711400.0,TSLA,-0.011681100527401922,-0.30124677747135314,-0.9660665984373519,42.857142857142854,0,Normal Day,0,0,0,0
2019-05-10,239.75,241.9900054931641,236.0200042724609,239.5200042724609,239.5200042724609,7008300.0,TSLA,-0.010166094299166734,-0.24321711081184422,-0.8696378644871711,31.746031746031743,0,Normal Day,0,0,0,0
2019-05-13,232.00999450683597,232.47000122070312,224.5,227.00999450683597,227.00999450683597,10834800.0,TSLA,-0.05222949875783422,-1.7045390714203603,0.07593973732736371,61.9047619047619,0,Normal Day,0,0,0,0
2019-05-14,229.3000030517578,234.5,228.0,232.30999755859372,232.30999755859372,7252400.0,TSLA,0.02334700312764492,0.9822354957707056,-0.8182074602082751,42.857142857142854,0,Normal Day,0,0,0,0
2019-05-15,229.32000732421875,232.44000244140625,225.25,231.9499969482422,231.9499969482422,7296000.0,TSLA,-0.0015496561238641225,0.09096949796095292,-0.7598023304664666,50.79365079365079,0,Normal Day,0,0,0,0
2019-05-16,229.4900054931641,231.0,226.5,228.3300018310547,228.3300018310547,7483300.0,TSLA,-0.015606790967086209,-0.4084348354332538,-0.7092110577116614,12.698412698412698,0,Normal Day,0,0,0,0
2019-05-17,221.9600067138672,222.2400054931641,208.9199981689453,211.02999877929688,211.02999877929688,17786700.0,TSLA,-0.07576754221093723,-2.3866716048887264,1.0866241328015624,98.4126984126984,1,Range Shock,0,0,0,0
2019-05-20,202.8000030517578,206.0,195.25,205.3600006103516,205.3600006103516,20526200.0,TSLA,-0.026868209267608356,-0.7112178137405143,1.288075279790049,95.23809523809523,1,Normal Day,0,0,0,0
2019-05-21,197.75999450683597,207.3999938964844,196.0399932861328,205.0800018310547,205.0800018310547,18003900.0,TSLA,-0.0013634533427382036,0.14735121240471769,0.9252243263934542,95.23809523809523,1,Normal Day,0,0,0,0
2019-05-22,199.1000061035156,203.94000244140625,191.77999877929688,192.72999572753903,192.72999572753903,18685200.0,TSLA,-0.06022043101837698,-1.800271406801426,0.9301924573075504,96.82539682539682,1,Normal Day,0,0,0,0
2019-05-23,194.33999633789065,199.47000122070312,186.22000122070312,195.4900054931641,195.4900054931641,26547100.0,TSLA,0.014320603055099228,0.6764879344643939,1.5060224882393511,100.0,1,Range Shock,0,0,0,0
2019-05-24,199.8300018310547,199.97999572753903,188.75,190.6300048828125,190.6300048828125,14136600.0,TSLA,-0.024860609104241576,-0.605227821445721,0.2655192036502383,93.65079365079364,0,Normal Day,0,0,0,0
2019-05-28,191.1999969482422,195.0,187.8500061035156,188.6999969482422,188.6999969482422,10312900.0,TSLA,-0.010124365971436457,-0.11162634632309593,-0.3361498240249357,66.66666666666666,0,Normal Day,0,0,0,0
2019-05-29,187.1000061035156,192.38999938964844,185.0399932861328,189.8600006103516,189.8600006103516,11968600.0,TSLA,0.006147343300845821,0.4726684512335936,0.02642400872157956,73.01587301587301,0,Normal Day,0,0,0,0
2019-05-30,188.75,192.25999450683597,187.0200042724609,188.22000122070312,188.22000122070312,7926500.0,TSLA,-0.008637940505510824,-0.023328760282283607,-0.8616254182855559,31.746031746031743,0,Normal Day,0,0,0,0
2019-05-31,185.1000061035156,189.9199981689453,184.1000061035156,185.16000366210935,185.16000366210935,10406700.0,TSLA,-0.01625755785117483,-0.3382410843900882,-0.2597553832435844,44.44444444444444,0,Normal Day,0,0,0,0
2019-06-03,185.50999450683597,186.67999267578125,176.99000549316406,178.97000122070312,178.97000122070312,13064400.0,TSLA,-0.033430559078525914,-0.9625877512371488,0.28092393845916913,90.47619047619047,0,Normal Day,0,0,0,0
2019-06-04,181.1000061035156,193.97999572753903,179.61000061035156,193.6000061035156,193.6000061035156,13807500.0,TSLA,0.0817455706712041,2.95077723340927,0.49565739146640125,100.0,1,Range Shock,0,0,0,0
2019-06-05,198.67999267578125,201.27999877929688,191.8500061035156,196.58999633789065,196.58999633789065,13510800.0,TSLA,0.015444163946856205,0.6894572848502555,0.4162658233822799,79.36507936507937,0,Normal Day,0,0,0,0
2019-06-06,204.44000244140625,211.0,201.8000030517578,205.9499969482422,205.9499969482422,20242200.0,TSLA,0.04761178485533901,1.7101698638555547,1.2533124403718159,77.77777777777777,0,Normal Day,0,0,0,0
2019-06-07,205.0,210.83999633789065,203.5,204.5,204.5,16003500.0,TSLA,-0.007040529107687192,-0.07593939653563125,0.6399412729105506,53.96825396825397,0,Normal Day,0,0,0,0
2019-06-10,210.25,216.94000244140625,209.00999450683597,212.8800048828125,212.8800048828125,10585000.0,TSLA,0.04097801898685819,1.4968166295994874,-0.4345848654191116,60.317460317460316,0,Normal Day,0,0,0,0
2019-06-11,219.13999938964844,220.8999938964844,213.5,217.1000061035156,217.1000061035156,11653500.0,TSLA,0.019823379950719887,0.7757827903041821,-0.266428290068634,50.79365079365079,0,Normal Day,0,0,0,0
2019-06-12,222.9499969482422,223.3800048828125,209.0,209.25999450683597,209.25999450683597,15186200.0,TSLA,-0.03611244300445312,-1.0310274603037966,0.40791980801769134,98.4126984126984,1,Range Shock,0,0,0,0
2019-06-13,210.3800048828125,214.8999938964844,207.50999450683597,213.91000366210935,213.91000366210935,8168300.0,TSLA,0.022221204613103805,0.8658077179129914,-1.3208699480913133,49.2063492063492,0,Normal Day,0,0,0,0
2019-06-14,211.25,216.6499938964844,210.3999938964844,214.9199981689453,214.9199981689453,7433400.0,TSLA,0.004721586132228513,0.272070478296814,-1.5919259958943197,33.33333333333333,0,Normal Day,0,0,0,0
2019-06-17,215.47999572753903,227.0,214.2700042724609,225.02999877929688,225.02999877929688,12316800.0,TSLA,0.047040762592991676,1.609444933157328,-0.26671185590761565,88.88888888888889,0,Normal Day,0,0,0,0
2019-06-18,228.72000122070312,234.7400054931641,222.55999755859372,224.7400054931641,224.7400054931641,12715800.0,TSLA,-0.0012886872315064151,0.03267400990038151,-0.1260714132747403,85.71428571428571,0,Normal Day,0,0,0,0
2019-06-19,225.1100006103516,227.7700042724609,221.05999755859372,226.42999267578125,226.42999267578125,6575100.0,TSLA,0.007519743442689216,0.32902408683674944,-1.8660829975439595,36.507936507936506,0,Normal Day,0,0,0,0
2019-06-20,223.0,226.8999938964844,216.3500061035156,219.6199951171875,219.6199951171875,11863500.0,TSLA,-0.03007551021893462,-0.8791326676218174,-0.109223605717412,74.6031746031746,0,Normal Day,0,0,0,0
2019-06-21,216.22000122070312,222.17999267578125,215.5,221.8600006103516,221.8600006103516,8202100.0,TSLA,0.010199460627293256,0.41029122591918116,-1.0990107461937915,36.507936507936506,0,Normal Day,0,0,0,0
2019-06-24,223.2400054931641,225.8600006103516,221.0200042724609,223.63999938964844,223.63999938964844,5750800.0,TSLA,0.008023072092310249,0.3269696352184584,-2.06077463735358,15.873015873015872,0,Normal Day,0,0,0,0
2019-06-25,224.38999938964844,225.33999633789065,219.4900054931641,219.75999450683597,219.75999450683597,6182100.0,TSLA,-0.017349333274019246,-0.483916481089146,-1.6123431769936138,23.809523809523807,0,Normal Day,0,0,0,0
2019-06-26,220.30999755859372,227.22999572753903,218.1000061035156,219.2700042724609,219.2700042724609,8507200.0,TSLA,-0.002229660750923503,0.029913483886098578,-0.6202846554540375,69.84126984126983,0,Normal Day,0,0,0,0
2019-06-27,219.4499969482422,222.8999938964844,217.3500061035156,222.83999633789065,222.83999633789065,6339700.0,TSLA,0.016281260527517195,0.6431951221293727,-1.3417328387156557,17.46031746031746,0,Normal Day,0,0,0,0
2019-06-28,220.9900054931641,225.1699981689453,220.8000030517578,223.4600067138672,223.4600067138672,6851400.0,TSLA,0.002782311910633928,0.19590750527886236,-1.0815768360132818,7.936507936507936,0,Normal Day,0,0,0,0
2019-07-01,230.2100067138672,233.1000061035156,226.27999877929688,227.1699981689453,227.1699981689453,8238000.0,TSLA,0.016602485203666178,0.6693045642648537,-0.5328715891135816,34.92063492063492,0,Normal Day,0,0,0,0
2019-07-02,228.88999938964844,229.1499938964844,222.22000122070312,224.5500030517578,224.5500030517578,9259000.0,TSLA,-0.011533191611152021,-0.27292930103310326,-0.1664942945798666,39.682539682539684,0,Normal Day,0,0,0,0
2019-07-03,239.38999938964844,241.57000732421875,234.50999450683597,234.8999938964844,234.8999938964844,14201100.0,TSLA,0.04609214297067261,1.616604382828781,1.0260260778001435,34.92063492063492,0,Normal Day,0,0,0,0
2019-07-05,234.57000732421875,235.4499969482422,230.8000030517578,233.1000061035156,233.1000061035156,7065700.0,TSLA,-0.007662783481220627,-0.20502678613182734,-0.8408134646399288,12.698412698412698,0,Normal Day,0,0,0,0
2019-07-08,231.2400054931641,232.25,228.66000366210935,230.33999633789065,230.33999633789065,5880500.0,TSLA,-0.011840453424953028,-0.33201456453858313,-1.2978005662201526,1.5873015873015872,0,Normal Day,0,0,0,0
2019-07-09,228.97000122070312,231.0,227.27999877929688,230.05999755859372,230.05999755859372,6190800.0,TSLA,-0.001215589058559312,0.03914006726275552,-1.0626804636162588,3.1746031746031744,0,Normal Day,0,0,0,0
2019-07-10,234.1499938964844,238.94000244140625,233.13999938964844,238.9199981689453,238.9199981689453,9145700.0,TSLA,0.03851169566362812,1.3919665777711336,0.22558551657738643,19.047619047619047,0,Normal Day,0,0,0,0
2019-07-11,238.13999938964844,241.5,235.8000030517578,238.6000061035156,238.6000061035156,7514400.0,TSLA,-0.0013393272554917855,0.019611640794561524,-0.35764411557505205,17.46031746031746,0,Normal Day,0,0,0,0
2019-07-12,239.75,245.3800048828125,239.7100067138672,245.0800018310547,245.0800018310547,9200500.0,TSLA,0.027158405539720615,0.9777980186440955,0.44929968791986635,15.873015873015872,0,Normal Day,0,0,0,0
2019-07-15,248.0,254.4199981689453,244.8600006103516,253.5,253.5,11000100.0,TSLA,0.0343561208831295,1.1929216957321171,1.0363117860903983,60.317460317460316,0,Normal Day,0,0,0,0
2019-07-16,249.3000030517578,253.52999877929688,247.92999267578125,252.3800048828125,252.3800048828125,8149000.0,TSLA,-0.004418126695019724,-0.13644743735921744,-0.07412758915338562,12.698412698412698,0,Normal Day,0,0,0,0
2019-07-17,255.6699981689453,258.3099975585937,253.3500061035156,254.8600006103516,254.8600006103516,9764700.0,TSLA,0.009826435056495962,0.3628502179297637,0.6582319919111871,6.349206349206349,0,Normal Day,0,0,0,0
2019-07-18,255.0500030517578,255.75,251.88999938964844,253.5399932861328,253.5399932861328,4764500.0,TSLA,-0.005179342859050295,-0.15599935357051056,-1.8713334790319174,1.5873015873015872,0,Normal Day,0,0,0,0
2019-07-19,255.69000244140625,259.9599914550781,254.6199951171875,258.17999267578125,258.17999267578125,7048400.0,TSLA,0.01830085790217704,0.6460711258158945,-0.41852910670058346,12.698412698412698,0,Normal Day,0,0,0,0
2019-07-22,258.75,262.1499938964844,254.19000244140625,255.67999267578125,255.67999267578125,6842400.0,TSLA,-0.009683167057563072,-0.33650747100167155,-0.45900167522861834,47.61904761904761,0,Normal Day,0,0,0,0
2019-07-23,256.7099914550781,260.4800109863281,254.5,260.1700134277344,260.1700134277344,5023100.0,TSLA,0.01756109543403641,0.6039966884879979,-1.5100802514767304,17.46031746031746,0,Normal Day,0,0,0,0
2019-07-24,259.1700134277344,266.07000732421875,258.1600036621094,264.8800048828125,264.8800048828125,11072800.0,TSLA,0.018103513902405922,0.6025134221135313,1.3269705267385703,38.095238095238095,0,Normal Day,0,0,0,0
2019-07-25,233.5,234.5,225.5500030517578,228.82000732421875,228.82000732421875,22418300.0,TSLA,-0.1361371069686718,-4.09102490815008,2.8548954343926143,69.84126984126983,1,Crash,1,1,1,1
2019-07-26,226.9199981689453,230.25999450683597,222.25,228.0399932861328,228.0399932861328,10027700.0,TSLA,-0.003408854178475412,-0.10635344088583641,0.5391737490018998,57.14285714285714,0,Normal Day,0,0,0,0
2019-07-29,227.08999633789065,235.94000244140625,226.02999877929688,235.7700042724609,235.7700042724609,9273300.0,TSLA,0.033897611006455684,1.0351138156456088,0.27068290114715593,74.6031746031746,0,Normal Day,0,0,0,0
2019-07-30,232.8999938964844,243.3600006103516,232.17999267578125,242.25999450683597,242.25999450683597,8109000.0,TSLA,0.027526785073452704,0.8170099714953986,-0.1375400494365073,76.19047619047619,0,Normal Day,0,0,0,0
2019-07-31,243.0,246.67999267578125,236.6499938964844,241.6100006103516,241.6100006103516,9178200.0,TSLA,-0.002683042645186033,-0.11423810040615878,0.20511463407881492,69.84126984126983,0,Normal Day,0,0,0,0
2019-08-01,242.6499938964844,244.50999450683597,231.7700042724609,233.8500061035156,233.8500061035156,8259500.0,TSLA,-0.032117853098931386,-0.9851288650164813,-0.08361154088164158,87.30158730158729,0,Normal Day,0,0,0,0
2019-08-02,231.3500061035156,236.2700042724609,229.22999572753903,234.33999633789065,234.33999633789065,6136500.0,TSLA,0.0020953184587823304,0.09146073266845951,-0.8614494032711825,41.269841269841265,0,Normal Day,0,0,0,0
2019-08-05,229.6000061035156,231.3699951171875,225.77999877929688,228.32000732421875,228.32000732421875,7028300.0,TSLA,-0.02568912310210925,-0.761433795900738,-0.45195735120190494,23.809523809523807,0,Normal Day,0,0,0,0
2019-08-06,231.8800048828125,232.5,225.75,230.75,230.75,5564200.0,TSLA,0.01064292483282297,0.3517539799854265,-1.1370802230984447,38.095238095238095,0,Normal Day,0,0,0,0
2019-08-07,226.5,233.57000732421875,225.8000030517578,233.4199981689453,233.4199981689453,4776500.0,TSLA,0.011570956311789003,0.3704264151856868,-1.4887808400509948,53.96825396825397,0,Normal Day,0,0,0,0
2019-08-08,234.4499969482422,239.8000030517578,232.6499938964844,238.3000030517578,238.3000030517578,5274300.0,TSLA,0.020906541517837034,0.6453914338450144,-1.098340582563626,39.682539682539684,0,Normal Day,0,0,0,0
2019-08-09,236.0500030517578,238.9600067138672,233.80999755859372,235.00999450683597,235.00999450683597,3898200.0,TSLA,-0.013806162412038534,-0.4383254806971492,-1.7038809253432063,15.873015873015872,0,Normal Day,0,0,0,0
2019-08-12,232.9900054931641,235.7700042724609,228.75,229.00999450683597,229.00999450683597,4663900.0,TSLA,-0.025530829072146002,-0.8319446579081019,-1.1306387122807082,47.61904761904761,0,Normal Day,0,0,0,0
2019-08-13,228.80999755859372,236.0,227.5500030517578,235.0,235.0,4848100.0,TSLA,0.026156087667978316,0.8088102196025023,-0.9405876752969135,61.9047619047619,0,Normal Day,0,0,0,0
2019-08-14,231.2100067138672,231.5,216.69000244140625,219.6199951171875,219.6199951171875,9562600.0,TSLA,-0.06544682928856382,-1.9989527206947368,0.7242740644167623,95.23809523809523,1,Normal Day,0,0,0,0
2019-08-15,220.8600006103516,221.55999755859372,211.5500030517578,215.63999938964844,215.63999938964844,8159600.0,TSLA,-0.018122192040917622,-0.5446262449848882,0.3589325667020308,76.19047619047619,0,Normal Day,0,0,0,0
2019-08-16,216.66000366210935,222.2400054931641,216.0200042724609,219.94000244140625,219.94000244140625,5098500.0,TSLA,0.01994065601896041,0.6017476204585939,-0.8288570124753011,30.158730158730158,0,Normal Day,0,0,0,0
2019-08-19,224.2100067138672,227.8300018310547,221.6999969482422,226.8300018310547,226.8300018310547,5309600.0,TSLA,0.031326722347763854,0.936230898579073,-0.6843546324925303,28.57142857142857,0,Normal Day,0,0,0,0
2019-08-20,227.6199951171875,229.08999633789065,224.5399932861328,225.8600006103516,225.8600006103516,4125200.0,TSLA,-0.004276335638464454,-0.20169610943555366,-1.2029556905769352,11.11111111111111,0,Normal Day,0,0,0,0
2019-08-21,222.00999450683597,223.22000122070312,217.6000061035156,220.8300018310547,220.8300018310547,7794300.0,TSLA,-0.02227042754672856,-0.8194146483564749,0.2694723144808241,28.57142857142857,0,Normal Day,0,0,0,0
2019-08-22,222.8000030517578,225.3999938964844,218.22000122070312,222.1499938964844,222.1499938964844,6559000.0,TSLA,0.005977412735972225,0.11465301160642524,-0.09034398241596674,57.14285714285714,0,Normal Day,0,0,0,0
2019-08-23,219.97000122070312,221.1699981689453,211.0,211.3999938964844,211.3999938964844,8538600.0,TSLA,-0.04839072831579368,-1.6381109618991976,0.9159964250137085,88.88888888888889,0,Normal Day,0,0,0,0
2019-08-26,213.6000061035156,215.0200042724609,211.5399932861328,215.0,215.0,5051900.0,TSLA,0.017029357651156797,0.46915016437580925,-0.7642453586684333,6.349206349206349,0,Normal Day,0,0,0,0
2019-08-27,215.7400054931641,218.8000030517578,212.02999877929688,214.0800018310547,214.0800018310547,5416200.0,TSLA,-0.00427906125090843,-0.21607416914055583,-0.45142138798792497,58.73015873015873,0,Normal Day,0,0,0,0
2019-08-28,213.69000244140625,217.25,212.30999755859372,215.58999633789065,215.58999633789065,3225500.0,TSLA,0.00705341224738781,0.1431887395467772,-2.000195043736817,20.634920634920633,0,Normal Day,0,0,0,0
2019-08-29,219.0,223.3999938964844,218.0,221.7100067138672,221.7100067138672,5179500.0,TSLA,0.028387265086199744,0.8102149040528982,-0.344174783677199,28.57142857142857,0,Normal Day,0,0,0,0
2019-08-30,229.1499938964844,232.44000244140625,224.2100067138672,225.6100006103516,225.6100006103516,9320600.0,TSLA,0.01759051814705697,0.43910451075099366,1.6686042148113023,71.42857142857143,0,Normal Day,0,0,0,0
2019-09-03,224.0800018310547,228.9499969482422,223.16000366210935,225.00999450683597,225.00999450683597,5354100.0,TSLA,-0.0026594836305678157,-0.18920854394525244,-0.21687510015187242,34.92063492063492,0,Normal Day,0,0,0,0
2019-09-04,226.88999938964844,228.4600067138672,219.2100067138672,220.67999267578125,220.67999267578125,5761000.0,TSLA,-0.0192435977812673,-0.740954145444488,0.06876468817713033,82.53968253968253,0,Normal Day,0,0,0,0
2019-09-05,222.5,229.8000030517578,220.8500061035156,229.5800018310547,229.5800018310547,7395300.0,TSLA,0.04032993225783344,1.3228705703919226,0.8748275695329681,77.77777777777777,0,Normal Day,0,0,0,0
2019-09-06,227.1999969482422,229.63999938964844,225.1699981689453,227.4499969482422,227.4499969482422,4189400.0,TSLA,-0.009277832850528273,-0.39458834232112566,-1.0276156482469638,11.11111111111111,0,Normal Day,0,0,0,0
2019-09-09,230.0,233.75999450683597,229.22999572753903,231.7899932861328,231.7899932861328,4802700.0,TSLA,0.019081100884244993,0.6068883051734903,-0.5505746780596493,9.523809523809524,0,Normal Day,0,0,0,0
2019-09-10,230.8000030517578,235.5399932861328,228.94000244140625,235.5399932861328,235.5399932861328,4883700.0,TSLA,0.016178437847275046,0.5077653025170616,-0.5492505031406949,42.857142857142854,0,Normal Day,0,0,0,0
2019-09-11,237.3800048828125,248.1699981689453,236.0,247.1000061035156,247.1000061035156,10042800.0,TSLA,0.04907876856114086,1.6038487502361658,1.694147470307158,93.65079365079364,0,Normal Day,0,0,0,0
2019-09-12,247.6999969482422,253.5,244.3999938964844,245.8699951171875,245.8699951171875,8581200.0,TSLA,-0.004977786143043712,-0.26599518022224095,1.0774222699517402,74.6031746031746,0,Normal Day,0,0,0,0
2019-09-13,246.9600067138672,248.4499969482422,244.8699951171875,245.1999969482422,245.1999969482422,5313100.0,TSLA,-0.0027250098924269934,-0.18306007644739447,-0.3681317811479404,1.5873015873015872,0,Normal Day,0,0,0,0
2019-09-16,246.0,247.42999267578125,241.1699981689453,242.80999755859372,242.80999755859372,4728100.0,TSLA,-0.00974714281971609,-0.4045805141036721,-0.6823257754337442,41.269841269841265,0,Normal Day,0,0,0,0
2019-09-17,242.47000122070312,245.6000061035156,240.3699951171875,244.7899932861328,244.7899932861328,3865400.0,TSLA,0.008154506599594557,0.22767374216930167,-1.2697593904824185,20.634920634920633,0,Normal Day,0,0,0,0
2019-09-18,245.0,248.1699981689453,242.3699951171875,243.4900054931641,243.4900054931641,4170200.0,TSLA,-0.005310624733949715,-0.2445151024422445,-0.9619854909956128,31.746031746031743,0,Normal Day,0,0,0,0
2019-09-19,246.0,247.94000244140625,244.83999633789065,246.6000061035156,246.6000061035156,4795800.0,TSLA,0.012772600682531169,0.3786122232959929,-0.549917139981315,1.5873015873015872,0,Normal Day,0,0,0,0
2019-09-20,246.4900054931641,246.9499969482422,238.16000366210935,240.6199951171875,240.6199951171875,6353000.0,TSLA,-0.024249841193506944,-0.9262643584005222,0.40374588457186655,77.77777777777777,0,Normal Day,0,0,0,0
2019-09-23,240.0,245.17999267578125,239.22000122070312,241.22999572753903,241.22999572753903,4340200.0,TSLA,0.0025351202008563325,0.033286942152464936,-0.7896862517714994,39.682539682539684,0,Normal Day,0,0,0,0
2019-09-24,241.5200042724609,241.9900054931641,222.6100006103516,223.2100067138672,223.2100067138672,12891500.0,TSLA,-0.07470044908521577,-2.554723128058226,2.410086165388424,100.0,1,Range Shock,0,0,0,0
2019-09-25,224.55999755859372,228.97999572753903,218.3600006103516,228.6999969482422,228.6999969482422,9427100.0,TSLA,0.024595627746262363,0.7914884673405554,1.348297004796095,92.06349206349206,0,Normal Day,0,0,0,0
2019-09-26,230.66000366210935,243.30999755859372,227.3999938964844,242.55999755859372,242.55999755859372,11884500.0,TSLA,0.060603414059022635,1.9247430033274688,1.7331008755605948,96.82539682539682,1,Normal Day,0,0,0,0
2019-09-27,242.1999969482422,248.7100067138672,238.72999572753903,242.1300048828125,242.1300048828125,11116400.0,TSLA,-0.00177272707828648,-0.11533673381687268,1.4327897092991784,80.95238095238095,0,Normal Day,0,0,0,0
2019-09-30,243.0,243.97999572753903,236.1100006103516,240.8699951171875,240.8699951171875,5879800.0,TSLA,-0.005203856359044914,-0.21667943186467245,-0.22861478319616546,65.07936507936508,0,Normal Day,0,0,0,0
2019-10-01,241.5,245.9499969482422,239.1300048828125,244.69000244140625,244.69000244140625,6162600.0,TSLA,0.01585920787834221,0.45964297269661486,-0.056784938611534795,46.03174603174603,0,Normal Day,0,0,0,0
2019-10-02,243.2899932861328,244.6499938964844,239.42999267578125,243.1300048828125,243.1300048828125,5631400.0,TSLA,-0.0063754037477167,-0.2461452176360085,-0.30411396200644336,22.22222222222222,0,Normal Day,0,0,0,0
2019-10-03,231.8600006103516,234.47999572753903,224.27999877929688,233.02999877929688,233.02999877929688,15084500.0,TSLA,-0.04154158639688993,-1.3798293217643842,1.9706753148678051,85.71428571428571,0,Normal Day,0,0,0,0
2019-10-04,231.6100006103516,234.77999877929688,228.07000732421875,231.42999267578125,231.42999267578125,7995000.0,TSLA,-0.006866094974454313,-0.24369606918035286,0.4449967697537996,49.2063492063492,0,Normal Day,0,0,0,0
2019-10-07,229.8000030517578,238.55999755859372,228.5500030517578,237.72000122070312,237.72000122070312,8064200.0,TSLA,0.027178882357455622,0.8555144126572903,0.4024559692898658,84.12698412698413,0,Normal Day,0,0,0,0
2019-10-08,235.8699951171875,243.94000244140625,234.5,240.0500030517578,240.0500030517578,8678200.0,TSLA,0.00980145473283704,0.3061288272459016,0.5197391870505347,76.19047619047619,0,Normal Day,0,0,0,0
2019-10-09,241.32000732421875,247.3000030517578,240.6499938964844,244.52999877929688,244.52999877929688,6894400.0,TSLA,0.018662760552321755,0.586952740570521,-0.0933006644997166,39.682539682539684,0,Normal Day,0,0,0,0
2019-10-10,245.27999877929688,249.27999877929688,241.5800018310547,244.7400054931641,244.7400054931641,6283300.0,TSLA,0.0008588177929725493,0.013825531681911453,-0.27671347739486685,55.55555555555555,0,Normal Day,0,0,0,0
2019-10-11,247.1499938964844,251.0800018310547,246.80999755859372,247.88999938964844,247.88999938964844,8475400.0,TSLA,0.012870776439417584,0.4274434517696293,0.4968945358873727,7.936507936507936,0,Normal Day,0,0,0,0
2019-10-14,247.8999938964844,258.54998779296875,247.1300048828125,256.9599914550781,256.9599914550781,10205000.0,TSLA,0.036588777634280145,1.1858885170931475,0.8889353337785891,85.71428571428571,0,Normal Day,0,0,0,0
2019-10-15,257.70001220703125,260.0,254.1199951171875,257.8900146484375,257.8900146484375,6432800.0,TSLA,0.0036193307296321347,0.09821145113971166,-0.33976220762919146,20.634920634920633,0,Normal Day,0,0,0,0
2019-10-16,257.3900146484375,262.1000061035156,256.9200134277344,259.75,259.75,6684100.0,TSLA,0.007212320159421764,0.2106613792843056,-0.3322743211014699,11.11111111111111,0,Normal Day,0,0,0,0
2019-10-17,262.5,264.7799987792969,260.1700134277344,261.9700012207031,261.9700012207031,4769300.0,TSLA,0.008546684199049567,0.26053954718928723,-1.3505371049989132,7.936507936507936,0,Normal Day,0,0,0,0
2019-10-18,260.70001220703125,262.79998779296875,255.1000061035156,256.95001220703125,256.95001220703125,5749800.0,TSLA,-0.019162457496202632,-0.652310531599396,-0.8525752756923927,49.2063492063492,0,Normal Day,0,0,0,0
2019-10-21,258.3299865722656,259.5,250.17999267578125,253.5,253.5,5020300.0,TSLA,-0.013426783588752999,-0.44661133573054707,-1.191347621382932,68.25396825396825,0,Normal Day,0,0,0,0
2019-10-22,254.32000732421875,258.3299865722656,250.8500061035156,255.5800018310547,255.5800018310547,4600800.0,TSLA,0.008205135428223619,0.27594368317222767,-1.4745166695822172,46.03174603174603,0,Normal Day,0,0,0,0
2019-10-23,254.5,256.1400146484375,251.3500061035156,254.67999267578125,254.67999267578125,5261100.0,TSLA,-0.003521438096977431,-0.2247021001074269,-0.9925622766985819,9.523809523809524,0,Normal Day,0,0,0,0
2019-10-24,298.3699951171875,304.92999267578125,289.20001220703125,299.67999267578125,299.67999267578125,29720900.0,TSLA,0.1766923248552428,5.210857088978112,3.057204757062186,93.65079365079364,1,Spike + Volume Shock,1,1,1,1
2019-10-25,297.7200012207031,330.0,296.1099853515625,328.1300048828125,328.1300048828125,30006100.0,TSLA,0.09493463995713201,2.5682975562885924,2.5051867255251157,100.0,1,Range Shock,0,1,1,0
2019-10-28,327.5400085449219,340.8399963378906,322.6000061035156,327.7099914550781,327.7099914550781,18870300.0,TSLA,-0.0012800213984831333,-0.19226531607578695,1.498153162601972,93.65079365079364,0,Normal Day,0,0,0,0
2019-10-29,319.989990234375,324.29998779296875,314.75,316.2200012207031,316.2200012207031,12684300.0,TSLA,-0.035061458405213214,-1.1420347692008554,0.7151770293425351,53.96825396825397,0,Normal Day,0,0,0,0
2019-10-30,313.0,318.7900085449219,309.9700012207031,315.010009765625,315.010009765625,9641800.0,TSLA,-0.0038264229030649504,-0.26355715620290904,0.18740926322549223,41.269841269841265,0,Normal Day,0,0,0,0
2019-10-31,313.1000061035156,319.0,313.0,314.9200134277344,314.9200134277344,5067000.0,TSLA,-0.00028569358147566303,-0.160263552262695,-0.9567048468405416,11.11111111111111,0,Normal Day,0,0,0,0
2019-11-01,316.32000732421875,316.4800109863281,309.79998779296875,313.3099975585937,313.3099975585937,6383900.0,TSLA,-0.00511245967385981,-0.3107560300847251,-0.47969249923458784,19.047619047619047,0,Normal Day,0,0,0,0
2019-11-04,314.79998779296875,321.94000244140625,309.260009765625,317.4700012207031,317.4700012207031,8787000.0,TSLA,0.013277596292890234,0.22169789910687052,0.09589309020861118,76.19047619047619,0,Normal Day,0,0,0,0
2019-11-05,319.6199951171875,323.510009765625,316.1199951171875,317.2200012207031,317.2200012207031,6943400.0,TSLA,-0.0007874759789546276,-0.18071101682707363,-0.32049913066718766,28.57142857142857,0,Normal Day,0,0,0,0
2019-11-06,318.0,326.7200012207031,314.5,326.5799865722656,326.5799865722656,7940900.0,TSLA,0.029506290005498013,0.6927042266053007,-0.06817702238481543,71.42857142857143,0,Normal Day,0,0,0,0
2019-11-07,329.1400146484375,341.5,328.0199890136719,335.5400085449219,335.5400085449219,14467300.0,TSLA,0.027435918736782652,0.6135086988632094,0.9407741832297049,76.19047619047619,0,Normal Day,0,0,0,0
2019-11-08,334.5,337.4599914550781,332.5,337.1400146484375,337.1400146484375,6069200.0,TSLA,0.004768451042408009,-0.05665022541646321,-0.6054226198997701,4.761904761904762,0,Normal Day,0,0,0,0
2019-11-11,343.95001220703125,349.19000244140625,342.0,345.0899963378906,345.0899963378906,9986700.0,TSLA,0.02358065297512429,0.49295399310811444,0.26735578579550257,20.634920634920633,0,Normal Day,0,0,0,0
2019-11-12,346.8999938964844,350.3699951171875,344.0400085449219,349.92999267578125,349.92999267578125,7359400.0,TSLA,0.014025316263157053,0.18435682257590136,-0.24798174942161036,11.11111111111111,0,Normal Day,0,0,0,0
2019-11-13,355.0,356.3299865722656,345.17999267578125,346.1099853515625,346.1099853515625,8420100.0,TSLA,-0.010916490167100596,-0.5752899204083259,-0.03138118460629443,61.9047619047619,0,Normal Day,0,0,0,0
2019-11-14,346.1099853515625,353.8399963378906,342.9100036621094,349.3500061035156,349.3500061035156,6464900.0,TSLA,0.009361246104073137,0.04498530563263834,-0.5010071391113214,57.14285714285714,0,Normal Day,0,0,0,0
2019-11-15,350.6400146484375,352.79998779296875,348.3599853515625,352.1700134277344,352.1700134277344,4809000.0,TSLA,0.008072154787319957,0.017119463023726897,-1.03163919798546,3.1746031746031744,0,Normal Day,0,0,0,0
2019-11-18,352.9200134277344,353.1499938964844,346.1000061035156,349.989990234375,349.989990234375,4400400.0,TSLA,-0.006190257859097131,-0.4167228899999127,-1.1423391887140626,22.22222222222222,0,Normal Day,0,0,0,0
2019-11-19,351.75,359.989990234375,347.79998779296875,359.5199890136719,359.5199890136719,7724800.0,TSLA,0.02722934668192938,0.5803855546745789,-0.19725346773175279,65.07936507936508,0,Normal Day,0,0,0,0
2019-11-20,360.0,361.2000122070313,349.57000732421875,352.2200012207031,352.2200012207031,6725100.0,TSLA,-0.020304817579116986,-0.8565057292106959,-0.4909514143286177,63.49206349206349,0,Normal Day,0,0,0,0
2019-11-21,354.510009765625,360.8399963378906,354.0,354.8299865722656,354.8299865722656,6110000.0,TSLA,0.007410099774336971,-0.0412978949600852,-0.6881711317298562,17.46031746031746,0,Normal Day,0,0,0,0
2019-11-22,340.1600036621094,341.0,330.0,333.0400085449219,333.0400085449219,16870600.0,TSLA,-0.061409629546362886,-2.072373308844001,1.3853080674807583,65.07936507936508,0,Normal Day,0,0,0,0
2019-11-25,344.32000732421875,344.57000732421875,334.4599914550781,336.3399963378906,336.3399963378906,12339500.0,TSLA,0.009908682765733335,0.06605464092228489,0.9979157217064027,53.96825396825397,0,Normal Day,0,0,0,0
2019-11-26,335.2699890136719,335.5,327.1000061035156,328.9200134277344,328.9200134277344,7947400.0,TSLA,-0.022060959121561204,-0.877002028351245,0.009462085680650163,38.095238095238095,0,Normal Day,0,0,0,0
2019-11-27,331.1199951171875,333.92999267578125,328.57000732421875,331.2900085449219,331.2900085449219,5555600.0,TSLA,0.007205384350101888,0.008673663603565727,-0.910066305248522,7.936507936507936,0,Normal Day,0,0,0,0
2019-11-29,331.1099853515625,331.260009765625,327.5,329.94000244140625,329.94000244140625,2465600.0,TSLA,-0.004074997943478782,-0.3196016781542106,-2.530052219092637,1.5873015873015872,0,Normal Day,1,0,1,0
2019-12-02,329.3999938964844,336.3800048828125,328.69000244140625,334.8699951171875,334.8699951171875,6074500.0,TSLA,0.014942088377588477,0.24287448628887875,-0.40956629487926505,34.92063492063492,0,Normal Day,0,0,0,0
2019-12-03,332.6199951171875,337.9100036621094,332.19000244140625,336.20001220703125,336.20001220703125,6573700.0,TSLA,0.003971741598939945,-0.0980145399601486,-0.2225989905097755,11.11111111111111,0,Normal Day,0,0,0,0
2019-12-04,337.75,337.8599853515625,332.8500061035156,333.0299987792969,333.0299987792969,5533000.0,TSLA,-0.009428950959651624,-0.48153674463408985,-0.5838319188337582,9.523809523809524,0,Normal Day,0,0,0,0
2019-12-05,332.8299865722656,334.4200134277344,327.25,330.3699951171875,330.3699951171875,3724600.0,TSLA,-0.007987279439868697,-0.43851269002963594,-1.3890990590496117,34.92063492063492,0,Normal Day,0,0,0,0
2019-12-06,335.0,338.8599853515625,334.7699890136719,335.8900146484375,335.8900146484375,7612400.0,TSLA,0.01670859827718907,0.31280558155324145,0.24733466660531372,3.1746031746031744,0,Normal Day,0,0,0,0
2019-12-09,336.5899963378906,344.45001220703125,335.0799865722656,339.5299987792969,339.5299987792969,9023100.0,TSLA,0.010836833404140338,0.13705373773187177,0.7366901269074271,49.2063492063492,0,Normal Day,0,0,0,0
2019-12-10,339.9599914550781,350.7300109863281,339.3099975585937,348.8399963378906,348.8399963378906,8828300.0,TSLA,0.027420250322698247,0.6585154551946528,0.6336451566237887,68.25396825396825,0,Normal Day,0,0,0,0
2019-12-11,351.8800048828125,357.19000244140625,351.0899963378906,352.70001220703125,352.70001220703125,6897800.0,TSLA,0.011065290418710379,0.14836416863663937,0.07924377163288708,17.46031746031746,0,Normal Day,0,0,0,0
2019-12-12,354.9200134277344,362.739990234375,353.2300109863281,359.67999267578125,359.67999267578125,7763900.0,TSLA,0.019790133901818024,0.405319003889853,0.36604437966574865,47.61904761904761,0,Normal Day,0,0,0,0
2019-12-13,361.0499877929688,365.2099914550781,354.6400146484375,358.3900146484375,358.3900146484375,6570900.0,TSLA,-0.0035864603358868163,-0.31624843655123347,-0.018494424575153108,57.14285714285714,0,Normal Day,0,0,0,0
2019-12-16,362.5499877929688,383.6099853515625,362.5,381.5,381.5,18174200.0,TSLA,0.06448278246321185,1.7077572033897912,2.104811417120849,93.65079365079364,0,Normal Day,0,0,0,0
2019-12-17,378.989990234375,385.5,375.8999938964844,378.989990234375,378.989990234375,8496800.0,TSLA,-0.006579317865334207,-0.42456536893027014,0.38488429148249653,41.269841269841265,0,Normal Day,0,0,0,0
2019-12-18,380.6300048828125,395.2200012207031,380.5799865722656,393.1499938964844,393.1499938964844,14121000.0,TSLA,0.037362474015085585,0.8769668346121372,1.3622775923845247,76.19047619047619,0,Normal Day,0,0,0,0
2019-12-19,397.3200073242188,406.8500061035156,396.5,404.0400085449219,404.0400085449219,18107100.0,TSLA,0.02769938908177834,0.5669853652875133,1.6761471260099252,42.857142857142854,0,Normal Day,0,0,0,0
2019-12-20,410.2900085449219,413.0,400.1900024414063,405.5899963378906,405.5899963378906,14752700.0,TSLA,0.0038362235426901287,-0.14892578706792173,1.1500831860652312,63.49206349206349,0,Normal Day,0,0,0,0
2019-12-23,411.7799987792969,422.010009765625,410.0,419.2200012207031,419.2200012207031,13319600.0,TSLA,0.03360537736600771,0.7272876206762383,0.8689380092615178,50.79365079365079,0,Normal Day,0,0,0,0
2019-12-24,418.3599853515625,425.4700012207031,412.6900024414063,425.25,425.25,8054700.0,TSLA,0.014383852778346598,0.1269358352630142,-0.03128214883510893,58.73015873015873,0,Normal Day,0,0,0,0
2019-12-26,427.9100036621094,433.4800109863281,426.3500061035156,430.9400024414063,430.9400024414063,10633900.0,TSLA,0.013380370232583908,0.1214367894786223,0.5487405687404647,11.11111111111111,0,Normal Day,0,0,0,0
2019-12-27,435.0,435.30999755859375,426.1099853515625,430.3800048828125,430.3800048828125,9945700.0,TSLA,-0.0012994791744123317,-0.3518560274545831,0.38914295281298267,31.746031746031743,0,Normal Day,0,0,0,0
2019-12-30,428.7900085449219,429.0,409.260009765625,414.7000122070313,414.7000122070313,12586400.0,TSLA,-0.03643290231396943,-1.4454169624017645,0.7880977330956908,93.65079365079364,0,Normal Day,0,0,0,0
2019-12-31,405.0,421.2900085449219,402.0799865722656,418.3299865722656,418.3299865722656,10285700.0,TSLA,0.00875325357700284,-0.008170716675650896,0.29375288660088356,92.06349206349206,0,Normal Day,0,0,0,0
2019-01-02,259.2799987792969,269.75,256.5799865722656,267.6600036621094,267.6600036621094,11679500.0,NFLX,0.0,0.13226178476280395,-0.12154600472876137,50.79365079365079,0,Normal Day,0,0,0,0
2019-01-03,270.20001220703125,275.7900085449219,264.42999267578125,271.20001220703125,271.20001220703125,14969600.0,NFLX,0.013225765883911207,0.47644082971143903,0.9483445647548563,20.634920634920633,0,Normal Day,0,0,0,0
2019-01-04,281.8800048828125,297.79998779296875,278.5400085449219,297.57000732421875,297.57000732421875,19330100.0,NFLX,0.09723449089322651,2.542544065873356,1.8606188382982827,74.6031746031746,1,Normal Day,0,0,0,0
2019-01-07,302.1000061035156,316.79998779296875,301.6499938964844,315.3399963378906,315.3399963378906,18620100.0,NFLX,0.059717002978430224,1.5308644509027176,1.5302178262626795,41.269841269841265,0,Normal Day,0,0,0,0
2019-01-08,319.9800109863281,320.5899963378906,308.010009765625,320.2699890136719,320.2699890136719,15359200.0,NFLX,0.015633895899772585,0.4100129018828887,0.746282224312326,17.46031746031746,0,Normal Day,0,0,0,0
2019-01-09,317.7099914550781,323.3500061035156,313.5,319.9599914550781,319.9599914550781,13343200.0,NFLX,-0.0009679257165132529,-0.009166020722829519,0.19786899771509836,4.761904761904762,0,Normal Day,0,0,0,0
2019-01-10,314.57000732421875,325.3699951171875,312.5,324.6600036621094,324.6600036621094,13472500.0,NFLX,0.014689374711060162,0.386169439652107,0.17838799729387111,19.047619047619047,0,Normal Day,0,0,0,0
2019-01-11,330.9599914550781,341.0899963378906,328.5199890136719,337.5899963378906,337.5899963378906,19500400.0,NFLX,0.039826256791514636,0.9972607433363837,1.4563714086744461,12.698412698412698,0,Normal Day,0,0,0,0
2019-01-14,334.239990234375,335.4800109863281,329.1300048828125,332.94000244140625,332.94000244140625,10499600.0,NFLX,-0.013774086752944658,-0.3903619006623111,-0.8729518600936882,1.5873015873015872,0,Normal Day,0,0,0,0
2019-01-15,349.6000061035156,357.2200012207031,347.0,354.6400146484375,354.6400146484375,21181200.0,NFLX,0.06517694493875127,1.6418992470167322,1.6168088747743283,6.349206349206349,0,Normal Day,1,1,1,1
2019-01-16,354.0,358.8500061035156,348.1099853515625,351.3900146484375,351.3900146484375,15385500.0,NFLX,-0.009164222495371249,-0.27728868855751765,0.33591213794865565,7.936507936507936,0,Normal Day,0,0,0,0
2019-01-17,349.5,355.7900085449219,346.4100036621094,353.19000244140625,353.19000244140625,18871200.0,NFLX,0.005122478493788793,0.10633799358433911,1.0534170697197658,3.1746031746031744,0,Normal Day,1,0,1,0
2019-01-18,351.9700012207031,353.0,336.7300109863281,339.1000061035156,339.1000061035156,26621000.0,NFLX,-0.03989353107532577,-1.0324521826005515,2.108352093862737,46.03174603174603,0,Normal Day,0,0,0,0
2019-01-22,334.8900146484375,336.8800048828125,321.0299987792969,325.1600036621094,325.1600036621094,17941400.0,NFLX,-0.0411088239177172,-1.0720411045481726,0.5623185361477574,53.96825396825397,0,Normal Day,0,0,0,0
2019-01-23,328.25,331.75,318.6000061035156,321.989990234375,321.989990234375,13480100.0,NFLX,-0.009749087809177479,-0.2631522150596216,-0.475665315271077,26.984126984126984,0,Normal Day,0,0,0,0
2019-01-24,320.6000061035156,331.79998779296875,319.0,326.6700134277344,326.6700134277344,11131600.0,NFLX,0.014534685348301692,0.3701578861548701,-1.0910758946736485,20.634920634920633,0,Normal Day,0,0,0,0
2019-01-25,328.7200012207031,340.0,328.510009765625,338.04998779296875,338.04998779296875,11152900.0,NFLX,0.03483629931570637,0.8925493619455985,-1.1608141484573742,14.285714285714285,0,Normal Day,0,0,0,0
2019-01-28,334.70001220703125,336.29998779296875,328.8800048828125,335.6600036621094,335.6600036621094,8652100.0,NFLX,-0.007069913377198723,-0.2608060517815597,-1.8732819128252411,3.1746031746031744,0,Normal Day,0,0,0,0
2019-01-29,335.8699951171875,338.2200012207031,328.1499938964844,328.8999938964844,328.8999938964844,7655200.0,NFLX,-0.0201394556750048,-0.6015473086438021,-2.0041790705207494,12.698412698412698,0,Normal Day,0,0,0,0
2019-01-30,332.75,341.7799987792969,330.79998779296875,340.6600036621094,340.6600036621094,9234500.0,NFLX,0.03575557915433182,0.928337842204514,-1.3323087226443453,15.873015873015872,0,Normal Day,0,0,0,0
2019-01-31,339.67999267578125,345.989990234375,338.0899963378906,339.5,339.5,8535500.0,NFLX,-0.003405165413137107,-0.19389750698465558,-1.4277398717708505,4.761904761904762,0,Normal Day,0,0,0,0
2019-02-01,337.17999267578125,346.8399963378906,336.5,339.8500061035156,339.8500061035156,9827800.0,NFLX,0.0010309458130062592,-0.06618777937500223,-0.9684572759216868,12.698412698412698,0,Normal Day,0,0,0,0
2019-02-04,342.6000061035156,352.0,341.29998779296875,351.3399963378906,351.3399963378906,9051400.0,NFLX,0.03380900405479245,0.8902702089230616,-1.1026749522105548,14.285714285714285,0,Normal Day,0,0,0,0
2019-02-05,353.20001220703125,360.0,352.8999938964844,355.8099975585937,355.8099975585937,9046600.0,NFLX,0.012722722341023137,0.3035777878897852,-1.0040223385178293,3.1746031746031744,0,Normal Day,0,0,0,0
2019-02-06,357.0,357.0400085449219,347.19000244140625,352.19000244140625,352.19000244140625,6717700.0,NFLX,-0.010173955599972464,-0.3776795097392706,-1.6283778871773726,12.698412698412698,0,Normal Day,0,0,0,0
2019-02-07,347.8999938964844,348.75,339.0199890136719,344.7099914550781,344.7099914550781,7864500.0,NFLX,-0.021238567064584896,-0.6833571645516212,-1.0933818931882244,14.285714285714285,0,Normal Day,0,0,0,0
2019-02-08,338.0,348.0,338.0,347.57000732421875,347.57000732421875,7561400.0,NFLX,0.008296875460638732,0.1758663928293214,-1.092282637532887,15.873015873015872,0,Normal Day,0,0,0,0
2019-02-11,350.0,352.8699951171875,344.8099975585937,345.7300109863281,345.7300109863281,5454900.0,NFLX,-0.005293886984253643,-0.20113762828163,-1.6814770321622332,7.936507936507936,0,Normal Day,0,0,0,0
2019-02-12,348.0899963378906,360.0,346.5199890136719,359.9700012207031,359.9700012207031,10429400.0,NFLX,0.04118818089800749,1.1573759770460712,-0.08406269168567515,36.507936507936506,0,Normal Day,0,0,0,0
2019-02-13,357.29998779296875,359.6000061035156,350.2799987792969,351.7699890136719,351.7699890136719,10559100.0,NFLX,-0.022779709918115364,-0.7773095345473935,-0.054089573149487806,9.523809523809524,0,Normal Day,0,0,0,0
2019-02-14,351.75,360.4500122070313,348.3299865722656,359.07000732421875,359.07000732421875,9295300.0,NFLX,0.020752248737919348,0.5200317746708599,-0.2947871176895114,33.33333333333333,0,Normal Day,0,0,0,0
2019-02-15,358.4700012207031,364.3999938964844,355.5,356.8699951171875,356.8699951171875,9230000.0,NFLX,-0.006126972908223912,-0.29589414971820954,-0.25565656379611107,9.523809523809524,0,Normal Day,0,0,0,0
2019-02-19,355.79998779296875,365.0,355.32000732421875,361.9200134277344,361.9200134277344,7396600.0,NFLX,0.014150862722119776,0.3043934043173049,-0.7943359427000184,14.285714285714285,0,Normal Day,0,0,0,0
2019-02-20,364.8500061035156,366.7099914550781,356.70001220703125,359.9100036621094,359.9100036621094,8110700.0,NFLX,-0.005553740304627681,-0.2912222701986113,-0.4841774989635497,19.047619047619047,0,Normal Day,0,0,0,0
2019-02-21,360.0299987792969,362.8500061035156,353.8800048828125,356.9700012207031,356.9700012207031,6227900.0,NFLX,-0.008168715544140257,-0.3742719905430572,-1.5877756377864256,11.11111111111111,0,Normal Day,0,0,0,0
2019-02-22,360.3399963378906,366.1300048828125,360.04998779296875,363.0199890136719,363.0199890136719,7088200.0,NFLX,0.016948168676023386,0.3710872701895555,-0.9207960880197665,1.5873015873015872,0,Normal Day,0,0,0,0
2019-02-25,367.010009765625,371.489990234375,363.7900085449219,363.9100036621094,363.9100036621094,7569300.0,NFLX,0.0024516959819641795,-0.09360042580130862,-0.5034767459352668,6.349206349206349,0,Normal Day,0,0,0,0
2019-02-26,362.9800109863281,365.7000122070313,359.3299865722656,364.9700012207031,364.9700012207031,4944600.0,NFLX,0.002912801373764812,-0.09000924238483368,-2.396549196325885,3.1746031746031744,0,Normal Day,1,0,1,0
2019-02-27,363.5,368.0299987792969,359.79998779296875,362.8699951171875,362.8699951171875,5629900.0,NFLX,-0.005753914284713274,-0.36899818666177314,-1.5433784020532375,11.11111111111111,0,Normal Day,0,0,0,0
2019-02-28,362.4700012207031,366.3900146484375,357.7099914550781,358.1000061035156,358.1000061035156,6186800.0,NFLX,-0.013145173417084058,-0.5905212250208506,-1.0219506967295744,15.873015873015872,0,Normal Day,0,0,0,0
2019-03-01,362.260009765625,362.8699951171875,354.69000244140625,357.32000732421875,357.32000732421875,5526500.0,NFLX,-0.0021781590784765346,-0.23220121964113807,-1.378383482142022,12.698412698412698,0,Normal Day,0,0,0,0
2019-03-04,359.7200012207031,362.25,348.0400085449219,351.0400085449219,351.0400085449219,7487000.0,NFLX,-0.017575278883274623,-0.6964511339001169,-0.006705055534175557,61.9047619047619,0,Normal Day,0,0,0,0
2019-03-05,351.4599914550781,356.1700134277344,348.25,354.29998779296875,354.29998779296875,5937800.0,NFLX,0.009286631633697964,0.1811399892751148,-0.9487561294335403,11.11111111111111,0,Normal Day,0,0,0,0
2019-03-06,353.6000061035156,359.8800048828125,351.70001220703125,359.6099853515625,359.6099853515625,6211900.0,NFLX,0.01498729252482105,0.35412274413790945,-0.6716013589102267,14.285714285714285,0,Normal Day,0,0,0,0
2019-03-07,360.1600036621094,362.8599853515625,350.5,352.6000061035156,352.6000061035156,6151300.0,NFLX,-0.01949328309444402,-0.7465424264652596,-0.6444358092113516,52.38095238095238,0,Normal Day,0,0,0,0
2019-03-08,345.75,349.9200134277344,342.4700012207031,349.6000061035156,349.6000061035156,6898800.0,NFLX,-0.008508224469852294,-0.4234570530400234,-0.11383930612721777,9.523809523809524,0,Normal Day,0,0,0,0
2019-03-11,352.0,358.9800109863281,350.0299987792969,358.8599853515625,358.8599853515625,5387300.0,NFLX,0.026487354366078072,0.740008014436718,-1.1532799596705254,25.396825396825395,0,Normal Day,0,0,0,0
2019-03-12,359.3699951171875,360.1300048828125,353.79998779296875,356.2699890136719,356.2699890136719,5164600.0,NFLX,-0.007217289315088437,-0.426549225121288,-1.217424714339068,4.761904761904762,0,Normal Day,0,0,0,0
2019-03-13,355.8099975585937,362.4800109863281,352.7699890136719,361.2099914550781,361.2099914550781,6444100.0,NFLX,0.01386589551110542,0.3054034021595485,-0.2884366715350024,34.92063492063492,0,Normal Day,0,0,0,0
2019-03-14,360.5,363.8399963378906,358.1000061035156,358.82000732421875,358.82000732421875,5271400.0,NFLX,-0.006616605817662177,-0.41075504483324515,-1.1176388451273613,1.5873015873015872,0,Normal Day,0,0,0,0
2019-03-15,361.0199890136719,364.0,358.8900146484375,361.4599914550781,361.4599914550781,8444500.0,NFLX,0.00735740504144733,0.09153782536014765,1.3251133690106252,1.5873015873015872,0,Normal Day,1,0,1,0
2019-03-18,362.4700012207031,370.9700012207031,361.8599853515625,363.4400024414063,363.4400024414063,7194700.0,NFLX,0.0054778150642828625,0.024859785389699688,0.5879982186014296,31.746031746031743,0,Normal Day,0,0,0,0
2019-03-19,366.3999938964844,366.9599914550781,356.79998779296875,358.7799987792969,358.7799987792969,7541400.0,NFLX,-0.012821933828983827,-0.6357393697420893,1.00862909219607,46.03174603174603,0,Normal Day,0,0,0,0
2019-03-20,358.9100036621094,375.8999938964844,357.010009765625,375.2200012207031,375.2200012207031,10917200.0,NFLX,0.04582195913189492,1.394175661454843,2.643157147937669,88.88888888888889,1,Normal Day,0,0,0,0
2019-03-21,374.0,379.0,370.6099853515625,377.8699951171875,377.8699951171875,8544000.0,NFLX,0.007062507030177364,0.04872296853987708,1.3363108615756292,17.46031746031746,0,Normal Day,1,0,1,0
2019-03-22,375.9500122070313,376.4299926757813,360.0400085449219,361.010009765625,361.010009765625,8661300.0,NFLX,-0.0446184814074316,-1.722971933166853,1.2708686340070634,80.95238095238095,0,Normal Day,0,0,0,0
2019-03-25,359.0,367.0400085449219,357.44000244140625,366.2300109863281,366.2300109863281,8473800.0,NFLX,0.014459436246911978,0.30101143372042877,1.0890572068785926,36.507936507936506,0,Normal Day,0,0,0,0
2019-03-26,367.8699951171875,368.3800048828125,358.0199890136719,359.9700012207031,359.9700012207031,7666500.0,NFLX,-0.017093109733868028,-0.8446789258357302,0.6095648166306158,52.38095238095238,0,Normal Day,0,0,0,0
2019-03-27,361.0,362.4700012207031,350.3699951171875,353.3699951171875,353.3699951171875,7852400.0,NFLX,-0.018334878131883718,-0.9342142388538734,0.6497969373294674,68.25396825396825,0,Normal Day,0,0,0,0
2019-03-28,354.489990234375,355.94000244140625,349.20001220703125,354.6099853515625,354.6099853515625,4361000.0,NFLX,0.0035090422263038606,-0.08459934087825531,-2.020576908383792,9.523809523809524,0,Normal Day,0,0,0,0
2019-03-29,357.1600036621094,358.25,353.7099914550781,356.5599975585937,356.5599975585937,4705600.0,NFLX,0.005499033551178597,-0.0041941882135893204,-1.5225040260193572,1.5873015873015872,0,Normal Day,0,0,0,0
2019-04-01,359.0,368.3299865722656,358.510009765625,366.9599914550781,366.9599914550781,7036100.0,NFLX,0.02916758460762384,0.913902306557818,0.14975869298855174,46.03174603174603,0,Normal Day,0,0,0,0
2019-04-02,366.25,368.4200134277344,362.2200012207031,367.7200012207031,367.7200012207031,5158700.0,NFLX,0.0020710970768540514,-0.1321826160034532,-1.0925400232545839,7.936507936507936,0,Normal Day,0,0,0,0
2019-04-03,369.260009765625,373.4100036621094,366.1900024414063,369.75,369.75,5368900.0,NFLX,0.005520501393881164,0.0033059472877736973,-0.8900721460568943,15.873015873015872,0,Normal Day,0,0,0,0
2019-04-04,370.0700073242188,372.0499877929688,362.3999938964844,367.8800048828125,367.8800048828125,4627300.0,NFLX,-0.005057458058654496,-0.4112336167528053,-1.3798319963918484,44.44444444444444,0,Normal Day,0,0,0,0
2019-04-05,369.0,369.7999877929688,364.6600036621094,365.489990234375,365.489990234375,3905500.0,NFLX,-0.006496723433497928,-0.4570507107002178,-1.7952401121573929,3.1746031746031744,0,Normal Day,0,0,0,0
2019-04-08,365.1099853515625,365.9400024414063,359.92999267578125,361.4100036621094,361.4100036621094,4653800.0,NFLX,-0.011163059676817093,-0.6531144536645119,-1.0620707001567924,7.936507936507936,0,Normal Day,0,0,0,0
2019-04-09,360.5400085449219,366.739990234375,359.0,364.7099914550781,364.7099914550781,5439200.0,NFLX,0.009130870090840057,0.3315944554521796,-0.5157184739634888,23.809523809523807,0,Normal Day,0,0,0,0
2019-04-10,365.7900085449219,368.8500061035156,362.25,363.9200134277344,363.9200134277344,4545600.0,NFLX,-0.0021660443800620493,-0.21371876778824853,-1.103644477955778,15.873015873015872,0,Normal Day,0,0,0,0
2019-04-11,365.0,370.1199951171875,360.80999755859375,367.6499938964844,367.6499938964844,6526900.0,NFLX,0.010249451338544434,0.39061496695624737,0.1422823918941451,49.2063492063492,0,Normal Day,0,0,0,0
2019-04-12,360.6900024414063,361.75,349.3599853515625,351.1400146484375,351.1400146484375,15646200.0,NFLX,-0.04490678504592993,-2.1872637922178684,2.476184827448891,87.30158730158729,0,Normal Day,0,0,0,0
2019-04-15,350.7099914550781,352.2099914550781,342.2699890136719,348.8699951171875,348.8699951171875,8842300.0,NFLX,-0.006464713323893749,-0.35582126852663154,0.8296593889082873,66.66666666666666,0,Normal Day,0,0,0,0
2019-04-16,355.0,364.4800109863281,352.7200012207031,359.4599914550781,359.4599914550781,18740200.0,NFLX,0.030355136544010848,1.5326585692805448,2.3841815610171895,79.36507936507937,0,Normal Day,0,0,0,0
2019-04-17,365.0499877929688,368.760009765625,350.6000061035156,354.739990234375,354.739990234375,18054100.0,NFLX,-0.01313081103016992,-0.6879286412823624,1.9630398452959321,100.0,1,Range Shock,0,0,0,0
2019-04-18,355.0,360.4100036621094,351.6400146484375,360.3500061035156,360.3500061035156,8353200.0,NFLX,0.015814444448267913,0.7781483541400014,0.3475363762024232,41.269841269841265,0,Normal Day,0,0,0,0
2019-04-22,359.70001220703125,377.6900024414063,359.0,377.3399963378906,377.3399963378906,11980500.0,NFLX,0.04714857762342978,2.280970256634171,1.0689588344022674,96.82539682539682,1,Normal Day,0,0,0,0
2019-04-23,375.4500122070313,384.7999877929688,374.7099914550781,381.8900146484375,381.8900146484375,10089800.0,NFLX,0.012058139488803469,0.4881455949738189,0.6834343310078003,53.96825396825397,0,Normal Day,0,0,0,0
2019-04-24,381.0700073242188,381.8999938964844,373.2699890136719,374.2300109863281,374.2300109863281,6541900.0,NFLX,-0.02005814074285515,-1.1754050410642651,-0.20194452816179806,36.507936507936506,0,Normal Day,0,0,0,0
2019-04-25,374.489990234375,374.760009765625,365.7000122070313,368.3299865722656,368.3299865722656,6255500.0,NFLX,-0.01576577035741275,-0.9238858852165918,-0.2753908712948731,44.44444444444444,0,Normal Day,0,0,0,0
2019-04-26,368.3500061035156,375.1400146484375,366.239990234375,374.8500061035156,374.8500061035156,5621900.0,NFLX,0.01770157133261477,0.8370371884551165,-0.464315354601752,41.269841269841265,0,Normal Day,0,0,0,0
2019-04-29,373.6799926757813,374.5799865722656,369.1199951171875,371.8299865722656,371.8299865722656,3821700.0,NFLX,-0.008056607928708463,-0.5193358224133944,-1.2397655709856676,6.349206349206349,0,Normal Day,0,0,0,0
2019-04-30,369.55999755859375,374.5,368.3500061035156,370.5400085449219,370.5400085449219,3870100.0,NFLX,-0.0034692684127912345,-0.2946652967343462,-1.1712210366602318,9.523809523809524,0,Normal Day,0,0,0,0
2019-05-01,374.0,385.989990234375,373.1700134277344,378.80999755859375,378.80999755859375,9257300.0,NFLX,0.022318747835483127,1.1078240495872798,0.5599080462364586,85.71428571428571,0,Normal Day,0,0,0,0
2019-05-02,378.0,383.5,374.510009765625,379.05999755859375,379.05999755859375,5398200.0,NFLX,0.0006599614625042476,-0.06815427551091278,-0.5265866611906747,41.269841269841265,0,Normal Day,0,0,0,0
2019-05-03,381.5299987792969,385.0299987792969,378.2699890136719,385.0299987792969,385.0299987792969,5130300.0,NFLX,0.015749488891347085,0.7332968076612106,-0.6228535894185535,17.46031746031746,0,Normal Day,0,0,0,0
2019-05-06,377.6900024414063,381.3500061035156,376.0,378.6700134277344,378.6700134277344,5793100.0,NFLX,-0.016518155394972506,-0.9798339183532643,-0.4064948031211402,4.761904761904762,0,Normal Day,0,0,0,0
2019-05-07,377.0,379.9100036621094,365.80999755859375,370.4599914550781,370.4599914550781,6974900.0,NFLX,-0.021681204430049374,-1.221694125399507,-0.08879605558164935,92.06349206349206,0,Normal Day,0,0,0,0
2019-05-08,367.9200134277344,369.0,361.3599853515625,364.3699951171875,364.3699951171875,6572000.0,NFLX,-0.016439012250609245,-0.9276204221499559,-0.2549574563240995,26.984126984126984,0,Normal Day,0,0,0,0
2019-05-09,360.8999938964844,364.2000122070313,352.75,362.75,362.75,5882600.0,NFLX,-0.0044460167930855075,-0.2964548626760486,-0.5051058287399598,79.36507936507937,0,Normal Day,0,0,0,0
2019-05-10,361.6199951171875,365.260009765625,353.0599975585937,361.0400085449219,361.0400085449219,5657100.0,NFLX,-0.004713966795528946,-0.2999882440570814,-0.6252535646803409,82.53968253968253,0,Normal Day,0,0,0,0
2019-05-13,352.2900085449219,354.260009765625,343.1000061035156,345.260009765625,345.260009765625,8026700.0,NFLX,-0.04370706405335538,-2.2966014827229126,0.1289231229912568,77.77777777777777,0,Normal Day,0,0,0,0
2019-05-14,348.7099914550781,349.95001220703125,342.5,345.6099853515625,345.6099853515625,5353000.0,NFLX,0.0010136580433253075,0.08133180420411247,-0.698630432937994,33.33333333333333,0,Normal Day,0,0,0,0
2019-05-15,343.3399963378906,356.5,341.3900146484375,354.989990234375,354.989990234375,6340100.0,NFLX,0.027140433669099406,1.4530378599900724,-0.2629868053730605,93.65079365079364,0,Normal Day,0,0,0,0
2019-05-16,356.3699951171875,364.0,353.94000244140625,359.3099975585937,359.3099975585937,6441500.0,NFLX,0.012169377850250074,0.6538859001766465,-0.12342007350628716,71.42857142857143,0,Normal Day,0,0,0,0
2019-05-17,356.3900146484375,359.6199951171875,353.7900085449219,354.45001220703125,354.45001220703125,4725400.0,NFLX,-0.013525884012648192,-0.7380555107192506,-1.0152270624546318,11.11111111111111,0,Normal Day,0,0,0,0
2019-05-20,351.2300109863281,352.4200134277344,345.3999938964844,348.1099853515625,348.1099853515625,4621500.0,NFLX,-0.017886942127584394,-0.9449560170288862,-0.9935429030348388,28.57142857142857,0,Normal Day,0,0,0,0
2019-05-21,350.95001220703125,356.42999267578125,349.92999267578125,354.2699890136719,354.2699890136719,4026400.0,NFLX,0.01769556726701843,0.9566831205204112,-1.4453306810287765,25.396825396825395,0,Normal Day,0,0,0,0
2019-05-22,358.010009765625,370.4599914550781,357.29998779296875,359.7300109863281,359.7300109863281,6229400.0,NFLX,0.015412036418488552,0.8105119425772788,0.3980660372543999,88.88888888888889,0,Normal Day,0,0,0,0
2019-05-23,355.5,357.4200134277344,347.70001220703125,352.2099914550781,352.2099914550781,5630400.0,NFLX,-0.020904620970130305,-1.1004365863986865,-0.021413928331266173,68.25396825396825,0,Normal Day,0,0,0,0
2019-05-24,355.4100036621094,359.44000244140625,353.7900085449219,354.3900146484375,354.3900146484375,3831000.0,NFLX,0.006189555226281596,0.3436596973902833,-1.5522158682639529,9.523809523809524,0,Normal Day,0,0,0,0
2019-05-28,354.3900146484375,361.2000122070313,353.6499938964844,355.0599975585937,355.0599975585937,4717100.0,NFLX,0.0018905242316740515,0.11504109169498249,-0.6289495403819293,33.33333333333333,0,Normal Day,0,0,0,0
2019-05-29,353.6000061035156,353.8500061035156,345.8999938964844,349.19000244140625,349.19000244140625,5658900.0,NFLX,-0.016532403417872352,-0.8548753949173342,0.05947870322911547,42.857142857142854,0,Normal Day,0,0,0,0
2019-05-30,350.54998779296875,354.2099914550781,348.29998779296875,351.8500061035156,351.8500061035156,4008000.0,NFLX,0.007617639805010515,0.41113513667849405,-1.5077757432437546,17.46031746031746,0,Normal Day,0,0,0,0
2019-05-31,347.2200012207031,349.3399963378906,342.9200134277344,343.2799987792969,343.2799987792969,5023400.0,NFLX,-0.024356990693635006,-1.2558004580380115,-0.41385174270603475,26.984126984126984,0,Normal Day,0,0,0,0
2019-06-03,343.5599975585937,347.6600036621094,332.6499938964844,336.6300048828125,336.6300048828125,7849600.0,NFLX,-0.01937192356132528,-0.990932328872556,1.7026612119366171,93.65079365079364,0,Normal Day,0,0,0,0
2019-06-04,345.0,353.6099853515625,343.25,353.3999938964844,353.3999938964844,7891600.0,NFLX,0.04981727347658696,2.4765848293846746,1.530786249652922,74.6031746031746,0,Normal Day,0,0,0,0
2019-06-05,354.3800048828125,357.8800048828125,348.7099914550781,355.7300109863281,355.7300109863281,5020100.0,NFLX,0.00659314411455888,0.3288021131388009,-0.501965162876481,57.14285714285714,0,Normal Day,0,0,0,0
2019-06-06,354.8399963378906,358.2099914550781,352.0899963378906,357.1300048828125,357.1300048828125,3710000.0,NFLX,0.003935551832139857,0.178528095433456,-1.6524865845718524,20.634920634920633,0,Normal Day,0,0,0,0
2019-06-07,357.3900146484375,365.1499938964844,355.69000244140625,360.8699951171875,360.8699951171875,4777300.0,NFLX,0.010472349517655983,0.49284391685148143,-0.5012729732324147,60.317460317460316,0,Normal Day,0,0,0,0
2019-06-10,363.6499938964844,367.1000061035156,349.2900085449219,352.010009765625,352.010009765625,7810300.0,NFLX,-0.02455173738865528,-1.2338678556534182,1.4955681602197815,98.4126984126984,1,Range Shock,0,0,0,0
2019-06-11,355.0,357.5799865722656,348.5,351.2699890136719,351.2699890136719,5396700.0,NFLX,-0.0021022718997276385,-0.10462844227126561,-0.017336251764572333,55.55555555555555,0,Normal Day,0,0,0,0
2019-06-12,351.82000732421875,353.6099853515625,343.2300109863281,345.5599975585937,345.5599975585937,4584700.0,NFLX,-0.016255278371805175,-0.7948097050406987,-0.6175838098985484,74.6031746031746,0,Normal Day,0,0,0,0
2019-06-13,347.2300109863281,348.5,339.25,343.42999267578125,343.42999267578125,6209300.0,NFLX,-0.006163922033398198,-0.2857976549387411,0.675542596876797,63.49206349206349,0,Normal Day,0,0,0,0
2019-06-14,341.6300048828125,343.3999938964844,336.1600036621094,339.7300109863281,339.7300109863281,5019000.0,NFLX,-0.010773612580035001,-0.5035902704213807,-0.20271927689212332,34.92063492063492,0,Normal Day,0,0,0,0
2019-06-17,342.69000244140625,351.7699890136719,342.0599975585937,350.6199951171875,350.6199951171875,5358200.0,NFLX,0.03205481935270542,1.6021520323680944,0.12652343775299546,65.07936507936508,0,Normal Day,0,0,0,0
2019-06-18,355.57000732421875,361.5,353.75,357.1199951171875,357.1199951171875,5428500.0,NFLX,0.018538589043752364,0.9063485048890818,0.1561321890405606,38.095238095238095,0,Normal Day,0,0,0,0
2019-06-19,361.7200012207031,364.739990234375,356.1199951171875,363.5199890136719,363.5199890136719,5667200.0,NFLX,0.01792113010749858,0.9307913229122157,0.3085401044350622,44.44444444444444,0,Normal Day,0,0,0,0
2019-06-20,365.9100036621094,370.1199951171875,361.2200012207031,365.2099914550781,365.2099914550781,5899500.0,NFLX,0.004648994532574904,0.25544248539108505,0.42415336882656707,49.2063492063492,0,Normal Day,0,0,0,0
2019-06-21,365.0,371.4500122070313,365.0,369.2099914550781,369.2099914550781,7448400.0,NFLX,0.010952602868456876,0.5547563143175981,1.4209077414466291,19.047619047619047,0,Normal Day,0,0,0,0
2019-06-24,370.2699890136719,375.0,370.2000122070313,371.0400085449219,371.0400085449219,4830200.0,NFLX,0.004956575207056412,0.24462741935333193,-0.500017580826825,3.1746031746031744,0,Normal Day,0,0,0,0
2019-06-25,370.75,371.0,358.2900085449219,360.2999877929688,360.2999877929688,5750400.0,NFLX,-0.02894572149798981,-1.5376423878611378,0.20960396303077372,87.30158730158729,0,Normal Day,0,0,0,0
2019-06-26,361.6000061035156,366.7900085449219,361.6000061035156,362.2000122070313,362.2000122070313,3669700.0,NFLX,0.005273451230740171,0.250288883541749,-1.7532497206964648,7.936507936507936,0,Normal Day,0,0,0,0
2019-06-27,363.2000122070313,370.8500061035156,363.2000122070313,370.0199890136719,370.0199890136719,4138600.0,NFLX,0.021590216850050015,1.0918979067832766,-1.1138777519593124,33.33333333333333,0,Normal Day,0,0,0,0
2019-06-28,370.260009765625,371.5400085449219,364.8699951171875,367.3200073242188,367.3200073242188,4592700.0,NFLX,-0.007296853601477477,-0.4180070109225929,-0.7136268318216419,25.396825396825395,0,Normal Day,0,0,0,0
2019-07-01,373.5,376.6600036621094,372.0,374.6000061035156,374.6000061035156,4992600.0,NFLX,0.019819227469608132,1.02649354012354,-0.34146290226420273,1.5873015873015872,0,Normal Day,0,0,0,0
2019-07-02,374.8900146484375,376.0,370.30999755859375,375.4299926757813,375.4299926757813,3625000.0,NFLX,0.0022156608615652995,0.09098060630265725,-1.608274566713561,11.11111111111111,0,Normal Day,0,0,0,0
2019-07-03,376.6900024414063,381.989990234375,375.8399963378906,381.7200012207031,381.7200012207031,3799000.0,NFLX,0.016754145027389502,0.849450173450215,-1.3118201512119325,14.285714285714285,0,Normal Day,0,0,0,0
2019-07-05,378.2900085449219,381.3999938964844,375.55999755859375,380.5499877929688,380.5499877929688,3732200.0,NFLX,-0.0030651090432587498,-0.1997835701557169,-1.2712594398879844,12.698412698412698,0,Normal Day,0,0,0,0
2019-07-08,378.1900024414063,378.25,375.3599853515625,376.1600036621094,376.1600036621094,3113400.0,NFLX,-0.011535893500665993,-0.6420272118094462,-1.9269127146244218,1.5873015873015872,0,Normal Day,0,0,0,0
2019-07-09,379.05999755859375,384.760009765625,377.5,379.9299926757813,379.9299926757813,6932800.0,NFLX,0.01002230161890995,0.47822412637724865,1.3226914933986336,33.33333333333333,0,Normal Day,0,0,0,0
2019-07-10,382.7699890136719,384.3399963378906,362.6799926757813,381.0,381.0,5878800.0,NFLX,0.002816327599415925,0.1029969727822443,0.7693094011555914,100.0,1,Range Shock,0,0,0,0
2019-07-11,381.1000061035156,384.5400085449219,378.7999877929688,379.5,379.5,4336300.0,NFLX,-0.003937007874015748,-0.252709130638631,-0.5116268928541429,11.11111111111111,0,Normal Day,0,0,0,0
2019-07-12,378.6799926757813,379.739990234375,372.7900085449219,373.25,373.25,6636900.0,NFLX,-0.016469038208168644,-0.889057781804025,1.215875994820853,31.746031746031743,0,Normal Day,0,0,0,0
2019-07-15,372.9400024414063,373.6799926757813,362.2999877929688,366.6000061035156,366.6000061035156,7944700.0,NFLX,-0.017816460539810782,-1.023083889327749,1.7922148043302382,77.77777777777777,0,Normal Day,0,0,0,0
2019-07-16,370.0899963378906,371.3399963378906,364.9200134277344,365.989990234375,365.989990234375,5863200.0,NFLX,-0.0016639821576227057,-0.1419969035062043,0.5708901187019423,26.984126984126984,0,Normal Day,0,0,0,0
2019-07-17,366.25,366.5,361.75,362.4400024414063,362.4400024414063,13639500.0,NFLX,-0.009699685476904243,-0.5587770820428875,2.8110107192070983,6.349206349206349,1,Normal Day,1,1,1,1
2019-07-18,323.760009765625,329.8500061035156,320.29998779296875,325.2099914550781,325.2099914550781,31305900.0,NFLX,-0.10272047990162718,-4.609726642571325,3.2964841005111465,77.77777777777777,1,Crash + Volume Shock,1,1,1,1
2019-07-19,323.3999938964844,325.8500061035156,314.2300109863281,315.1000061035156,315.1000061035156,16302500.0,NFLX,-0.031087560706015427,-1.3129401120650988,1.7645754682732484,90.47619047619047,0,Normal Day,0,0,0,0
2019-07-22,312.0,314.5400085449219,305.8099975585937,310.6199951171875,310.6199951171875,17718000.0,NFLX,-0.014217743254680759,-0.5312495022581498,1.679510209313058,74.6031746031746,0,Normal Day,0,0,0,0
2019-07-23,311.44000244140625,313.5,306.0,307.29998779296875,307.29998779296875,9171100.0,NFLX,-0.010688324565088645,-0.35043437236533187,0.5775685972332804,60.317460317460316,0,Normal Day,0,0,0,0
2019-07-24,310.510009765625,319.989990234375,307.25,317.94000244140625,317.94000244140625,11961800.0,NFLX,0.03462419482946999,1.7005004009179352,0.9243723878875575,93.65079365079364,0,Normal Day,0,0,0,0
2019-07-25,318.8599853515625,327.69000244140625,316.29998779296875,326.4599914550781,326.4599914550781,10798500.0,NFLX,0.026797474203460885,1.2953442675693263,0.7040909880204608,85.71428571428571,0,Normal Day,0,0,0,0
2019-07-26,328.7900085449219,336.0,327.5,335.7799987792969,335.7799987792969,10847500.0,NFLX,0.028548696833195903,1.3551187032838778,0.6399172961867865,58.73015873015873,0,Normal Day,0,0,0,0
2019-07-29,335.9800109863281,336.3999938964844,328.7699890136719,332.70001220703125,332.70001220703125,5782800.0,NFLX,-0.009172632626906565,-0.3452251100472547,-0.4062956795619462,50.79365079365079,0,Normal Day,0,0,0,0
2019-07-30,329.20001220703125,329.6499938964844,323.2300109863281,325.92999267578125,325.92999267578125,6029300.0,NFLX,-0.020348720417350568,-0.832342570780454,-0.3637600163041102,36.507936507936506,0,Normal Day,0,0,0,0
2019-07-31,325.1600036621094,331.7699890136719,318.5299987792969,322.989990234375,322.989990234375,6259500.0,NFLX,-0.009020349484469864,-0.3048398409012767,-0.3224312850190783,93.65079365079364,0,Normal Day,0,0,0,0
2019-08-01,324.25,328.5799865722656,318.739990234375,319.5,319.5,6563200.0,NFLX,-0.010805258181043064,-0.37696337969197274,-0.3021043915166074,76.19047619047619,0,Normal Day,0,0,0,0
2019-08-02,317.489990234375,319.4100036621094,311.79998779296875,318.8299865722656,318.8299865722656,6280300.0,NFLX,-0.0020970686314064945,0.029516948995603795,-0.4371369145433868,52.38095238095238,0,Normal Day,0,0,0,0
2019-08-05,310.9599914550781,313.4200134277344,304.67999267578125,307.6300048828125,307.6300048828125,8692500.0,NFLX,-0.03512838240174298,-1.4377683889167525,0.08340485987753594,69.84126984126983,0,Normal Day,0,0,0,0
2019-08-06,310.5799865722656,311.8800048828125,305.29998779296875,310.1000061035156,310.1000061035156,6179100.0,NFLX,0.008029129738641842,0.47680712541100756,-0.6903028426565421,39.682539682539684,0,Normal Day,0,0,0,0
2019-08-07,302.5599975585937,305.0,296.8099975585937,304.2900085449219,304.2900085449219,9322400.0,NFLX,-0.018735883406123807,-0.7247267066935411,0.1404358498314583,61.9047619047619,0,Normal Day,0,0,0,0
2019-08-08,311.0299987792969,316.3599853515625,306.6300048828125,315.8999938964844,315.8999938964844,5905900.0,NFLX,0.038154342980500904,1.7551871954988287,-0.8190136933789381,79.36507936507937,0,Normal Day,0,0,0,0
2019-08-09,313.739990234375,316.6400146484375,305.67999267578125,308.92999267578125,308.92999267578125,5349100.0,NFLX,-0.0220639485766723,-0.8642743337961978,-1.0784077144654085,87.30158730158729,0,Normal Day,0,0,0,0
2019-08-12,305.4599914550781,312.8900146484375,303.239990234375,310.8299865722656,310.8299865722656,6531700.0,NFLX,0.006150240965688295,0.3381043498539208,-0.6442602267982679,82.53968253968253,0,Normal Day,0,0,0,0
2019-08-13,309.7699890136719,316.42999267578125,308.1600036621094,312.2799987792969,312.2799987792969,5289400.0,NFLX,0.004664968856517108,0.26899827714852825,-1.029470616786776,60.317460317460316,0,Normal Day,0,0,0,0
2019-08-14,308.010009765625,308.4100036621094,298.010009765625,299.1099853515625,299.1099853515625,7355800.0,NFLX,-0.0421737334418342,-1.7524055295439096,-0.36432365340859774,84.12698412698413,0,Normal Day,0,0,0,0
2019-08-15,299.5,300.6300048828125,288.0,295.760009765625,295.760009765625,9629200.0,NFLX,-0.011199811942085672,-0.370240287797916,0.25060429386868993,95.23809523809523,1,Normal Day,0,0,0,0
2019-08-16,298.8599853515625,303.54998779296875,296.2699890136719,302.79998779296875,302.79998779296875,6905800.0,NFLX,0.023803008503152878,1.1412648938374912,-0.41392385140947247,49.2063492063492,0,Normal Day,0,0,0,0
2019-08-19,306.25,311.75,304.75,309.3800048828125,309.3800048828125,4942200.0,NFLX,0.021730572506966736,1.0180761518117973,-1.2982702374465787,41.269841269841265,0,Normal Day,0,0,0,0
2019-08-20,304.57000732421875,305.0,297.67999267578125,298.989990234375,298.989990234375,7349900.0,NFLX,-0.03358334244119315,-1.3469569382159374,0.05957406871384812,52.38095238095238,0,Normal Day,0,0,0,0
2019-08-21,301.6099853515625,302.8800048828125,296.20001220703125,297.8099975585937,297.8099975585937,5685400.0,NFLX,-0.003946595920673877,-0.05293856860557349,-0.8402890512238165,39.682539682539684,0,Normal Day,0,0,0,0
2019-08-22,298.6499938964844,300.3299865722656,293.1499938964844,296.92999267578125,296.92999267578125,4974200.0,NFLX,-0.002954920553462291,-0.022355464282473116,-1.286716669787637,50.79365079365079,0,Normal Day,0,0,0,0
2019-08-23,295.0,299.010009765625,290.32000732421875,291.44000244140625,291.44000244140625,6324900.0,NFLX,-0.018489173777636998,-0.6816274904126532,-0.20600781010436212,74.6031746031746,0,Normal Day,0,0,0,0
2019-08-26,295.239990234375,296.95001220703125,292.5,294.9800109863281,294.9800109863281,4695700.0,NFLX,0.012146611704869137,0.6432499363575491,-1.5346047925062885,9.523809523809524,0,Normal Day,0,0,0,0
2019-08-27,294.5400085449219,296.7699890136719,287.20001220703125,291.0299987792969,291.0299987792969,6309400.0,NFLX,-0.013390779238984865,-0.46801463852397535,-0.05795873837388889,82.53968253968253,0,Normal Day,0,0,0,0
2019-08-28,289.4700012207031,292.82000732421875,287.75,291.7699890136719,291.7699890136719,3955700.0,NFLX,0.0025426596484171135,0.22822691794391883,-2.0640598214004786,19.047619047619047,0,Normal Day,0,0,0,0
2019-08-29,295.0,299.92999267578125,294.989990234375,296.7799987792969,296.7799987792969,4388500.0,NFLX,0.017171093512946045,0.837355474319206,-1.4355439690431748,17.46031746031746,0,Normal Day,0,0,0,0
2019-08-30,298.7799987792969,298.94000244140625,290.8500061035156,293.75,293.75,4446400.0,NFLX,-0.010209578784822898,-0.36353151056754607,-1.2490022665059308,65.07936507936508,0,Normal Day,0,0,0,0
2019-09-03,290.82000732421875,293.8999938964844,288.0599975585937,289.2900085449219,289.2900085449219,3682800.0,NFLX,-0.015182949634308511,-0.5584821430221913,-1.7544770867378847,31.746031746031743,0,Normal Day,0,0,0,0
2019-09-04,291.25,292.3800048828125,286.510009765625,291.5199890136719,291.5199890136719,4652500.0,NFLX,0.007708460032776146,0.48387290006256384,-0.8014065093393541,31.746031746031743,0,Normal Day,0,0,0,0
2019-09-05,285.32000732421875,293.9700012207031,282.7900085449219,293.25,293.25,8966800.0,NFLX,0.0059344506432695765,0.4013916780687195,1.5799235396992402,92.06349206349206,0,Normal Day,0,0,0,0
2019-09-06,293.3500061035156,293.3500061035156,287.0299987792969,290.1700134277344,290.1700134277344,5166600.0,NFLX,-0.010502938012841006,-0.33266422265182205,-0.3565340521669776,39.682539682539684,0,Normal Day,0,0,0,0
2019-09-09,294.8099975585937,301.54998779296875,290.6000061035156,294.3399963378906,294.3399963378906,8232700.0,NFLX,0.014370826471339592,0.77645684594866,1.354974158698743,92.06349206349206,0,Normal Day,0,0,0,0
2019-09-10,291.1600036621094,297.1700134277344,282.6600036621094,287.989990234375,287.989990234375,12320200.0,NFLX,-0.02157371129483222,-0.8493419193779824,2.3132667315134525,98.4126984126984,1,Range Shock,0,0,0,0
2019-09-11,285.70001220703125,292.6499938964844,284.6099853515625,288.2699890136719,288.2699890136719,7405900.0,NFLX,0.0009722517753794273,0.16438407788566736,0.66025064831509,66.66666666666666,0,Normal Day,0,0,0,0
2019-09-12,288.1000061035156,292.7300109863281,286.6000061035156,288.8599853515625,288.8599853515625,5010900.0,NFLX,0.0020466797112988514,0.20742686732129864,-0.5667692647202244,36.507936507936506,0,Normal Day,0,0,0,0
2019-09-13,290.6099853515625,296.6199951171875,290.0400085449219,294.1499938964844,294.1499938964844,6583100.0,NFLX,0.01831340030874671,0.9229573129192487,0.31341004727678934,41.269841269841265,0,Normal Day,0,0,0,0
2019-09-16,294.2300109863281,297.42999267578125,289.7799987792969,294.2900085449219,294.2900085449219,5307400.0,NFLX,0.0004759974548453439,0.13951784786221372,-0.29981241122040153,60.317460317460316,0,Normal Day,0,0,0,0
2019-09-17,294.5,299.1499938964844,291.7900085449219,298.6000061035156,298.6000061035156,4777100.0,NFLX,0.014645409064018056,0.799872883562781,-0.5968089444498937,57.14285714285714,0,Normal Day,0,0,0,0
2019-09-18,294.989990234375,296.04998779296875,287.45001220703125,291.5599975585937,291.5599975585937,7811100.0,NFLX,-0.023576719360418812,-0.9423301560716283,0.9752761314433694,71.42857142857143,0,Normal Day,0,0,0,0
2019-09-19,291.5599975585937,293.8099975585937,283.3999938964844,286.6000061035156,286.6000061035156,8461300.0,NFLX,-0.017011906628519154,-0.6206026752606448,1.191121458558767,87.30158730158729,0,Normal Day,0,0,0,0
2019-09-20,280.260009765625,282.5,266.0,270.75,270.75,23832800.0,NFLX,-0.05530357908572703,-2.253119342544448,3.0746969113564093,100.0,1,Volume Shock + Range Shock,0,1,1,0
2019-09-23,268.3500061035156,273.3900146484375,261.8900146484375,265.9200134277344,265.9200134277344,13478600.0,NFLX,-0.017839285585468604,-0.569708038014448,1.555195478151371,95.23809523809523,1,Normal Day,0,0,0,0
2019-09-24,262.5,265.0,252.27999877929688,254.58999633789065,254.58999633789065,16338200.0,NFLX,-0.04260686115271551,-1.638898325986634,1.722708376157924,95.23809523809523,1,Normal Day,0,0,0,0
2019-09-25,255.7100067138672,266.6000061035156,253.6999969482422,264.75,264.75,11643800.0,NFLX,0.039907316894828175,1.9001089763260124,0.9526231179628258,93.65079365079364,0,Normal Day,0,0,0,0
2019-09-26,266.4200134277344,268.04998779296875,260.20001220703125,263.3099975585937,263.3099975585937,7684000.0,NFLX,-0.00543910270597283,-0.013991910768543949,0.1128567000528295,65.07936507936508,0,Normal Day,0,0,0,0
2019-09-27,266.17999267578125,267.44000244140625,260.3900146484375,263.0799865722656,263.0799865722656,7328300.0,NFLX,-0.0008735368518503913,0.17815568309446106,-0.04061524463929586,52.38095238095238,0,Normal Day,0,0,0,0
2019-09-30,264.0,268.8800048828125,262.7799987792969,267.6199951171875,267.6199951171875,6727200.0,NFLX,0.01725714146512919,0.9621158067465276,-0.26672120024234725,34.92063492063492,0,Normal Day,0,0,0,0
2019-10-01,267.3500061035156,272.20001220703125,264.0299987792969,269.5799865722656,269.5799865722656,8650300.0,NFLX,0.007323785557278218,0.5294511249073441,0.2067357372256019,66.66666666666666,0,Normal Day,0,0,0,0
2019-10-02,263.6099853515625,269.3500061035156,262.19000244140625,268.0299987792969,268.0299987792969,7659100.0,NFLX,-0.005749639699433877,-0.018246014651285485,-0.14850164735532834,49.2063492063492,0,Normal Day,0,0,0,0
2019-10-03,267.7799987792969,268.8399963378906,257.010009765625,268.1499938964844,268.1499938964844,8951000.0,NFLX,0.00044769286174681965,0.24802382533325582,0.1552375731236408,92.06349206349206,0,Normal Day,0,0,0,0
2019-10-04,268.20001220703125,275.4800109863281,266.4700012207031,272.7900085449219,272.7900085449219,9890400.0,NFLX,0.01730380292392889,0.9523792707606421,0.3912274333437931,73.01587301587301,0,Normal Day,0,0,0,0
2019-10-07,271.989990234375,276.67999267578125,271.2799987792969,274.4599914550781,274.4599914550781,6525600.0,NFLX,0.006121862450402924,0.4743035550459844,-0.6894596842860166,12.698412698412698,0,Normal Day,0,0,0,0
2019-10-08,273.0299987792969,275.5299987792969,270.6400146484375,270.7200012207031,270.7200012207031,6276400.0,NFLX,-0.013626722840538811,-0.3659613302026334,-0.7450742726161393,11.11111111111111,0,Normal Day,0,0,0,0
2019-10-09,270.0199890136719,271.0,264.57000732421875,267.5299987792969,267.5299987792969,6794400.0,NFLX,-0.011783401400052509,-0.2809445758553805,-0.48254844361513693,33.33333333333333,0,Normal Day,0,0,0,0
2019-10-10,265.9700012207031,280.5299987792969,265.0299987792969,280.4800109863281,280.4800109863281,10809100.0,NFLX,0.048405832116474416,2.1819101529373914,0.6567955922276045,98.4126984126984,1,Range Shock,0,0,0,0
2019-10-11,284.79998779296875,287.8699951171875,282.3399963378906,282.92999267578125,282.92999267578125,8786100.0,NFLX,0.008734960045236693,0.5202624867659181,0.06487012386284378,11.11111111111111,0,Normal Day,0,0,0,0
2019-10-14,283.92999267578125,286.92999267578125,282.0,285.5299987792969,285.5299987792969,5513200.0,NFLX,0.009189573996472892,0.5307748595668268,-1.1290549551337279,6.349206349206349,0,Normal Day,0,0,0,0
2019-10-15,283.82000732421875,285.8699951171875,279.3999938964844,284.25,284.25,7685600.0,NFLX,-0.004482887208941791,-0.038343181312368385,-0.32136257249433786,26.984126984126984,0,Normal Day,0,0,0,0
2019-10-16,283.1199951171875,288.1700134277344,280.739990234375,286.2799987792969,286.2799987792969,16175900.0,NFLX,0.007141596409135884,0.43498171340861064,1.5462564244981563,44.44444444444444,0,Normal Day,0,0,0,0
2019-10-17,304.489990234375,308.75,288.29998779296875,293.3500061035156,293.3500061035156,38258900.0,NFLX,0.024696127408011,1.2495808968983142,2.8242705792505345,100.0,1,Range Shock,0,0,0,0
2019-10-18,289.3599853515625,290.8999938964844,273.3599853515625,275.29998779296875,275.29998779296875,23429900.0,NFLX,-0.061530655991114895,-2.74247568798706,1.587231416324018,98.4126984126984,1,Range Shock,0,0,0,0
2019-10-21,272.8900146484375,279.94000244140625,269.0,278.04998779296875,278.04998779296875,12599200.0,NFLX,0.00998910323987394,0.519145675210893,0.4673172447485676,80.95238095238095,0,Normal Day,0,0,0,0
2019-10-22,271.1600036621094,275.4100036621094,265.79998779296875,266.69000244140625,266.69000244140625,11802400.0,NFLX,-0.04085591026898713,-1.7486580741284241,0.3463748116330794,76.19047619047619,0,Normal Day,0,0,0,0
2019-10-23,268.0599975585937,273.9200134277344,266.6300048828125,271.2699890136719,271.2699890136719,7133500.0,NFLX,0.01717344681217243,0.914527663127084,-0.6405327658418358,50.79365079365079,0,Normal Day,0,0,0,0
2019-10-24,271.8099975585937,274.0199890136719,268.79998779296875,271.5,271.5,4827400.0,NFLX,0.00084790428592723,0.18667190479807544,-1.3267188013999212,9.523809523809524,0,Normal Day,0,0,0,0
2019-10-25,270.67999267578125,277.7699890136719,270.17999267578125,276.82000732421875,276.82000732421875,4747800.0,NFLX,0.019594870439111418,1.0341950112642786,-1.2623260096371134,52.38095238095238,0,Normal Day,0,0,0,0
2019-10-28,278.04998779296875,285.75,277.3500061035156,281.8599853515625,281.8599853515625,6248400.0,NFLX,0.01820669711001343,0.9397021656545382,-0.7008985093075704,58.73015873015873,0,Normal Day,0,0,0,0
2019-10-29,281.8699951171875,284.4100036621094,277.54998779296875,281.2099914550781,281.2099914550781,4356200.0,NFLX,-0.002306087881448092,-0.015798916836305035,-1.311809107020262,36.507936507936506,0,Normal Day,0,0,0,0
2019-10-30,284.3399963378906,293.489990234375,283.0,291.45001220703125,291.45001220703125,9345600.0,NFLX,0.03641414268023587,1.7054771522598284,0.11301238511260195,76.19047619047619,0,Normal Day,0,0,0,0
2019-10-31,291.0,291.45001220703125,284.7799987792969,287.4100036621094,287.4100036621094,5090000.0,NFLX,-0.013861754591562888,-0.5632109676734378,-0.967005565777004,30.158730158730158,0,Normal Day,0,0,0,0
2019-11-01,288.70001220703125,289.1199951171875,283.0199890136719,286.8099975585937,286.8099975585937,5594300.0,NFLX,-0.0020876312441131064,-0.05574239675609542,-0.7420799990833153,20.634920634920633,0,Normal Day,0,0,0,0
2019-11-04,288.0,295.3900146484375,287.1600036621094,292.8599853515625,292.8599853515625,5566200.0,NFLX,0.021094061728907577,0.996328442980089,-0.6943138063379528,57.14285714285714,0,Normal Day,0,0,0,0
2019-11-05,289.989990234375,291.19000244140625,286.3099975585937,288.0299987792969,288.0299987792969,4062400.0,NFLX,-0.016492476998752455,-0.7268309694882943,-1.1767022010266923,4.761904761904762,0,Normal Day,0,0,0,0
2019-11-06,288.19000244140625,290.5599975585937,285.8399963378906,288.5899963378906,288.5899963378906,3438300.0,NFLX,0.0019442334512623056,0.1484465437287714,-1.3521529511226102,3.1746031746031744,0,Normal Day,0,0,0,0
2019-11-07,290.70001220703125,298.19000244140625,288.2699890136719,289.57000732421875,289.57000732421875,5928500.0,NFLX,0.0033958591730972407,0.19925976017194605,-0.4405759027255814,73.01587301587301,0,Normal Day,0,0,0,0
2019-11-08,288.7300109863281,293.989990234375,287.510009765625,291.57000732421875,291.57000732421875,4509000.0,NFLX,0.00690679265605256,0.3651172839522983,-0.8141562266880015,25.396825396825395,0,Normal Day,0,0,0,0
2019-11-11,289.1600036621094,296.3599853515625,288.5,294.17999267578125,294.17999267578125,3944300.0,NFLX,0.008951487759371147,0.45829939717483253,-0.9485897981288384,50.79365079365079,0,Normal Day,0,0,0,0
2019-11-12,295.32000732421875,295.3500061035156,288.70001220703125,292.010009765625,292.010009765625,5772800.0,NFLX,-0.007376378286023721,-0.3520673891447405,-0.34600078973672105,33.33333333333333,0,Normal Day,0,0,0,0
2019-11-13,291.0299987792969,293.4100036621094,281.1400146484375,283.1099853515625,283.1099853515625,9158900.0,NFLX,-0.030478490861343747,-1.444460521139258,0.37547972809388347,87.30158730158729,0,Normal Day,0,0,0,0
2019-11-14,283.25,290.6300048828125,283.2200012207031,289.6199951171875,289.6199951171875,6529000.0,NFLX,0.022994631424041612,1.1317201670199069,-0.0980833405574099,46.03174603174603,0,Normal Day,0,0,0,0
2019-11-15,290.5899963378906,295.82000732421875,287.57000732421875,295.0299987792969,295.0299987792969,6333800.0,NFLX,0.018679662154957057,0.9283369426265712,-0.008162763612880949,60.317460317460316,0,Normal Day,0,0,0,0
2019-11-18,296.0,304.989990234375,293.2799987792969,302.57000732421875,302.57000732421875,8616600.0,NFLX,0.025556752113748034,1.2259583777088314,0.991320660185677,82.53968253968253,0,Normal Day,0,0,0,0
2019-11-19,304.010009765625,305.6700134277344,298.5199890136719,302.6000061035156,302.6000061035156,5918000.0,NFLX,9.91465729275996e-05,-0.01769814364057671,0.03833349573114878,34.92063492063492,0,Normal Day,0,0,0,0
2019-11-20,301.010009765625,308.25,301.0,305.1600036621094,305.1600036621094,5111800.0,NFLX,0.008460004980032972,0.3806673126609845,-0.3517666756957873,36.507936507936506,0,Normal Day,0,0,0,0
2019-11-21,306.0,312.69000244140625,304.260009765625,311.69000244140625,311.69000244140625,7488400.0,NFLX,0.02139860630794612,0.9792022327313022,1.0499457490910875,53.96825396825397,0,Normal Day,0,0,0,0
2019-11-22,309.1000061035156,311.3999938964844,304.4100036621094,310.4800109863281,310.4800109863281,5970100.0,NFLX,-0.003882034860279447,-0.2390882193791064,0.17890118384727943,26.984126984126984,0,Normal Day,0,0,0,0
2019-11-25,308.8299865722656,315.7300109863281,305.25,315.54998779296875,315.54998779296875,7873900.0,NFLX,0.016329478959158757,0.7230949023800803,1.094790521089156,71.42857142857143,0,Normal Day,0,0,0,0
2019-11-26,315.0,316.5,311.69000244140625,312.489990234375,312.489990234375,5321000.0,NFLX,-0.009697346464806089,-0.5347494699989097,-0.3031549085085464,1.5873015873015872,0,Normal Day,0,0,0,0
2019-11-27,313.92999267578125,316.82000732421875,312.75,315.92999267578125,315.92999267578125,4096900.0,NFLX,0.011008360424044832,0.4783128898368983,-1.2276466269674422,1.5873015873015872,0,Normal Day,0,0,0,0
2019-11-29,315.7799987792969,316.6199951171875,313.3399963378906,314.6600036621094,314.6600036621094,2411700.0,NFLX,-0.00401984313966412,-0.2599906376757337,-2.5588419268841496,1.5873015873015872,0,Normal Day,1,0,1,0
2019-12-02,314.3900146484375,314.3900146484375,303.75,309.989990234375,309.989990234375,6218800.0,NFLX,-0.01484145863275704,-0.7892965855705084,0.41197702758233573,73.01587301587301,0,Normal Day,0,0,0,0
2019-12-03,302.2200012207031,307.3599853515625,301.8800048828125,306.1600036621094,306.1600036621094,4992800.0,NFLX,-0.012355194338274847,-0.6504520360238024,-0.2640368990663065,11.11111111111111,0,Normal Day,0,0,0,0
2019-12-04,308.42999267578125,308.42999267578125,303.2699890136719,304.32000732421875,304.32000732421875,3512100.0,NFLX,-0.006009917415343775,-0.3317250949882157,-1.2497603366098395,9.523809523809524,0,Normal Day,0,0,0,0
2019-12-05,305.2699890136719,306.4800109863281,298.8099975585937,302.8599853515625,302.8599853515625,4615500.0,NFLX,-0.004797653580169511,-0.2775790849574222,-0.4480094672213607,42.857142857142854,0,Normal Day,0,0,0,0
2019-12-06,304.70001220703125,307.8500061035156,302.6000061035156,307.3500061035156,307.3500061035156,4457800.0,NFLX,0.014825401073506194,0.6799347698050968,-0.6164126110324029,11.11111111111111,0,Normal Day,0,0,0,0
2019-12-09,307.3500061035156,311.489990234375,302.44000244140625,302.5,302.5,5748400.0,NFLX,-0.01578007485668356,-0.8220024565959481,0.19811501065423676,69.84126984126983,0,Normal Day,0,0,0,0
2019-12-10,296.1199951171875,298.94000244140625,292.0199890136719,293.1199951171875,293.1199951171875,10476100.0,NFLX,-0.031008280604338842,-1.5143831475503406,1.818910548703616,36.507936507936506,0,Normal Day,0,1,1,0
2019-12-11,294.489990234375,299.42999267578125,294.20001220703125,298.92999267578125,298.92999267578125,5589800.0,NFLX,0.019821225625604115,0.9104542061822833,-0.06794988269245228,14.285714285714285,0,Normal Day,0,0,0,0
2019-12-12,295.6700134277344,299.1700134277344,295.0599975585937,298.44000244140625,298.44000244140625,4766600.0,NFLX,-0.001639147112636644,-0.10012282068295725,-0.5162716355462388,4.761904761904762,0,Normal Day,0,0,0,0
2019-12-13,298.5,301.79998779296875,297.25,298.5,298.5,3879700.0,NFLX,0.00020103725406425544,-0.011506277625029772,-1.0380189378349083,6.349206349206349,0,Normal Day,0,0,0,0
2019-12-16,300.8500061035156,305.7099914550781,298.6300048828125,304.2099914550781,304.2099914550781,4658900.0,NFLX,0.019128949598251677,0.8919759176826556,-0.4276353533360985,38.095238095238095,0,Normal Day,0,0,0,0
2019-12-17,307.3599853515625,316.79998779296875,306.6000061035156,315.4800109863281,315.4800109863281,10427100.0,NFLX,0.03704684214132465,1.6827903262272903,1.816777734062966,71.42857142857143,0,Normal Day,0,0,0,0
2019-12-18,316.260009765625,325.3599853515625,315.6000061035156,320.79998779296875,320.79998779296875,11207400.0,NFLX,0.016863118490480767,0.7041201091236158,1.8749198504211637,71.42857142857143,0,Normal Day,0,0,0,0
2019-12-19,324.5,332.8299865722656,324.17999267578125,332.2200012207031,332.2200012207031,9822300.0,NFLX,0.03559854695226605,1.5914121543494668,1.3844132818434052,52.38095238095238,0,Normal Day,0,0,0,0
2019-12-20,335.0,338.0,330.6000061035156,336.8999938964844,336.8999938964844,9914900.0,NFLX,0.014087028651451358,0.5048825347104615,1.272966058889648,28.57142857142857,0,Normal Day,0,0,0,0
2019-12-23,337.760009765625,337.95001220703125,331.0199890136719,333.1000061035156,333.1000061035156,5765300.0,NFLX,-0.011279275339305382,-0.8173543826589786,-0.01236869417003298,26.984126984126984,0,Normal Day,0,0,0,0
2019-12-24,334.010009765625,335.70001220703125,331.6000061035156,333.20001220703125,333.20001220703125,2019300.0,NFLX,0.00030022846497501014,-0.18857543944032684,-2.1399484914929285,3.1746031746031744,0,Normal Day,0,0,0,0
2019-12-26,334.6000061035156,336.4599914550781,332.010009765625,332.6300048828125,332.6300048828125,3589900.0,NFLX,-0.0017107061924853122,-0.2995547721776192,-0.8296264517484174,6.349206349206349,0,Normal Day,0,0,0,0
2019-12-27,332.9599914550781,333.82000732421875,326.010009765625,329.0899963378906,329.0899963378906,5036100.0,NFLX,-0.010642481114020488,-0.7657570468090076,-0.10349196349488922,49.2063492063492,0,Normal Day,0,0,0,0
2019-12-30,329.0799865722656,329.19000244140625,322.8599853515625,323.3099975585937,323.3099975585937,4311500.0,NFLX,-0.017563580915909587,-1.0986624896736374,-0.44040993092073005,28.57142857142857,0,Normal Day,0,0,0,0
2019-12-31,322.0,324.9200134277344,321.0899963378906,323.57000732421875,323.57000732421875,3713300.0,NFLX,0.0008042119562910674,-0.12044612956156638,-0.8532009339678863,3.1746031746031744,0,Normal Day,0,0,0,0
2019-01-02,150.99000549316406,155.75,150.8800048828125,154.8800048828125,153.2874298095703,58576700.0,QQQ,0.004019136824054375,0.32233250326593155,-0.48974235313218956,76.19047619047619,0,Normal Day,0,0,0,0
2019-01-03,152.60000610351562,153.25999450683594,149.49000549316406,149.82000732421875,148.27944946289062,74820200.0,QQQ,-0.032670521991928006,-1.401814481008749,0.237153222810069,55.55555555555555,0,Normal Day,0,0,0,0
2019-01-04,152.33999633789062,157.0,151.74000549316406,156.22999572753906,154.62355041503906,74709300.0,QQQ,0.042784761982382145,2.0726325759924955,0.16923847712661058,80.95238095238095,0,Normal Day,0,0,0,0
2019-01-07,156.6199951171875,158.86000061035156,156.11000061035156,158.08999633789062,156.46441650390625,52059300.0,QQQ,0.011905470311126294,0.6370680093643974,-1.1416498863080706,30.158730158730158,0,Normal Day,0,0,0,0
2019-01-08,159.5399932861328,160.11000061035156,157.1999969482422,159.52000427246094,157.87969970703125,49388700.0,QQQ,0.009045399808778032,0.49035125313106737,-1.2222069652148027,33.33333333333333,0,Normal Day,0,0,0,0
2019-01-09,160.13999938964844,161.52000427246094,159.47000122070312,160.82000732421875,159.16636657714844,46491700.0,QQQ,0.008149666312418792,0.4383666399585292,-1.2955932301663484,7.936507936507936,0,Normal Day,0,0,0,0
2019-01-10,159.60000610351562,161.3699951171875,158.6999969482422,161.27999877929688,159.6216278076172,38943400.0,QQQ,0.0028602853747250897,0.19644098847973546,-1.672162031150189,26.984126984126984,0,Normal Day,0,0,0,0
2019-01-11,160.3300018310547,160.86000061035156,159.7899932861328,160.69000244140625,159.03768920898438,30176600.0,QQQ,-0.0036582674080770576,-0.135653419846983,-2.1013262783793607,1.5873015873015872,0,Normal Day,0,0,0,0
2019-01-14,159.3300018310547,159.9600067138672,158.58999633789062,159.27000427246094,157.6322784423828,30710200.0,QQQ,-0.008836966718969204,-0.3836796864728497,-1.808778765783139,3.1746031746031744,0,Normal Day,0,0,0,0
2019-01-15,160.0,162.60000610351562,159.91000366210938,162.3800048828125,160.71031188964844,40874200.0,QQQ,0.019526669776524844,0.9725461581271548,-1.0372403793413274,31.746031746031743,0,Normal Day,0,0,0,0
2019-01-16,162.64999389648438,163.77999877929688,162.2899932861328,162.35000610351562,160.6806182861328,33812200.0,QQQ,-0.00018476476815012393,0.023450217025525348,-1.3852617252609365,4.761904761904762,0,Normal Day,0,0,0,0
2019-01-17,161.8300018310547,164.36000061035156,161.57000732421875,163.6300048828125,161.94744873046875,39329000.0,QQQ,0.007884152163766403,0.4318721600755162,-0.9299936562365457,34.92063492063492,0,Normal Day,0,0,0,0
2019-01-18,164.77999877929688,166.02000427246094,163.82000732421875,165.25,163.55078125,57183200.0,QQQ,0.009900325890281218,0.5212807051745899,-0.024245520440939066,12.698412698412698,0,Normal Day,0,0,0,0
2019-01-22,164.05999755859375,164.13999938964844,160.75999450683594,161.94000244140625,160.27484130859375,56711700.0,QQQ,-0.02003010879170747,-0.9332886550305324,-0.00230577047417459,47.61904761904761,0,Normal Day,0,0,0,0
2019-01-23,162.77000427246094,163.50999450683594,160.32000732421875,162.14999389648438,160.48265075683594,38106100.0,QQQ,0.0012965818374580103,0.10062571300856024,-0.885683231906332,46.03174603174603,0,Normal Day,0,0,0,0
2019-01-24,162.67999267578125,163.44000244140625,162.05999755859375,163.1999969482422,161.52186584472656,32417800.0,QQQ,0.006475560336208857,0.3509553325764962,-1.276809364581452,3.1746031746031744,0,Normal Day,0,0,0,0
2019-01-25,164.50999450683594,165.64999389648438,163.9499969482422,165.14999389648438,163.45181274414062,36515900.0,QQQ,0.011948517863639279,0.6028690707746516,-0.8610026247085822,9.523809523809524,0,Normal Day,0,0,0,0
2019-01-28,163.02000427246094,163.1199951171875,161.75,163.11000061035156,161.43280029296875,33491200.0,QQQ,-0.01235234052945217,-0.6221158723941929,-1.0416917064833295,3.1746031746031744,0,Normal Day,0,0,0,0
2019-01-29,163.1999969482422,163.24000549316406,160.99000549316406,161.57000732421875,159.9086456298828,30784200.0,QQQ,-0.009441418722340793,-0.4512280445946221,-1.2183041385571403,20.634920634920633,0,Normal Day,0,0,0,0
2019-01-30,163.39999389648438,166.27999877929688,162.88999938964844,165.67999267578125,163.9763641357422,41346500.0,QQQ,0.02543776473020933,1.3019571431941002,-0.1790684166586972,53.96825396825397,0,Normal Day,0,0,0,0
2019-01-31,166.6999969482422,168.99000549316406,166.47000122070312,168.16000366210938,166.43087768554688,37258400.0,QQQ,0.014968703341737733,0.737814379179766,-0.4928537205595375,26.984126984126984,0,Normal Day,0,0,0,0
2019-02-01,167.3300018310547,168.60000610351562,166.99000549316406,167.4499969482422,165.7281494140625,32143700.0,QQQ,-0.0042223431208006,-0.23881142975952038,-0.9295691474262713,11.11111111111111,0,Normal Day,0,0,0,0
2019-02-04,167.47999572753906,169.52999877929688,167.3300018310547,169.52999877929688,167.7867889404297,26718800.0,QQQ,0.012421785518305596,0.6408720548402533,-1.5254657346514038,19.047619047619047,0,Normal Day,0,0,0,0
2019-02-05,169.75999450683594,171.22999572753906,169.69000244140625,171.02999877929688,169.2713623046875,28156400.0,QQQ,0.008847975300277599,0.45809576935321294,-1.3195064641100653,7.936507936507936,0,Normal Day,0,0,0,0
2019-02-06,171.07000732421875,171.3699951171875,169.75,170.52000427246094,168.76661682128906,27970000.0,QQQ,-0.0029818716912663494,-0.17478926261485495,-1.236024628241744,11.11111111111111,0,Normal Day,0,0,0,0
2019-02-07,169.02999877929688,169.4499969482422,166.9499969482422,168.22999572753906,166.50015258789062,42036200.0,QQQ,-0.013429576749757624,-0.7145213927839635,0.6847054255467375,33.33333333333333,0,Normal Day,0,0,0,0
2019-02-08,166.75999450683594,168.58999633789062,166.57000732421875,168.55999755859375,166.82675170898438,29020700.0,QQQ,0.0019615544851909234,0.09989642721509259,-0.9775507402621026,20.634920634920633,0,Normal Day,0,0,0,0
2019-02-11,169.1699981689453,169.5800018310547,167.97999572753906,168.39999389648438,166.66839599609375,21434100.0,QQQ,-0.0009492225393614544,-0.026990186664303556,-2.039080146485068,12.698412698412698,0,Normal Day,0,0,0,0
2019-02-12,169.6300048828125,171.13999938964844,169.3300018310547,170.88999938964844,169.1328125,29722100.0,QQQ,0.014786345600662103,0.7991565695003037,-0.6412359826139836,17.46031746031746,0,Normal Day,0,0,0,0
2019-02-13,171.64999389648438,172.16000366210938,170.82000732421875,171.00999450683594,169.25155639648438,26094100.0,QQQ,0.0007020748648898333,0.028928958453704395,-1.1299436701061005,3.1746031746031744,0,Normal Day,0,0,0,0
2019-02-14,170.39999389648438,171.8300018310547,169.8300018310547,171.22000122070312,169.4593963623047,30326800.0,QQQ,0.0012279944140273186,0.031033788630789025,-0.4532117322592565,23.809523809523807,0,Normal Day,0,0,0,0
2019-02-15,172.52000427246094,172.55999755859375,171.13999938964844,171.94000244140625,170.17201232910156,32521700.0,QQQ,0.00420523135390675,0.19246548830691126,-0.15382619155180402,4.761904761904762,0,Normal Day,0,0,0,0
2019-02-19,171.41000366210938,172.8000030517578,171.3800048828125,172.27999877929688,170.5084991455078,19487700.0,QQQ,0.00197733347452874,0.06113684030363105,-1.9454493580179781,4.761904761904762,0,Normal Day,0,0,0,0
2019-02-20,172.39999389648438,173.0800018310547,171.32000732421875,172.25,170.47882080078125,32593000.0,QQQ,-0.00017405786148663312,-0.04264113752922371,0.1100199052784942,20.634920634920633,0,Normal Day,0,0,0,0
2019-02-21,171.7899932861328,172.25999450683594,170.7100067138672,171.6199951171875,169.85528564453125,25207400.0,QQQ,-0.003657552025061535,-0.23652110492302783,-0.9882213108474005,14.285714285714285,0,Normal Day,0,0,0,0
2019-02-22,171.99000549316406,173.00999450683594,171.89999389648438,172.88999938964844,171.11224365234375,27735400.0,QQQ,0.007400170109766435,0.35369850449005313,-0.43362942097437185,1.5873015873015872,0,Normal Day,0,0,0,0
2019-02-25,174.2100067138672,174.66000366210938,173.39999389648438,173.52000427246094,171.7357635498047,32608800.0,QQQ,0.0036439233344854635,0.12024705318417497,0.41915788581192004,4.761904761904762,0,Normal Day,0,0,0,0
2019-02-26,173.10000610351562,174.25,172.80999755859375,173.6999969482422,171.91390991210938,21939700.0,QQQ,0.0010373282688612713,-0.024452626197633272,-1.4915855920788632,11.11111111111111,0,Normal Day,0,0,0,0
2019-02-27,172.89999389648438,173.8000030517578,171.75999450683594,173.58999633789062,171.80503845214844,25162000.0,QQQ,-0.0006332905814113459,-0.12744601038391162,-0.7219889117323063,34.92063492063492,0,Normal Day,0,0,0,0
2019-02-28,173.0500030517578,173.80999755859375,172.6999969482422,173.19000244140625,171.40914916992188,25085500.0,QQQ,-0.002304293784357358,-0.20349665934937958,-0.6811128404818473,1.5873015873015872,0,Normal Day,0,0,0,0
2019-03-01,174.44000244140625,174.64999389648438,173.17999267578125,174.38999938964844,172.5968017578125,31431200.0,QQQ,0.006928758433502738,0.3351104808286749,0.5689405618419874,15.873015873015872,0,Normal Day,0,0,0,0
2019-03-04,175.5399932861328,175.7899932861328,172.47000122070312,174.4199981689453,172.62649536132812,38063500.0,QQQ,0.0001720402881931208,-0.03242043441844488,1.6026336197375626,66.66666666666666,0,Normal Day,0,0,0,0
2019-03-05,174.5500030517578,175.08999633789062,173.69000244140625,174.5500030517578,172.7551727294922,22319900.0,QQQ,0.0007454091441451396,-0.0016657230534498396,-1.183398442062959,9.523809523809524,0,Normal Day,0,0,0,0
2019-03-06,174.72000122070312,174.75,173.27999877929688,173.55999755859375,171.7753448486328,27194600.0,QQQ,-0.00567177159084917,-0.3766456948822962,-0.13791482003521602,20.634920634920633,0,Normal Day,0,0,0,0
2019-03-07,173.1199951171875,173.17999267578125,170.7899932861328,171.42999267578125,169.667236328125,39407400.0,QQQ,-0.0122724743901138,-0.749567000867856,1.6246881204867416,49.2063492063492,0,Normal Day,0,0,0,0
2019-03-08,169.50999450683594,171.25999450683594,169.33999633789062,171.1699981689453,169.409912109375,39303200.0,QQQ,-0.0015166405979074964,-0.13948033286914638,1.4453670034429478,38.095238095238095,0,Normal Day,0,0,0,0
2019-03-11,171.8800048828125,174.85000610351562,171.85000610351562,174.72999572753906,172.93331909179688,30518400.0,QQQ,0.02079811587498541,1.248791621771946,0.36748521248015475,65.07936507936508,0,Normal Day,0,0,0,0
2019-03-12,175.19000244140625,176.13999938964844,174.77000427246094,175.69000244140625,173.88343811035156,33953500.0,QQQ,0.0054941351010000744,0.2597287975951506,0.8541725173730977,7.936507936507936,0,Normal Day,0,0,0,0
2019-03-13,176.60000610351562,177.92999267578125,176.35000610351562,177.00999450683594,175.1898651123047,42426100.0,QQQ,0.00751323424559864,0.39500874473369085,1.747646356382398,25.396825396825395,0,Normal Day,0,0,0,0
2019-03-14,177.1300048828125,177.33999633789062,176.66000366210938,176.7100067138672,174.8929443359375,23751500.0,QQQ,-0.0016948513327346177,-0.20091330418758113,-0.9770016793625522,1.5873015873015872,0,Normal Day,0,0,0,0
2019-03-15,177.39999389648438,178.8800048828125,177.27999877929688,178.35000610351562,176.51609802246094,38192000.0,QQQ,0.009280841446671828,0.5148597596965735,1.141102018026487,28.57142857142857,0,Normal Day,0,0,0,0
2019-03-18,177.9499969482422,178.99000549316406,177.58999633789062,178.4499969482422,176.9364776611328,32935100.0,QQQ,0.0023815371140732075,0.06249319892425399,0.44301011862655393,12.698412698412698,0,Normal Day,0,0,0,0
2019-03-19,179.17999267578125,180.0,178.2899932861328,179.0500030517578,177.53140258789062,36893300.0,QQQ,0.003362364474651787,0.10013483200005284,0.915425165875495,39.682539682539684,0,Normal Day,0,0,0,0
2019-03-20,179.05999755859375,180.8600006103516,178.24000549316406,179.75999450683594,178.2353973388672,50105000.0,QQQ,0.0039654660567897855,0.11473482023840129,2.0518074147315817,61.9047619047619,0,Normal Day,0,0,0,0
2019-03-21,179.22000122070312,182.8300018310547,179.1999969482422,182.57000732421875,181.02154541015625,42428500.0,QQQ,0.015631844812464178,0.8963625946258427,1.2148978297901896,80.95238095238095,0,Normal Day,0,0,0,0
2019-03-22,181.77999877929688,182.2700042724609,178.3699951171875,178.55999755859375,177.04556274414062,70794500.0,QQQ,-0.02196414055026928,-1.6682684044078482,2.611112468076917,85.71428571428571,1,Normal Day,0,0,0,0
2019-03-25,177.91000366210938,178.83999633789062,176.92999267578125,178.22000122070312,176.7084503173828,46336500.0,QQQ,-0.001904099834713137,-0.31585051454354146,1.0317945174917247,47.61904761904761,0,Normal Day,0,0,0,0
2019-03-26,179.60000610351562,180.69000244140625,178.13999938964844,179.0500030517578,177.53140258789062,33248100.0,QQQ,0.004657118938170319,0.10224242099535215,-0.1073353954028597,63.49206349206349,0,Normal Day,0,0,0,0
2019-03-27,179.32000732421875,179.72000122070312,176.60000610351562,177.89999389648438,176.39114379882812,37096700.0,QQQ,-0.0064228568717469075,-0.741185014710024,0.1941877221444891,79.36507936507937,0,Normal Day,0,0,0,0
2019-03-28,178.36000061035156,178.97999572753906,177.24000549316406,178.30999755859375,176.79766845703125,30368200.0,QQQ,0.0023046772612731695,-0.02464946268602021,-0.587845317022319,42.857142857142854,0,Normal Day,0,0,0,0
2019-03-29,179.69000244140625,179.8300018310547,178.58999633789062,179.66000366210938,178.13623046875,35205500.0,QQQ,0.0075711519467468145,0.4431697115686844,-0.09581542199359551,7.936507936507936,0,Normal Day,0,0,0,0
2019-04-01,181.50999450683597,182.25999450683597,180.7700042724609,182.0399932861328,180.4960479736328,30969500.0,QQQ,0.013247263056331426,0.9274020925989962,-0.5985500406302752,17.46031746031746,0,Normal Day,0,0,0,0
2019-04-02,182.2400054931641,182.91000366210935,181.77999877929688,182.72999572753903,181.18017578125,22645200.0,QQQ,0.0037902647470548835,0.09013548030651836,-1.6146319135396576,3.1746031746031744,0,Normal Day,0,0,0,0
2019-04-03,183.75999450683597,184.9199981689453,183.2100067138672,183.77999877929688,182.2212829589844,31633500.0,QQQ,0.005746253271060937,0.262474488934,-0.4830191586337625,41.269841269841265,0,Normal Day,0,0,0,0
2019-04-04,183.8300018310547,184.5,182.6499938964844,183.7100067138672,182.1519012451172,28530800.0,QQQ,-0.00038075527040841233,-0.36178829093805887,-0.9079224698769648,50.79365079365079,0,Normal Day,0,0,0,0
2019-04-05,184.2400054931641,184.7700042724609,184.0200042724609,184.66000366210935,183.0938262939453,25674700.0,QQQ,0.005171096444173813,0.27459789417169395,-1.203044789052257,3.1746031746031744,0,Normal Day,0,0,0,0
2019-04-08,184.3600006103516,185.27999877929688,183.6300048828125,185.1300048828125,183.5598297119141,22697500.0,QQQ,0.0025451618298731713,-0.0035653801269385577,-1.489060204305009,34.92063492063492,0,Normal Day,0,0,0,0
2019-04-09,184.5,185.1100006103516,184.08999633789065,184.47999572753903,182.91534423828125,25631900.0,QQQ,-0.0035110376526515706,-0.66741937734004,-0.9951227774727492,4.761904761904762,0,Normal Day,0,0,0,0
2019-04-10,184.72000122070312,185.52999877929688,184.5200042724609,185.47000122070312,183.8969573974609,24563000.0,QQQ,0.005366488870944175,0.3446905405980343,-1.0590201335744662,4.761904761904762,0,Normal Day,0,0,0,0
2019-04-11,185.77999877929688,185.77999877929688,184.69000244140625,185.02999877929688,183.460693359375,20654100.0,QQQ,-0.0023723287446404083,-0.5240977519068314,-1.474167643997369,7.936507936507936,0,Normal Day,0,0,0,0
2019-04-12,185.8500061035156,185.9499969482422,185.05999755859372,185.8300018310547,184.25390625,24989100.0,QQQ,0.004323612192346847,0.22146029661543618,-0.8597874385667956,4.761904761904762,0,Normal Day,0,0,0,0
2019-04-15,185.83999633789065,186.07000732421875,184.6199951171875,185.8600006103516,184.2836456298828,21073000.0,QQQ,0.00016140433865462485,-0.2717452249936731,-1.2841354844137451,20.634920634920633,0,Normal Day,0,0,0,0
2019-04-16,186.5399932861328,186.91000366210935,185.92999267578125,186.5,184.918212890625,27195700.0,QQQ,0.003443426889962113,0.14033696700569304,-0.4350788578169957,6.349206349206349,0,Normal Day,0,0,0,0
2019-04-17,187.75,187.92999267578125,186.6000061035156,187.1499938964844,185.5626983642578,29651600.0,QQQ,0.0034852460639667295,0.13845555378668123,-0.12676634563416259,19.047619047619047,0,Normal Day,0,0,0,0
2019-04-18,187.4600067138672,187.7899932861328,186.2899932861328,187.38999938964844,185.8006591796875,28580900.0,QQQ,0.0012823741922666628,-0.11178694216059794,-0.17019300829516765,28.57142857142857,0,Normal Day,0,0,0,0
2019-04-22,186.57000732421875,187.9900054931641,186.42999267578125,187.9199981689453,186.326171875,17936000.0,QQQ,0.002828368304141901,0.08697734699212065,-1.5811326028412362,38.095238095238095,0,Normal Day,0,0,0,0
2019-04-23,188.3999938964844,190.5399932861328,188.1300048828125,190.30999755859372,188.69590759277344,33665600.0,QQQ,0.012718211799914045,1.2745911301341324,0.8566503833096821,77.77777777777777,0,Normal Day,0,0,0,0
2019-04-24,190.47000122070312,190.7100067138672,189.6499938964844,189.7100067138672,188.1009979248047,24977100.0,QQQ,-0.0031527428207538586,-0.7178931445534467,-0.41217982416476767,11.11111111111111,0,Normal Day,0,0,0,0
2019-04-25,191.1300048828125,191.22000122070312,189.4499969482422,190.47999572753903,188.8644561767578,29517500.0,QQQ,0.004058767685317253,0.1943314026806842,0.508236485422033,53.96825396825397,0,Normal Day,0,0,0,0
2019-04-26,190.17999267578125,190.69000244140625,188.58999633789065,190.6499938964844,189.03302001953125,26359500.0,QQQ,0.0008925122608336583,-0.18458312983418942,-0.015370462940624078,71.42857142857143,0,Normal Day,0,0,0,0
2019-04-29,190.6499938964844,191.32000732421875,190.33999633789065,191.0200042724609,189.3998870849609,21716200.0,QQQ,0.0019407565164633865,-0.08230159773663563,-1.0481491452566662,6.349206349206349,0,Normal Day,0,0,0,0
2019-04-30,189.47999572753903,189.8500061035156,188.2100067138672,189.5399932861328,187.93243408203125,31495300.0,QQQ,-0.007747908541631758,-1.3647826197879396,1.2002702856974008,46.03174603174603,0,Normal Day,0,0,0,0
2019-05-01,190.77999877929688,191.32000732421875,188.8000030517578,188.92999267578125,187.32760620117188,34797100.0,QQQ,-0.003218326223537187,-0.762747118074775,1.6906118561486787,84.12698412698413,0,Normal Day,0,0,0,0
2019-05-02,188.8699951171875,189.8500061035156,186.8699951171875,188.1100006103516,186.5145568847656,44110100.0,QQQ,-0.004340253595794853,-0.8978867332069244,2.435667998395907,92.06349206349206,0,Normal Day,0,0,0,0
2019-05-03,189.6699981689453,191.25,189.3300018310547,191.1100006103516,189.48912048339844,30386200.0,QQQ,0.015948157872045437,1.954933309863292,0.6200467171609207,65.07936507936508,0,Normal Day,0,0,0,0
2019-05-06,187.0500030517578,190.1999969482422,186.75999450683597,189.94000244140625,188.32904052734372,38371800.0,QQQ,-0.006122145446109415,-1.1389236586557374,1.59052779136633,95.23809523809523,1,Normal Day,0,0,0,0
2019-05-07,187.8699951171875,188.6699981689453,184.50999450683597,186.2400054931641,184.66043090820312,58818100.0,QQQ,-0.019479787126128044,-2.80502139177543,2.675105431214881,100.0,1,Range Shock,0,0,0,0
2019-05-08,185.6300048828125,187.1699981689453,184.9600067138672,185.7700042724609,184.1944122314453,37165300.0,QQQ,-0.002523652059435927,-0.5294115318770025,0.9078931926246661,76.19047619047619,0,Normal Day,0,0,0,0
2019-05-09,183.6999969482422,185.41000366210935,182.08999633789065,184.7700042724609,183.2028961181641,55351700.0,QQQ,-0.005382986928155858,-0.955426003470073,1.988719526470537,92.06349206349206,0,Normal Day,0,0,0,0
2019-05-10,184.1100006103516,185.88999938964844,181.02999877929688,185.0,183.4309539794922,58526400.0,QQQ,0.0012448376426374911,-0.03975483494357031,1.862081223556203,100.0,1,Range Shock,0,0,0,0
2019-05-13,180.2899932861328,181.25999450683597,178.05999755859375,178.5800018310547,177.0653839111328,67185800.0,QQQ,-0.0347028128582434,-4.168197672665411,1.9613259772852727,88.88888888888889,1,Crash,1,1,1,1
2019-05-14,179.52000427246094,181.6300048828125,178.86000061035156,180.5399932861328,179.00875854492188,43360600.0,QQQ,0.010975463361965889,1.1839486560381003,0.6776233889611406,82.53968253968253,0,Normal Day,0,0,0,0
2019-05-15,179.35000610351562,183.5500030517578,179.30999755859375,183.08999633789065,181.537109375,40944500.0,QQQ,0.01412417387076421,1.5016460759589922,0.44915309443361584,98.4126984126984,1,Range Shock,0,0,0,0
2019-05-16,183.1699981689453,186.07000732421875,182.9499969482422,184.92999267578125,183.36154174804688,39281200.0,QQQ,0.01004991419841415,1.005450534415051,0.2812373445409904,82.53968253968253,0,Normal Day,0,0,0,0
2019-05-17,183.1000061035156,185.5800018310547,182.8800048828125,183.0399932861328,181.487548828125,44702300.0,QQQ,-0.010220207040453925,-1.2785289775715896,0.6031002397773427,77.77777777777777,0,Normal Day,0,0,0,0
2019-05-20,180.4900054931641,181.17999267578125,179.33999633789062,179.9499969482422,178.4237823486328,38608300.0,QQQ,-0.016881414175656098,-1.9372428839306253,0.13220006178760565,60.317460317460316,0,Normal Day,0,0,0,0
2019-05-21,181.5,182.3300018310547,180.9199981689453,181.8300018310547,180.28782653808597,31613800.0,QQQ,0.010447285473473972,1.0358621137567607,-0.6175858677470877,25.396825396825395,0,Normal Day,0,0,0,0
2019-05-22,180.82000732421875,182.07000732421875,180.75,181.0200042724609,179.4846954345703,24332600.0,QQQ,-0.004454716210947228,-0.5842819805666,-1.3825974459215449,25.396825396825395,0,Normal Day,0,0,0,0
2019-05-23,178.94000244140625,179.02000427246094,177.13999938964844,178.25,176.7382049560547,45351300.0,QQQ,-0.015302087299787829,-1.690852592843578,0.5543219148252858,60.317460317460316,0,Normal Day,0,0,0,0
2019-05-24,179.2100067138672,179.85000610351562,177.94000244140625,178.16000366210938,176.64895629882812,25903300.0,QQQ,-0.0005049765965924225,-0.10630476307360263,-1.271146061854955,61.9047619047619,0,Normal Day,0,0,0,0
2019-05-28,178.66000366210938,179.66000366210938,177.47000122070312,177.49000549316406,175.98463439941406,24763800.0,QQQ,-0.0037606896374200063,-0.4448556647431325,-1.3901465110959432,68.25396825396825,0,Normal Day,0,0,0,0
2019-05-29,176.38999938964844,177.0,175.08999633789062,176.02999877929688,174.53701782226562,42178800.0,QQQ,-0.008225812339178046,-0.9017141633572467,0.250020731588018,61.9047619047619,0,Normal Day,0,0,0,0
2019-05-30,176.5,177.27000427246094,175.77000427246094,176.77000427246094,175.270751953125,30354800.0,QQQ,0.004203888321310442,0.40249604651978294,-0.9050664856685562,38.095238095238095,0,Normal Day,0,0,0,0
2019-05-31,174.69000244140625,175.2899932861328,173.8699951171875,173.9499969482422,172.4746551513672,45446200.0,QQQ,-0.015953014239966347,-1.6587121953914528,0.47253477692936374,31.746031746031743,0,Normal Day,0,0,0,0
2019-06-03,173.47999572753906,173.9499969482422,169.27000427246094,170.1199951171875,168.67713928222656,75842300.0,QQQ,-0.02201781975333042,-2.16332630599225,1.9595722827910664,100.0,1,Range Shock,0,0,0,0
2019-06-04,172.02999877929688,174.97000122070312,171.3699951171875,174.91000366210938,173.426513671875,47797800.0,QQQ,0.02815659792345599,2.6320148671292594,0.4413235567848613,92.06349206349206,1,Normal Day,0,0,0,0
2019-06-05,176.5800018310547,176.61000061035156,174.3800048828125,176.2100067138672,174.7154998779297,34412700.0,QQQ,0.007432463345791893,0.666301490253144,-0.594028237107241,66.66666666666666,0,Normal Day,0,0,0,0
2019-06-06,176.50999450683594,178.0399932861328,175.72999572753906,177.61000061035156,176.10360717773438,29913200.0,QQQ,0.00794495795035089,0.6895204335112026,-0.9476456322082243,69.84126984126983,0,Normal Day,0,0,0,0
2019-06-07,178.55999755859375,181.7700042724609,178.3300018310547,181.0399932861328,179.5045166015625,45888300.0,QQQ,0.019311980477468144,1.6916579734024142,0.39801121906268,88.88888888888889,0,Normal Day,0,0,0,0
2019-06-10,182.25,184.8500061035156,182.2100067138672,183.1499938964844,181.5966339111328,41385300.0,QQQ,0.011654956372011988,1.0183554691545917,0.1135022519212446,73.01587301587301,0,Normal Day,0,0,0,0
2019-06-11,185.05999755859372,185.3999938964844,182.77999877929688,183.3999938964844,181.8445281982422,41260300.0,QQQ,0.0013650819498707558,0.05641207002202616,0.16537220990243615,71.42857142857143,0,Normal Day,0,0,0,0
2019-06-12,182.8999938964844,183.27999877929688,182.0,182.33999633789065,180.79348754882807,27659600.0,QQQ,-0.005779886036869375,-0.5972688544286884,-1.1365766845920862,19.047619047619047,0,Normal Day,0,0,0,0
2019-06-13,183.1000061035156,183.8699951171875,182.7400054931641,183.4199981689453,181.8643493652344,23715800.0,QQQ,0.005923121628577029,0.49383077950163407,-1.5079306623116617,14.285714285714285,0,Normal Day,0,0,0,0
2019-06-14,182.47999572753903,183.1100006103516,181.94000244140625,182.63999938964844,181.0909576416016,22844100.0,QQQ,-0.0042525746598066115,-0.44538179936823147,-1.4585343647457814,17.46031746031746,0,Normal Day,0,0,0,0
2019-06-17,183.0399932861328,184.25,182.83999633789065,183.7400054931641,182.181640625,20379500.0,QQQ,0.006022846185158442,0.5189464204190043,-1.6125384046154145,25.396825396825395,0,Normal Day,0,0,0,0
2019-06-18,185.91000366210935,187.72000122070312,185.42999267578125,186.41000366210935,184.82899475097656,48177300.0,QQQ,0.014531399085519474,1.2874549061401765,0.9972307496228547,60.317460317460316,0,Normal Day,0,0,0,0
2019-06-19,186.66000366210935,187.52999877929688,185.57000732421875,187.1100006103516,185.5230407714844,31672900.0,QQQ,0.0037550711209728845,0.28495174347100655,-0.24410044940241982,50.79365079365079,0,Normal Day,0,0,0,0
2019-06-20,189.72000122070312,189.75999450683597,187.16000366210935,188.8500061035156,187.248291015625,40922000.0,QQQ,0.009299385332227555,0.8189164242015534,0.4927787392369147,71.42857142857143,0,Normal Day,0,0,0,0
2019-06-21,188.6300048828125,189.7700042724609,188.1699981689453,188.57000732421875,186.9706878662109,39980400.0,QQQ,-0.0014825403634307467,-0.23449322282666948,0.3611691069940934,36.507936507936506,0,Normal Day,0,0,0,0
2019-06-24,188.52999877929688,188.72000122070312,188.05999755859372,188.16000366210935,186.9766387939453,19375200.0,QQQ,3.1828132004636355e-05,-0.08961057521571437,-1.653485090610895,1.5873015873015872,0,Normal Day,0,0,0,0
2019-06-25,188.02999877929688,188.13999938964844,184.6499938964844,184.92999267578125,183.76693725585935,33921100.0,QQQ,-0.017166323872273518,-1.6970727128292558,-0.06002638754728293,90.47619047619047,0,Normal Day,0,0,0,0
2019-06-26,186.16000366210935,187.3300018310547,185.4900054931641,185.7899932861328,184.62152099609372,22595700.0,QQQ,0.004650367215102111,0.37080279755494977,-1.2329658444666176,49.2063492063492,0,Normal Day,0,0,0,0
2019-06-27,186.4600067138672,186.94000244140625,185.9900054931641,186.5,185.3270721435547,19709200.0,QQQ,0.003821608356676328,0.28899109844286075,-1.4526302458011924,6.349206349206349,0,Normal Day,0,0,0,0
2019-06-28,186.9499969482422,187.1499938964844,186.07000732421875,186.7400054931641,185.5655670166016,21179200.0,QQQ,0.0012868863155738243,0.05613844975337458,-1.1633833897814285,15.873015873015872,0,Normal Day,0,0,0,0
2019-07-01,190.32000732421875,190.57000732421875,188.3800048828125,189.25999450683597,188.0697021484375,31193400.0,QQQ,0.013494610945854395,1.227566973367333,-0.07788405280683848,61.9047619047619,0,Normal Day,0,0,0,0
2019-07-02,189.1999969482422,190.02999877929688,188.66000366210935,190.00999450683597,188.8149871826172,18035800.0,QQQ,0.003962812859625084,0.31231197637834285,-1.5461209153131261,25.396825396825395,0,Normal Day,0,0,0,0
2019-07-03,190.4900054931641,191.44000244140625,190.2899932861328,191.44000244140625,190.2360076904297,15792100.0,QQQ,0.00752599424980033,0.6505894184078876,-1.736788241631802,19.047619047619047,0,Normal Day,0,0,0,0
2019-07-05,190.1300048828125,191.3999938964844,189.38999938964844,191.0500030517578,189.8484649658203,21415600.0,QQQ,-0.002037168090911694,-0.26323688859402455,-0.764816630155706,53.96825396825397,0,Normal Day,0,0,0,0
2019-07-08,189.80999755859372,189.8699951171875,188.92999267578125,189.7100067138672,188.5168914794922,17598800.0,QQQ,-0.007013875443069066,-0.7194298367424444,-1.2175847602256142,4.761904761904762,0,Normal Day,0,0,0,0
2019-07-09,188.80999755859372,190.8999938964844,188.6499938964844,190.66000366210935,189.46090698242188,19193500.0,QQQ,0.005007591073250761,0.424675282638009,-0.891087682023481,61.9047619047619,0,Normal Day,0,0,0,0
2019-07-10,191.82000732421875,193.08999633789065,191.47000122070312,192.55999755859372,191.34893798828125,28374500.0,QQQ,0.009965280098836146,0.8728719116350628,0.32455092511629996,38.095238095238095,0,Normal Day,0,0,0,0
2019-07-11,192.8500061035156,193.33999633789065,191.80999755859372,192.4199981689453,191.2098388671875,23736100.0,QQQ,-0.0007269396034080358,-0.133164299508414,-0.15334045975374472,31.746031746031743,0,Normal Day,0,0,0,0
2019-07-12,192.6300048828125,193.5399932861328,192.4499969482422,193.52999877929688,192.31285095214844,20211900.0,QQQ,0.005768594814449266,0.47152033286770534,-0.6260016201458001,12.698412698412698,0,Normal Day,0,0,0,0
2019-07-15,193.97999572753903,194.19000244140625,193.44000244140625,194.1499938964844,192.92893981933597,15606100.0,QQQ,0.0032035761736007155,0.22975030922285333,-1.3348709650554829,3.1746031746031744,0,Normal Day,0,0,0,0
2019-07-16,193.91000366210935,194.08999633789065,192.55999755859372,193.1499938964844,191.93524169921875,20190900.0,QQQ,-0.005150591306041191,-0.5545326761217104,-0.5162095544188007,30.158730158730158,0,Normal Day,0,0,0,0
2019-07-17,193.1499938964844,193.4900054931641,192.17999267578125,192.1999969482422,190.9912109375,16765100.0,QQQ,-0.004918485804697286,-0.5190963880367954,-1.0356115119864977,19.047619047619047,0,Normal Day,0,0,0,0
2019-07-18,191.2899932861328,192.7899932861328,190.69000244140625,192.4199981689453,191.2098388671875,29066300.0,QQQ,0.001144701521155567,0.05809143868363057,0.7797317480084037,57.14285714285714,0,Normal Day,0,0,0,0
2019-07-19,193.83999633789065,193.8300018310547,190.80999755859372,191.00999450683597,189.80870056152344,29387900.0,QQQ,-0.007327752138514585,-0.7278776594615204,0.8393489528371648,80.95238095238095,0,Normal Day,0,0,0,0
2019-07-22,191.44000244140625,192.94000244140625,191.44000244140625,192.52999877929688,191.3191375732422,18954900.0,QQQ,0.007957680587087556,0.702674194876441,-0.6007428720204762,28.57142857142857,0,Normal Day,0,0,0,0
2019-07-23,193.5800018310547,193.80999755859372,192.2899932861328,193.7899932861328,192.5711975097656,23786700.0,QQQ,0.006544352814908997,0.5838821124388833,0.4178212461901485,30.158730158730158,0,Normal Day,0,0,0,0
2019-07-24,193.0500030517578,195.16000366210935,193.02999877929688,195.1499938964844,193.92266845703125,20422900.0,QQQ,0.0070180326276317526,0.6121209603117029,-0.2698511903024964,57.14285714285714,0,Normal Day,0,0,0,0
2019-07-25,194.4900054931641,194.5200042724609,192.92999267578125,193.3000030517578,192.0843048095703,23434700.0,QQQ,-0.00947988010936574,-0.9206899965365399,0.4696350025347825,34.92063492063492,0,Normal Day,0,0,0,0
2019-07-26,194.52999877929688,195.5500030517578,194.42999267578125,195.2899932861328,194.061767578125,20431200.0,QQQ,0.010294764949770968,0.9159396854750358,-0.18824326080659692,11.11111111111111,0,Normal Day,0,0,0,0
2019-07-29,195.1100006103516,195.17999267578125,193.38999938964844,194.6199951171875,193.39599609375,20451700.0,QQQ,-0.0034307194698047624,-0.35585625302413876,-0.19251054984566102,42.857142857142854,0,Normal Day,0,0,0,0
2019-07-30,193.1300048828125,194.5399932861328,192.9900054931641,193.77999877929688,192.561279296875,18705000.0,QQQ,-0.004316101748406236,-0.4448116854460038,-0.6024643104199547,33.33333333333333,0,Normal Day,0,0,0,0
2019-07-31,194.3000030517578,194.42999267578125,189.32000732421875,191.1000061035156,189.8981475830078,41627500.0,QQQ,-0.013830047887048943,-1.3011601641673656,2.8025482613901382,98.4126984126984,1,Range Shock,0,0,0,0
2019-08-01,191.42999267578125,194.97999572753903,189.22999572753903,190.1499938964844,188.9541015625,63251600.0,QQQ,-0.004971328222647109,-0.48279562025867656,3.0903584874836767,100.0,1,Volume Shock + Range Shock,0,1,1,0
2019-08-02,188.72000122070312,188.9900054931641,186.2100067138672,187.3500061035156,186.17172241210935,55214000.0,QQQ,-0.014725158794556947,-1.3406609335207784,2.223108855093824,76.19047619047619,0,Normal Day,0,0,0,0
2019-08-05,183.42999267578125,183.50999450683597,179.1999969482422,180.72999572753903,179.59335327148438,75040000.0,QQQ,-0.03533495342575768,-2.9697491156368336,2.4124480997063333,93.65079365079364,1,Normal Day,0,0,0,0
2019-08-06,182.3999938964844,183.8000030517578,181.07000732421875,183.25999450683597,182.10743713378903,41897200.0,QQQ,0.013998757841022185,1.224426503575691,1.0030228300224215,77.77777777777777,0,Normal Day,0,0,0,0
2019-08-07,181.2700042724609,184.50999450683597,179.88999938964844,184.25,183.09120178222656,49990600.0,QQQ,0.005402111324617594,0.46916009443435946,1.2578984343109338,93.65079365079364,0,Normal Day,0,0,0,0
2019-08-08,185.0800018310547,188.32000732421875,184.57000732421875,188.25999450683597,187.0760040283203,38418100.0,QQQ,0.021764029113935126,1.798893092981088,0.649687405960604,87.30158730158729,0,Normal Day,0,0,0,0
2019-08-09,187.3600006103516,188.0,185.02999877929688,186.4900054931641,185.317138671875,33608900.0,QQQ,-0.009401875807541028,-0.8070299230893361,0.32843572169647983,80.95238095238095,0,Normal Day,0,0,0,0
2019-08-12,185.33999633789065,185.8999938964844,183.5,184.3500061035156,183.1905975341797,24642900.0,QQQ,-0.011475145542046138,-1.0805374692359162,-0.3606337205876914,68.25396825396825,0,Normal Day,0,0,0,0
2019-08-13,184.19000244140625,189.67999267578125,184.0200042724609,188.38999938964844,187.2051696777344,40241900.0,QQQ,0.021914728144307064,1.8506676630112417,0.6291529481746482,98.4126984126984,1,Range Shock,0,0,0,0
2019-08-14,185.3600006103516,185.9499969482422,182.4199981689453,182.75999450683597,181.61058044433597,51000500.0,QQQ,-0.029884800954104423,-2.511937101253555,1.056472452104681,87.30158730158729,1,Normal Day,0,0,0,0
2019-08-15,183.0,183.58999633789065,181.16000366210935,182.5500030517578,181.40191650390625,36685000.0,QQQ,-0.0011489635676467202,-0.08835482708082976,0.24853883643823302,69.84126984126983,0,Normal Day,0,0,0,0
2019-08-16,184.2100067138672,185.9499969482422,184.1000061035156,185.47999572753903,184.3134765625,32781400.0,QQQ,0.016050326891287575,1.315614393724424,-0.03146630097264313,46.03174603174603,0,Normal Day,0,0,0,0
2019-08-19,188.16000366210935,188.8300018310547,187.5,188.42999267578125,187.2449188232422,22494100.0,QQQ,0.015904655022597584,1.2649082879330535,-0.8786618866114815,20.634920634920633,0,Normal Day,0,0,0,0
2019-08-20,187.9600067138672,188.63999938964844,186.9199981689453,186.97000122070312,185.7941131591797,19902900.0,QQQ,-0.007748171075510197,-0.6973275842208088,-1.1774351891506565,44.44444444444444,0,Normal Day,0,0,0,0
2019-08-21,188.6100006103516,189.22999572753903,187.9600067138672,188.6300048828125,187.4436798095703,20418500.0,QQQ,0.008878465643189424,0.6808932931128455,-1.0824906155042917,17.46031746031746,0,Normal Day,0,0,0,0
2019-08-22,188.97999572753903,189.4600067138672,186.5399932861328,188.0200042724609,186.83750915527344,24243700.0,QQQ,-0.0032338815313095754,-0.3558885954302196,-0.7178162343586044,79.36507936507937,0,Normal Day,0,0,0,0
2019-08-23,186.7400054931641,188.4499969482422,181.55999755859372,182.07000732421875,180.9249420166016,55372400.0,QQQ,-0.03164550397510459,-2.577587763796956,1.1085950197815984,100.0,1,Range Shock,0,0,0,0
2019-08-26,184.13999938964844,184.8699951171875,183.0800018310547,184.82000732421875,183.6576232910156,27598900.0,QQQ,0.015103949980336354,1.1407856190753394,-0.5511032181923975,46.03174603174603,0,Normal Day,0,0,0,0
2019-08-27,186.1100006103516,186.4199981689453,183.7100067138672,184.42999267578125,183.27008056640625,28012800.0,QQQ,-0.002110136882231476,-0.23646806350891242,-0.5711387435784152,73.01587301587301,0,Normal Day,0,0,0,0
2019-08-28,183.8300018310547,185.3999938964844,182.91000366210935,185.08999633789065,183.92593383789065,21792400.0,QQQ,0.0035786161574079788,0.21836048985534143,-1.2424296009700337,66.66666666666666,0,Normal Day,0,0,0,0
2019-08-29,187.38999938964844,188.4600067138672,186.67999267578125,187.9199981689453,186.73812866210935,25358900.0,QQQ,0.015289822188410452,1.1186983726058666,-0.788085025072679,42.857142857142854,0,Normal Day,0,0,0,0
2019-08-30,188.92999267578125,188.97000122070312,186.41000366210935,187.47000122070312,186.2909698486328,26319800.0,QQQ,-0.00239457692266821,-0.33379967391994936,-0.622231414879007,68.25396825396825,0,Normal Day,0,0,0,0
2019-09-03,186.22000122070312,187.17999267578125,185.02999877929688,185.6499938964844,184.4824066162109,27964200.0,QQQ,-0.009708271065910587,-0.9183271144933173,-0.3938290918450424,57.14285714285714,0,Normal Day,0,0,0,0
2019-09-04,187.44000244140625,188.4900054931641,186.8999938964844,188.3300018310547,187.1455535888672,21592100.0,QQQ,0.014435777489593207,1.1241851687446685,-1.0832631177515377,38.095238095238095,0,Normal Day,0,0,0,0
2019-09-05,190.41000366210935,192.3300018310547,190.33999633789065,191.77999877929688,190.5738525390625,33932600.0,QQQ,0.018318890748143607,1.4189734916554388,0.39075064439934676,50.79365079365079,0,Normal Day,0,0,0,0
2019-09-06,192.1000061035156,192.1699981689453,191.1699981689453,191.58999633789065,190.3850555419922,19487800.0,QQQ,-0.0009906762892963725,-0.1695908236552813,-1.3030848388766072,7.936507936507936,0,Normal Day,0,0,0,0
2019-09-09,192.19000244140625,192.2700042724609,190.22000122070312,191.19000244140625,189.9875640869141,24407600.0,QQQ,-0.0020878290785298747,-0.24590537837507156,-0.48660570132950975,57.14285714285714,0,Normal Day,0,0,0,0
2019-09-10,190.16000366210935,190.7400054931641,188.91000366210935,190.63999938964844,189.4410400390625,23744700.0,QQQ,-0.002876630638843136,-0.307433660562672,-0.5253454557585443,47.61904761904761,0,Normal Day,0,0,0,0
2019-09-11,191.0,192.52999877929688,190.55999755859372,192.42999267578125,191.2197723388672,25063600.0,QQQ,0.009389371486969852,0.7199429651605689,-0.34365358064409735,52.38095238095238,0,Normal Day,0,0,0,0
2019-09-12,193.6100006103516,194.7100067138672,192.97000122070312,193.22999572753903,192.0147247314453,28689900.0,QQQ,0.004157270887078363,0.2757967017206381,0.18178530696663295,39.682539682539684,0,Normal Day,0,0,0,0
2019-09-13,192.9499969482422,193.3999938964844,192.2899932861328,192.5399932861328,191.32907104492188,27669800.0,QQQ,-0.003570839098316044,-0.38575160241284867,0.18210530678233483,12.698412698412698,0,Normal Day,0,0,0,0
2019-09-16,191.3000030517578,192.0800018310547,191.1100006103516,191.67999267578125,190.47447204589844,20319000.0,QQQ,-0.004466644793476196,-0.4480609449470089,-1.0093402351357754,6.349206349206349,0,Normal Day,0,0,0,0
2019-09-17,191.6999969482422,192.6000061035156,191.2899932861328,192.6000061035156,191.3887176513672,20953400.0,QQQ,0.004799832731645242,0.3610565469288648,-0.7967536794474532,20.634920634920633,0,Normal Day,0,0,0,0
2019-09-18,192.1999969482422,192.6000061035156,190.1100006103516,192.5200042724609,191.3092193603516,29781300.0,QQQ,-0.0004153760576441622,-0.08377042311213445,0.6577092791139386,68.25396825396825,0,Normal Day,0,0,0,0
2019-09-19,192.8600006103516,194.0399932861328,192.47000122070312,192.83999633789065,191.62718200683597,26039400.0,QQQ,0.0016620351468031344,0.10674654823147744,0.027882992846021568,34.92063492063492,0,Normal Day,0,0,0,0
2019-09-20,193.1100006103516,193.30999755859372,190.16000366210935,190.8000030517578,189.6000213623047,29086100.0,QQQ,-0.010578669598444354,-0.9369563908893095,0.45367311895894624,85.71428571428571,0,Normal Day,0,0,0,0
2019-09-23,190.3600006103516,191.07000732421875,189.72000122070312,190.5,189.68365478515625,22485900.0,QQQ,0.00044110450120545225,0.012618814439848263,-0.6902319411041681,23.809523809523807,0,Normal Day,0,0,0,0
2019-09-24,191.3699951171875,191.7899932861328,187.1499938964844,187.97000122070312,187.1645050048828,40820700.0,QQQ,-0.013280795243674176,-1.1844287896263899,2.587584713239554,92.06349206349206,1,Normal Day,0,0,0,0
2019-09-25,187.7899932861328,190.5800018310547,186.2100067138672,190.0800018310547,189.2654571533203,34704900.0,QQQ,0.011225163384385782,0.9293340998220614,1.5129485291517224,88.88888888888889,0,Normal Day,0,0,0,0
2019-09-26,189.8300018310547,190.0,187.97999572753903,189.3800048828125,188.5684509277344,26826000.0,QQQ,-0.003682691158066301,-0.3473363031571861,0.15217284771568088,55.55555555555555,0,Normal Day,0,0,0,0
2019-09-27,189.72999572753903,189.8300018310547,185.75,187.02999877929688,186.228515625,40773500.0,QQQ,-0.012408943761388501,-1.071554156635607,2.025220871182023,87.30158730158729,0,Normal Day,0,0,0,0
2019-09-30,187.7899932861328,189.1100006103516,187.3999938964844,188.80999755859372,188.0009002685547,26307700.0,QQQ,0.009517256997975856,0.8128321985210835,-0.10997288951822766,39.682539682539684,0,Normal Day,0,0,0,0
2019-10-01,189.5,190.58999633789065,186.9600067138672,187.2700042724609,186.46749877929688,32367600.0,QQQ,-0.008156351842291106,-0.6877821705982539,0.8345084697108863,84.12698412698413,0,Normal Day,0,0,0,0
2019-10-02,186.0,186.02999877929688,183.0200042724609,184.0500030517578,183.2613067626953,48544300.0,QQQ,-0.017194374556374646,-1.4102519341499595,2.2621170620602022,79.36507936507937,0,Normal Day,0,0,0,0
2019-10-03,184.02999877929688,186.2100067138672,181.82000732421875,186.07000732421875,185.27264404296875,39392500.0,QQQ,0.010975242487373037,0.9483262633264826,1.272973380839137,88.88888888888889,0,Normal Day,0,0,0,0
2019-10-04,187.0800018310547,189.0800018310547,186.8800048828125,188.80999755859372,188.0009002685547,31887600.0,QQQ,0.014725629030010472,1.2222718701295057,0.4374257899366759,57.14285714285714,0,Normal Day,0,0,0,0
2019-10-07,188.2700042724609,189.7400054931641,187.91000366210935,188.2400054931641,187.433349609375,21216000.0,QQQ,-0.0030188720286389867,-0.24301134166968105,-1.260671502437155,44.44444444444444,0,Normal Day,0,0,0,0
2019-10-08,187.05999755859372,187.8600006103516,185.2700042724609,185.4199981689453,184.62542724609372,32379300.0,QQQ,-0.014980911183272331,-1.1983857036954078,0.44228987379918433,66.66666666666666,0,Normal Day,0,0,0,0
2019-10-09,186.9900054931641,188.0800018310547,186.42999267578125,187.22999572753903,186.4276580810547,20147400.0,QQQ,0.00976155268449946,0.8300554099434707,-1.4515461309510904,30.158730158730158,0,Normal Day,0,0,0,0
2019-10-10,187.27999877929688,189.42999267578125,187.1199951171875,188.67999267578125,187.87144470214844,25177700.0,QQQ,0.007744487250202022,0.6605420539532227,-0.5561950308076813,57.14285714285714,0,Normal Day,0,0,0,0
2019-10-11,190.8300018310547,192.6300048828125,190.72000122070312,191.1100006103516,190.29104614257807,40976700.0,QQQ,0.01287902716810247,1.0604759589336223,1.2771249777994331,42.857142857142854,0,Normal Day,0,0,0,0
2019-10-14,190.83999633789065,191.6999969482422,190.6499938964844,191.08999633789065,190.2711334228516,14975000.0,QQQ,-0.00010464349285019626,-0.003326633598107404,-2.161288282898578,4.761904761904762,0,Normal Day,0,0,0,0
2019-10-15,191.67999267578125,193.97000122070312,191.55999755859372,193.5200042724609,192.6907196044922,23234200.0,QQQ,0.012716517414459276,1.0120246177869017,-0.7272910980339183,57.14285714285714,0,Normal Day,0,0,0,0
2019-10-16,192.8600006103516,193.52999877929688,192.42999267578125,193.0399932861328,192.2127685546875,20457100.0,QQQ,-0.0024804051320463545,-0.21357599721854414,-1.153448760481255,6.349206349206349,0,Normal Day,0,0,0,0
2019-10-17,194.1999969482422,194.5,192.80999755859372,193.5500030517578,192.72059631347656,19045200.0,QQQ,0.002642008450362535,0.18870011981659848,-1.2678410199616015,26.984126984126984,0,Normal Day,0,0,0,0
2019-10-18,193.1999969482422,193.6699981689453,190.7100067138672,191.69000244140625,190.8685607910156,27700800.0,QQQ,-0.009609951182635775,-0.7814968635369949,-0.05659783779387366,73.01587301587301,0,Normal Day,0,0,0,0
2019-10-21,192.7100067138672,193.5200042724609,192.13999938964844,193.38999938964844,192.561279296875,15801200.0,QQQ,0.008868503533763124,0.7109684426884388,-1.6597082927707938,17.46031746031746,0,Normal Day,0,0,0,0
2019-10-22,194.1499938964844,194.4199981689453,191.7899932861328,191.8500061035156,191.0278778076172,22392300.0,QQQ,-0.007963187068848568,-0.6302201666467308,-0.6061809802964675,65.07936507936508,0,Normal Day,0,0,0,0
2019-10-23,191.4600067138672,192.25999450683597,191.1499938964844,192.22000122070312,191.39630126953125,14828400.0,QQQ,0.0019286371504639713,0.1550525549914861,-1.643282562299782,11.11111111111111,0,Normal Day,0,0,0,0
2019-10-24,193.58999633789065,194.2100067138672,192.7400054931641,194.08999633789065,193.2582550048828,18998500.0,QQQ,0.009728263937188062,0.789252195979536,-0.838469585591046,19.047619047619047,0,Normal Day,0,0,0,0
2019-10-25,193.08999633789065,195.7400054931641,193.0500030517578,195.63999938964844,194.8016357421875,21507100.0,QQQ,0.007986105107208449,0.6313947888692998,-0.44511756428299804,65.07936507936508,0,Normal Day,0,0,0,0
2019-10-28,196.57000732421875,197.8300018310547,196.5500030517578,197.57000732421875,196.72337341308597,18842300.0,QQQ,0.009865100277914566,0.7625247160215973,-0.7510259627506245,11.11111111111111,0,Normal Day,0,0,0,0
2019-10-29,197.2400054931641,197.5399932861328,196.00999450683597,196.0399932861328,195.1999053955078,18569700.0,QQQ,-0.007744214584909172,-0.6710677792123543,-0.7355540427450715,22.22222222222222,0,Normal Day,0,0,0,0
2019-10-30,196.4199981689453,197.32000732421875,195.2899932861328,196.9900054931641,196.14584350585935,21764300.0,QQQ,0.004845996766416994,0.3398299843020239,-0.2115388958901896,46.03174603174603,0,Normal Day,0,0,0,0
2019-10-31,197.55999755859372,197.6499938964844,195.94000244140625,197.0800018310547,196.2354736328125,26801800.0,QQQ,0.0004569565449419067,-0.03723642982307333,0.5845054523520451,26.984126984126984,0,Normal Day,0,0,0,0
2019-11-01,197.92999267578125,198.8800048828125,197.6300048828125,198.8699951171875,198.01779174804688,22131900.0,QQQ,0.009082548033947079,0.6636084022355759,0.01130859747694727,11.11111111111111,0,Normal Day,0,0,0,0
2019-11-04,200.19000244140625,200.52999877929688,198.8699951171875,200.1000061035156,199.24252319335935,19015900.0,QQQ,0.0061849565864808284,0.42076096419287384,-0.5104964778769716,26.984126984126984,0,Normal Day,0,0,0,0
2019-11-05,200.3500061035156,200.5500030517578,199.5500030517578,200.2100067138672,199.35205078125,15048900.0,QQQ,0.0005497199399766682,-0.07742508223310168,-1.3372787613254646,1.5873015873015872,0,Normal Day,0,0,0,0
2019-11-06,199.97999572753903,200.0,198.7899932861328,199.75999450683597,198.9039764404297,19725500.0,QQQ,-0.0022476535308482313,-0.30232117447527673,-0.20130162458604942,12.698412698412698,0,Normal Day,0,0,0,0
2019-11-07,200.75999450683597,201.72000122070312,199.8500061035156,200.42999267578125,199.57110595703125,17832400.0,QQQ,0.003354028051829135,0.19686280863849315,-0.5975752201683086,42.857142857142854,0,Normal Day,0,0,0,0
2019-11-08,200.07000732421875,201.25,199.5399932861328,201.22999572753903,200.36767578125,15258800.0,QQQ,0.003991408577904337,0.2358569066658879,-1.1324187946596924,33.33333333333333,0,Normal Day,0,0,0,0
2019-11-11,200.2100067138672,201.0399932861328,199.94000244140625,200.9600067138672,200.0988311767578,10147600.0,QQQ,-0.0013417563658606128,-0.23744525101971078,-2.6996774190770263,6.349206349206349,0,Normal Day,1,0,1,0
2019-11-12,201.1300048828125,202.2100067138672,200.82000732421875,201.5399932861328,200.67633056640625,14778300.0,QQQ,0.0028860707793855224,0.13163857570250245,-1.0468195241760523,22.22222222222222,0,Normal Day,0,0,0,0
2019-11-13,200.83999633789065,201.77999877929688,200.7100067138672,201.58999633789065,200.72613525390625,15774600.0,QQQ,0.00024818416481618406,-0.14737392651941508,-0.6885486853161282,6.349206349206349,0,Normal Day,0,0,0,0
2019-11-14,200.8300018310547,201.55999755859372,200.22000122070312,201.42999267578125,200.5668182373047,16945400.0,QQQ,-0.000793703402897865,-0.23292786245493682,-0.33374147982104835,20.634920634920633,0,Normal Day,0,0,0,0
2019-11-15,202.6499938964844,202.91000366210935,202.0,202.91000366210935,202.0404815673828,18427900.0,QQQ,0.007347493184712789,0.6626292666386263,0.04449410833606209,1.5873015873015872,0,Normal Day,0,0,0,0
2019-11-18,202.58999633789065,203.38999938964844,201.7700042724609,203.07000732421875,202.1997985839844,18365900.0,QQQ,0.000788540075561327,-0.06534789905950307,0.12831375157732697,34.92063492063492,0,Normal Day,0,0,0,0
2019-11-19,203.83999633789065,203.83999633789065,202.58999633789065,203.3699951171875,202.49850463867188,16923300.0,QQQ,0.0014772816628865382,0.023080645290979324,-0.28982178005372694,19.047619047619047,0,Normal Day,0,0,0,0
2019-11-20,202.83999633789065,203.4499969482422,200.6199951171875,202.1499938964844,201.2837371826172,36629000.0,QQQ,-0.0059988959336873,-0.7929532065382265,2.7351557756074336,84.12698412698413,1,Normal Day,0,0,0,0
2019-11-21,201.92999267578125,202.07000732421875,201.07000732421875,201.6999969482422,200.83566284179688,17883600.0,QQQ,-0.002226083175382378,-0.4839275927861886,-0.14539697568337615,3.1746031746031744,0,Normal Day,0,0,0,0
2019-11-22,202.1999969482422,202.32000732421875,200.7400054931641,201.8300018310547,200.9651031494141,17189600.0,QQQ,0.0006445085787337441,-0.10325343329946969,-0.28550380623435645,36.507936507936506,0,Normal Day,0,0,0,0
2019-11-25,202.6999969482422,204.25999450683597,202.6699981689453,204.22000122070312,203.3448638916016,17752800.0,QQQ,0.01184166158648046,1.2693044209931141,-0.1198387565213395,34.92063492063492,0,Normal Day,0,0,0,0
2019-11-26,204.3500061035156,204.8699951171875,204.0500030517578,204.6100006103516,203.7332000732422,14780600.0,QQQ,0.0019097417766480178,0.03168679385015143,-0.8050805631245254,1.5873015873015872,0,Normal Day,0,0,0,0
2019-11-27,205.13999938964844,206.0500030517578,204.88999938964844,206.0399932861328,205.1570587158203,16963100.0,QQQ,0.00698883953163376,0.6971188490892418,-0.23618608780645403,15.873015873015872,0,Normal Day,0,0,0,0
2019-11-29,205.5200042724609,205.8300018310547,205.0,205.1000061035156,204.22108459472656,9854600.0,QQQ,-0.004562232111107831,-0.769947312204815,-2.029279997662958,3.1746031746031744,0,Normal Day,0,0,0,0
2019-12-02,205.1100006103516,205.17999267578125,201.77999877929688,203.0,202.1300811767578,28007000.0,QQQ,-0.010238920345165693,-1.4886767049145513,1.6965670671082922,92.06349206349206,0,Normal Day,0,0,0,0
2019-12-03,200.2100067138672,201.4900054931641,199.22999572753903,201.41000366210935,200.5469207763672,31104100.0,QQQ,-0.007832383934018163,-1.151519101490997,1.8567181596522166,73.01587301587301,0,Normal Day,0,0,0,0
2019-12-04,202.44000244140625,202.91000366210935,202.13999938964844,202.42999267578125,201.56253051757807,15300100.0,QQQ,0.0050642001247349095,0.5541319149628418,-0.4325647496508636,1.5873015873015872,0,Normal Day,0,0,0,0
2019-12-05,203.1499938964844,203.1499938964844,201.83999633789065,202.8300018310547,201.9608154296875,14962300.0,QQQ,0.0019759868616786285,0.13517621323729376,-0.5043377379691705,28.57142857142857,0,Normal Day,0,0,0,0
2019-12-06,204.30999755859372,205.1499938964844,204.1499938964844,205.0,204.12152099609372,16555300.0,QQQ,0.010698637563970766,1.2592535025302913,-0.14740358016158675,7.936507936507936,0,Normal Day,0,0,0,0
2019-12-09,204.6300048828125,205.58999633789065,203.97999572753903,204.07000732421875,203.1955108642578,13984100.0,QQQ,-0.004536562961695891,-0.7485151392656606,-0.6550471410353077,47.61904761904761,0,Normal Day,0,0,0,0
2019-12-10,204.1699981689453,204.8800048828125,203.44000244140625,203.8999938964844,203.02622985839844,21799800.0,QQQ,-0.0008330942211241124,-0.24114629900328033,0.7208182985695345,38.095238095238095,0,Normal Day,0,0,0,0
2019-12-11,204.3600006103516,205.19000244140625,204.0399932861328,204.97999572753903,204.10159301757807,18780800.0,QQQ,0.005296671075110086,0.5713678465498605,0.1619951973167256,19.047619047619047,0,Normal Day,0,0,0,0
2019-12-12,204.7700042724609,207.32000732421875,204.4900054931641,206.50999450683597,205.6250457763672,32612000.0,QQQ,0.007464188477244826,0.8338895497439791,1.8036117907654927,79.36507936507937,0,Normal Day,0,0,0,0
2019-12-13,206.3999938964844,207.91000366210935,205.9600067138672,207.19000244140625,206.30213928222656,32519400.0,QQQ,0.003292855222489606,0.265771095466232,1.5810991967021875,63.49206349206349,0,Normal Day,0,0,0,0
2019-12-16,208.5500030517578,209.52999877929688,208.47999572753903,209.2700042724609,208.37322998046875,21296600.0,QQQ,0.010039114017178866,1.1420935261313483,0.2697605296807567,12.698412698412698,0,Normal Day,0,0,0,0
2019-12-17,209.5399932861328,209.7100067138672,209.0399932861328,209.38999938964844,208.49270629882807,15996100.0,QQQ,0.0005733765242805753,-0.10832825050835596,-0.571865387324945,1.5873015873015872,0,Normal Day,0,0,0,0
2019-12-18,209.57000732421875,210.1300048828125,209.3300018310547,209.5500030517578,208.65203857421875,15443300.0,QQQ,0.0007642103084522983,-0.08126888288925714,-0.6459498383770965,4.761904761904762,0,Normal Day,0,0,0,0
2019-12-19,209.63999938964844,210.92999267578125,209.6199951171875,210.8600006103516,209.95640563964844,17865900.0,QQQ,0.006251398617252026,0.6181886139176566,-0.22095947137401806,31.746031746031743,0,Normal Day,0,0,0,0
2019-12-20,211.8600006103516,212.5200042724609,211.2700042724609,211.7100067138672,210.80276489257807,27672600.0,QQQ,0.004031118985634812,0.31223265471087547,1.2016321206611302,28.57142857142857,0,Normal Day,0,0,0,0
2019-12-23,212.0,212.1499938964844,211.6300048828125,211.80999755859372,211.3595733642578,23774700.0,QQQ,0.00264137176741247,0.09501780255450899,0.6668825782450586,1.5873015873015872,0,Normal Day,0,0,0,0
2019-12-24,212.0,212.08999633789065,211.44000244140625,211.9199981689453,211.46934509277344,7089000.0,QQQ,0.0005193600969587691,-0.17844912573197017,-2.487833229810307,3.1746031746031744,0,Normal Day,1,0,1,0
2019-12-26,212.25999450683597,213.80999755859372,212.22999572753903,213.7899932861328,213.3353729248047,17067500.0,QQQ,0.00882410559891131,0.9598946156750929,-0.19756905656259935,49.2063492063492,0,Normal Day,0,0,0,0
2019-12-27,214.5399932861328,214.55999755859372,213.0399932861328,213.6100006103516,213.15576171875,18134100.0,QQQ,-0.0008419194791385857,-0.4368897055065932,-0.0658930638683228,47.61904761904761,0,Normal Day,0,0,0,0
2019-12-30,213.5,213.6300048828125,211.16000366210935,212.2100067138672,211.7587432861328,21815500.0,QQQ,-0.006553979218542045,-1.22488395650992,0.3862408274592283,79.36507936507937,0,Normal Day,0,0,0,0
2019-12-31,211.6199951171875,212.75999450683597,211.1999969482422,212.6100006103516,212.1578826904297,18170900.0,QQQ,0.001884878036688901,-0.027784813797019414,-0.18203771211534642,50.79365079365079,0,Normal Day,0,0,0,0
2020-01-02,296.239990234375,300.6000061035156,295.19000244140625,300.3500061035156,299.6388854980469,33870100.0,AAPL,0.022816405786110584,1.6097260535735882,0.6227931943668376,79.36507936507937,0,Normal Day,0,0,0,0
2020-01-03,297.1499938964844,300.5799865722656,296.5,297.42999267578125,296.72576904296875,36580700.0,AAPL,-0.00972209081019664,-1.308745924898358,0.7958185764328707,53.96825396825397,0,Normal Day,0,0,0,0
2020-01-06,293.7900085449219,299.9599914550781,292.75,299.79998779296875,299.09014892578125,29596800.0,AAPL,0.007968232386551217,0.3203056972360568,0.13259831366426283,93.65079365079364,0,Normal Day,0,0,0,0
2020-01-07,299.8399963378906,300.8999938964844,297.4800109863281,298.3900146484375,297.6835327148437,27218000.0,AAPL,-0.004702984086870097,-0.8484969431801972,-0.1759198057780857,39.682539682539684,0,Normal Day,0,0,0,0
2020-01-08,297.1600036621094,304.44000244140625,297.1600036621094,303.19000244140625,302.4721374511719,33019800.0,AAPL,0.01608622651262094,1.047758245034521,0.3866626833298762,92.06349206349206,0,Normal Day,0,0,0,0
2020-01-09,307.239990234375,310.42999267578125,306.20001220703125,309.6300048828125,308.8969116210937,42527100.0,AAPL,0.02124087932217879,1.4931234533740285,1.0901255256018862,50.79365079365079,0,Normal Day,0,0,0,0
2020-01-10,310.6000061035156,312.6700134277344,308.25,310.3299865722656,309.59521484375,35161200.0,AAPL,0.002260635171104837,-0.24114480212208697,0.4648147374474322,61.9047619047619,0,Normal Day,0,0,0,0
2020-01-13,311.6400146484375,317.07000732421875,311.1499938964844,316.9599914550781,316.20953369140625,30383000.0,AAPL,0.02136440917213284,1.5572251396989392,-0.040202578033782015,84.12698412698413,0,Normal Day,0,0,0,0
2020-01-14,316.70001220703125,317.57000732421875,312.1700134277344,312.67999267578125,311.9396667480469,40488600.0,AAPL,-0.01350328338780071,-1.6647490980287407,0.8291549420551176,76.19047619047619,0,Normal Day,0,0,0,0
2020-01-15,311.8500061035156,315.5,309.54998779296875,311.3399963378906,310.60284423828125,30480900.0,AAPL,-0.004285516246464975,-0.8120857901526817,-0.04056030637663372,84.12698412698413,0,Normal Day,0,0,0,0
2020-01-16,313.5899963378906,315.70001220703125,312.0899963378906,315.239990234375,314.4935913085937,27207300.0,AAPL,0.012526437353959412,0.708069988152591,-0.3689828225628603,36.507936507936506,0,Normal Day,0,0,0,0
2020-01-17,316.2699890136719,318.739990234375,315.0,318.7300109863281,317.9753723144531,34454100.0,AAPL,0.01107107140521337,0.5623961723722222,0.33579069788533844,38.095238095238095,0,Normal Day,0,0,0,0
2020-01-21,317.19000244140625,319.0199890136719,316.0,316.57000732421875,315.8204650878906,27710800.0,AAPL,-0.006776962664993637,-1.047412099310918,-0.33194994038912784,15.873015873015872,0,Normal Day,0,0,0,0
2020-01-22,318.5799865722656,319.989990234375,317.3099975585937,317.70001220703125,316.94781494140625,25458100.0,AAPL,0.003569590885131182,-0.08855376148480394,-0.6014624634344446,12.698412698412698,0,Normal Day,0,0,0,0
2020-01-23,317.9200134277344,319.5599975585937,315.6499938964844,319.2300109863281,318.47418212890625,26118000.0,AAPL,0.004815831236388797,0.015586070296528634,-0.45853830750689756,44.44444444444444,0,Normal Day,0,0,0,0
2020-01-24,320.25,323.3299865722656,317.5199890136719,318.3099975585937,317.55633544921875,36634400.0,AAPL,-0.002882012832412238,-0.6708792619537121,0.7415628775726408,80.95238095238095,0,Normal Day,0,0,0,0
2020-01-27,310.0599975585937,311.7699890136719,304.8800048828125,308.95001220703125,308.218505859375,40485000.0,AAPL,-0.029405269388294054,-2.860969067990278,1.3705594252191167,90.47619047619047,1,Normal Day,0,0,0,0
2020-01-28,312.6000061035156,318.3999938964844,312.19000244140625,317.69000244140625,316.93780517578125,40558500.0,AAPL,0.02828934392532692,2.0126562500893974,1.2882653533634405,84.12698412698413,0,Normal Day,0,0,0,0
2020-01-29,324.45001220703125,327.8500061035156,321.3800048828125,324.3399963378906,323.5720520019531,54057300.0,AAPL,0.020932330311596508,1.3661815997921127,2.4321559968183943,84.12698412698413,0,Normal Day,0,0,0,0
2020-01-30,320.5400085449219,324.0899963378906,318.75,323.8699951171875,323.1031799316406,31685800.0,AAPL,-0.0014490499640236847,-0.5241865029664958,-0.22107788379733329,66.66666666666666,0,Normal Day,0,0,0,0
2020-01-31,320.92999267578125,322.67999267578125,308.2900085449219,309.510009765625,308.7771911621094,49897100.0,AAPL,-0.044338742727825266,-3.6623415521620415,1.8216000896367268,98.4126984126984,1,Crash + Range Shock,0,0,0,0
2020-02-03,304.29998779296875,313.489990234375,302.2200012207031,308.6600036621094,307.92919921875,43496400.0,AAPL,-0.0027462907482508174,-0.48536134519589214,1.0685305909552913,98.4126984126984,1,Range Shock,0,0,0,0
2020-02-04,315.3099975585937,319.6400146484375,313.6300048828125,318.8500061035156,318.0950622558594,34154100.0,AAPL,0.0330136377547218,2.2338885782786453,-0.04704679014599228,79.36507936507937,0,Normal Day,0,0,0,0
2020-02-05,323.5199890136719,324.760009765625,318.95001220703125,321.45001220703125,320.6889343261719,29706700.0,AAPL,0.008154392752648648,0.3415294549373474,-0.7018513603849501,71.42857142857143,0,Normal Day,0,0,0,0
2020-02-06,322.57000732421875,325.2200012207031,320.260009765625,325.2099914550781,324.44000244140625,26356400.0,AAPL,0.011696905361315565,0.5939138412042434,-1.2445222128563338,58.73015873015873,0,Normal Day,0,0,0,0
2020-02-07,322.3699951171875,323.3999938964844,318.0,320.0299987792969,320.0299987792969,29421000.0,AAPL,-0.013592663139329806,-1.2906633120736564,-0.6994855504109102,65.07936507936508,0,Normal Day,0,0,0,0
2020-02-10,314.17999267578125,321.54998779296875,313.8500061035156,321.54998779296875,321.54998779296875,27337200.0,AAPL,0.004749520418303376,0.09092215106392088,-0.942605024353485,92.06349206349206,0,Normal Day,0,0,0,0
2020-02-11,323.6000061035156,323.8999938964844,318.7099914550781,319.6099853515625,319.6099853515625,23580800.0,AAPL,-0.006033284139495375,-0.7053177081914364,-1.4499810261166486,60.317460317460316,0,Normal Day,0,0,0,0
2020-02-12,321.4700012207031,327.2200012207031,321.4700012207031,327.20001220703125,327.20001220703125,28432600.0,AAPL,0.023747777614394373,1.4770359022130652,-0.6186318949933007,65.07936507936508,0,Normal Day,0,0,0,0
2020-02-13,324.19000244140625,326.2200012207031,323.3500061035156,324.8699951171875,324.8699951171875,23686900.0,AAPL,-0.007121078859769309,-0.7812043712813668,-1.268451314773106,7.936507936507936,0,Normal Day,0,0,0,0
2020-02-14,324.739990234375,325.9800109863281,322.8500061035156,324.95001220703125,324.95001220703125,20028400.0,AAPL,0.0002463049559713452,-0.2313813656770101,-1.7378300118879524,14.285714285714285,0,Normal Day,0,0,0,0
2020-02-18,315.3599853515625,319.75,314.6099853515625,319.0,319.0,38132800.0,AAPL,-0.0183105461871483,-1.5537235474218076,0.6933913111097293,57.14285714285714,0,Normal Day,0,0,0,0
2020-02-19,320.0,324.57000732421875,320.0,323.6199951171875,323.6199951171875,23496000.0,AAPL,0.014482743314067398,0.8076911496748349,-1.073632427285888,44.44444444444444,0,Normal Day,0,0,0,0
2020-02-20,322.6300048828125,324.6499938964844,318.2099914550781,320.29998779296875,320.29998779296875,25141500.0,AAPL,-0.01025896846397432,-0.949198700185665,-0.7934085334862282,84.12698412698413,0,Normal Day,0,0,0,0
2020-02-21,318.6199951171875,320.45001220703125,310.5,313.04998779296875,313.04998779296875,32388500.0,AAPL,-0.022635030522343193,-1.7672591121908148,0.10458060237485273,96.82539682539682,1,Normal Day,0,0,0,0
2020-02-24,297.260009765625,304.17999267578125,289.2300109863281,298.17999267578125,298.17999267578125,55548800.0,AAPL,-0.047500385551912445,-3.186511742962089,1.8370962904113448,100.0,1,Crash + Range Shock,0,0,0,0
2020-02-25,300.95001220703125,302.5299987792969,286.1300048828125,288.0799865722656,288.0799865722656,57668400.0,AAPL,-0.03387217905829658,-2.1932306508128527,1.7419036463124917,100.0,1,Range Shock,0,0,0,0
2020-02-26,286.5299987792969,297.8800048828125,286.5,292.6499938964844,292.6499938964844,49513700.0,AAPL,0.01586367515006931,0.8540842681450641,1.1913775536915185,95.23809523809523,1,Normal Day,0,0,0,0
2020-02-27,281.1000061035156,286.0,272.9599914550781,273.5199890136719,273.5199890136719,80151400.0,AAPL,-0.0653682053025401,-3.615592178339772,2.236029600710783,96.82539682539682,1,Crash,1,0,1,0
2020-02-28,257.260009765625,278.4100036621094,256.3699951171875,273.3599853515625,273.3599853515625,106721200.0,AAPL,-0.0005849797767481529,-0.07267130287131336,2.48864769848818,100.0,1,Range Shock,0,0,0,0
2020-03-02,282.2799987792969,301.44000244140625,277.7200012207031,298.8099975585937,298.8099975585937,85349300.0,AAPL,0.09310072274952924,4.22281547427763,1.7218229928476272,98.4126984126984,1,Spike + Range Shock,1,0,1,0
2020-03-03,303.6700134277344,304.0,285.79998779296875,289.32000732421875,289.32000732421875,79868900.0,AAPL,-0.031759279515117464,-1.5145276372516048,1.4599301083377156,96.82539682539682,1,Normal Day,0,0,0,0
2020-03-04,296.44000244140625,303.3999938964844,293.1300048828125,302.739990234375,302.739990234375,54794600.0,AAPL,0.04638456577639134,1.9413243451325168,0.6759587386008103,85.71428571428571,0,Normal Day,0,0,0,0
2020-03-05,295.5199890136719,299.54998779296875,291.4100036621094,292.9200134277344,292.9200134277344,46893200.0,AAPL,-0.03243699915243507,-1.5126443594277263,0.33700687716123023,82.53968253968253,0,Normal Day,0,0,0,0
2020-03-06,282.0,290.82000732421875,281.2300109863281,289.0299987792969,289.0299987792969,56544200.0,AAPL,-0.013280125870939154,-0.6593566448094679,0.6451680137809553,84.12698412698413,0,Normal Day,0,0,0,0
2020-03-09,263.75,278.0899963378906,263.0,266.1700134277344,266.1700134277344,71686200.0,AAPL,-0.07909208541712091,-3.1691505610964317,1.0117568256205902,93.65079365079364,1,Crash,0,0,0,0
2020-03-10,277.1400146484375,286.44000244140625,269.3699951171875,285.3399963378906,285.3399963378906,71322500.0,AAPL,0.07202157246522789,2.6662044984547233,0.9118457237589183,95.23809523809523,1,Normal Day,0,0,0,0
2020-03-11,277.3900146484375,281.2200012207031,271.8599853515625,275.42999267578125,275.42999267578125,63899700.0,AAPL,-0.034730510230939586,-1.325526303662133,0.6283231598056352,82.53968253968253,0,Normal Day,0,0,0,0
2020-03-12,255.94000244140625,270.0,248.0,248.22999572753903,248.22999572753903,104618500.0,AAPL,-0.09875466605505208,-3.304713498524356,1.4471122322960788,100.0,1,Crash + Range Shock,0,0,0,0
2020-03-13,264.8900146484375,279.9200134277344,252.9499969482422,277.9700012207031,277.9700012207031,92683000.0,AAPL,0.11980826654731593,3.5676259159730472,1.1003976020869797,100.0,1,Spike + Range Shock,1,0,1,0
2020-03-16,241.9499969482422,259.0799865722656,240.0,242.2100067138672,242.2100067138672,80605900.0,AAPL,-0.12864695596573802,-3.4391875228404523,0.7531533736545981,93.65079365079364,1,Crash,0,0,0,0
2020-03-17,247.50999450683597,257.6099853515625,238.3999938964844,252.8600006103516,252.8600006103516,81014000.0,AAPL,0.043970082165373486,1.1892644800660253,0.7067967792962735,92.06349206349206,0,Normal Day,0,0,0,0
2020-03-18,239.7700042724609,250.0,237.1199951171875,246.6699981689453,246.6699981689453,75058400.0,AAPL,-0.024479958975183486,-0.6186222864545041,0.4652570759525994,84.12698412698413,0,Normal Day,0,0,0,0
2020-03-19,247.38999938964844,252.83999633789065,242.6100006103516,244.77999877929688,244.77999877929688,67964300.0,AAPL,-0.0076620562033408255,-0.16639200240958024,0.12755376519195416,77.77777777777777,0,Normal Day,0,0,0,0
2020-03-20,247.17999267578125,251.8300018310547,228.0,229.2400054931641,229.2400054931641,100423300.0,AAPL,-0.06348555177559358,-1.5935590551795582,1.25131289843118,100.0,1,Range Shock,0,0,0,0
2020-03-23,228.0800018310547,228.5,212.6100006103516,224.3699951171875,224.3699951171875,84188200.0,AAPL,-0.021244155728838587,-0.48174418837323735,0.6145615041849987,88.88888888888889,0,Normal Day,0,0,0,0
2020-03-24,236.3600006103516,247.69000244140625,234.3000030517578,246.8800048828125,246.8800048828125,71882800.0,AAPL,0.10032540114763615,2.5017249273319533,-0.09476662195252039,80.95238095238095,1,Normal Day,0,0,0,0
2020-03-25,250.75,258.25,244.3000030517578,245.5200042724609,245.5200042724609,75900500.0,AAPL,-0.0055087515531974645,-0.0999827825142533,0.08473385219959975,82.53968253968253,0,Normal Day,0,0,0,0
2020-03-26,246.5200042724609,258.67999267578125,246.3600006103516,258.44000244140625,258.44000244140625,63021800.0,AAPL,0.05262299586231528,1.2972490413103852,-0.8470663464229615,73.01587301587301,0,Normal Day,0,0,0,0
2020-03-27,252.75,255.8699951171875,247.0500030517578,247.7400054931641,247.7400054931641,51054200.0,AAPL,-0.04140224751262364,-0.9636620402248322,-1.6241961968499246,65.07936507936508,0,Normal Day,0,0,0,0
2020-03-30,250.7400054931641,255.5200042724609,249.3999938964844,254.80999755859372,254.80999755859372,41994100.0,AAPL,0.028537950709073966,0.7160656002205673,-2.1508004697307364,52.38095238095238,0,Normal Day,0,0,0,0
2020-01-02,158.77999877929688,160.72999572753906,158.3300018310547,160.6199951171875,160.18247985839844,22622100.0,MSFT,0.018516184585531503,1.8334479467850793,0.3655454848421583,80.95238095238095,0,Normal Day,0,0,0,0
2020-01-03,158.32000732421875,159.9499969482422,158.05999755859375,158.6199951171875,158.18792724609375,21116200.0,MSFT,-0.012451752614067875,-1.7281724941215277,0.17883903283539546,61.9047619047619,0,Normal Day,0,0,0,0
2020-01-06,157.0800018310547,159.10000610351562,156.50999450683594,159.02999877929688,158.59681701660156,20813700.0,MSFT,0.002584835503101957,0.029853760446082078,0.11127429816052686,92.06349206349206,0,Normal Day,0,0,0,0
2020-01-07,159.32000732421875,159.6699981689453,157.32000732421875,157.5800018310547,157.15077209472656,21634100.0,MSFT,-0.009117742392797399,-1.3314491643262294,0.2013262671207404,79.36507936507937,0,Normal Day,0,0,0,0
2020-01-08,158.92999267578125,160.8000030517578,157.9499969482422,160.08999633789062,159.65391540527344,27746500.0,MSFT,0.01592829152018447,1.5386507216571652,0.8730375618998031,93.65079365079364,0,Normal Day,0,0,0,0
2020-01-09,161.83999633789062,162.22000122070312,161.02999877929688,162.08999633789062,161.64846801757812,21385000.0,MSFT,0.012492976493821752,1.1721670814807295,0.05428589151021567,17.46031746031746,0,Normal Day,0,0,0,0
2020-01-10,162.82000732421875,163.22000122070312,161.17999267578125,161.33999633789062,160.9005126953125,20725900.0,MSFT,-0.004627048628659383,-0.8360709849672037,-0.0753632885162838,63.49206349206349,0,Normal Day,0,0,0,0
2020-01-13,161.75999450683594,163.30999755859375,161.25999450683594,163.27999877929688,162.83523559570312,21626500.0,MSFT,0.012024342669773166,1.1065153264179932,0.03597740059694145,61.9047619047619,0,Normal Day,0,0,0,0
2020-01-14,163.38999938964844,163.60000610351562,161.72000122070312,162.1300048828125,161.68836975097656,23477400.0,MSFT,-0.007043106122154472,-1.1042891729225757,0.29826666398061646,57.14285714285714,0,Normal Day,0,0,0,0
2020-01-15,162.6199951171875,163.94000244140625,162.57000732421875,163.17999267578125,162.73550415039062,21417900.0,MSFT,0.0064762505864014875,0.48599669298644954,0.028917172037922847,31.746031746031743,0,Normal Day,0,0,0,0
2020-01-16,164.35000610351562,166.24000549316406,164.02999877929688,166.1699981689453,165.7173614501953,23865400.0,MSFT,0.018323335865595928,1.8041841321282792,0.3682263428013312,68.25396825396825,0,Normal Day,0,0,0,0
2020-01-17,167.4199981689453,167.47000122070312,165.42999267578125,167.10000610351562,166.64483642578125,34371700.0,MSFT,0.0055967278712959765,0.31025783894220266,1.3964769267907065,60.317460317460316,0,Normal Day,0,0,0,0
2020-01-21,166.67999267578125,168.19000244140625,166.42999267578125,166.5,166.0464630126953,29517200.0,MSFT,-0.003590710795005254,-0.8156704413404362,0.8972315584894364,52.38095238095238,0,Normal Day,0,0,0,0
2020-01-22,167.39999389648438,167.49000549316406,165.67999267578125,165.6999969482422,165.24864196777344,24138800.0,MSFT,-0.004804806019029002,-0.9345962478208889,0.3138286387018759,53.96825396825397,0,Normal Day,0,0,0,0
2020-01-23,166.19000244140625,166.8000030517578,165.27000427246094,166.72000122070312,166.265869140625,19680800.0,MSFT,0.006155736959399283,0.3603012280233384,-0.1823434722645558,39.682539682539684,0,Normal Day,0,0,0,0
2020-01-24,167.50999450683594,167.52999877929688,164.4499969482422,165.0399932861328,164.59043884277344,24918100.0,MSFT,-0.010076814360706288,-1.60759360699241,0.6256110143905345,98.4126984126984,1,Range Shock,0,0,0,0
2020-01-27,161.14999389648438,163.3800048828125,160.1999969482422,162.27999877929688,161.83795166015625,32078100.0,MSFT,-0.016723250766993377,-2.3268929454180522,1.7462255598559375,98.4126984126984,1,Range Shock,0,0,0,0
2020-01-28,163.77999877929688,165.75999450683594,163.07000732421875,165.4600067138672,165.00930786132812,24899900.0,MSFT,0.019595874568601873,1.9906122460918183,0.45352478891995707,90.47619047619047,0,Normal Day,0,0,0,0
2020-01-29,167.83999633789062,168.75,165.69000244140625,168.0399932861328,167.58226013183594,34754500.0,MSFT,0.015592770516134103,1.5937260905109736,1.9568919380607228,93.65079365079364,0,Normal Day,0,0,0,0
2020-01-30,174.0500030517578,174.0500030517578,170.7899932861328,172.77999877929688,172.30935668945312,51597500.0,MSFT,0.028207619075541823,2.8921344671836415,2.9766566465752047,96.82539682539682,1,Normal Day,1,0,1,0
2020-01-31,172.2100067138672,172.39999389648438,169.5800018310547,170.22999572753906,169.76629638671875,36142700.0,MSFT,-0.014758689554611012,-1.964838214384778,1.3740509305671842,88.88888888888889,0,Normal Day,0,0,0,0
2020-02-03,170.42999267578125,174.5,170.39999389648438,174.3800048828125,173.90499877929688,30149100.0,MSFT,0.02437882242038418,2.3087264547610857,0.5818232017925034,100.0,1,Range Shock,0,0,0,0
2020-02-04,177.13999938964844,180.63999938964844,176.30999755859375,180.1199951171875,179.62936401367188,36433300.0,MSFT,0.03291662272250036,2.951027259615028,1.2181499148947783,100.0,1,Range Shock,0,0,0,0
2020-02-05,184.02999877929688,184.1999969482422,178.41000366210938,179.89999389648438,179.4099578857422,39186300.0,MSFT,-0.0012214379822276058,-0.48416342882363533,1.3553692611957233,100.0,1,Range Shock,0,0,0,0
2020-02-06,180.97000122070312,183.82000732421875,180.05999755859375,183.6300048828125,183.1298065185547,27751400.0,MSFT,0.0207337913494272,1.6589467661494621,-0.028663377754844403,93.65079365079364,0,Normal Day,0,0,0,0
2020-02-07,182.8500061035156,185.6300048828125,182.47999572753903,183.88999938964844,183.38909912109372,33529100.0,MSFT,0.0014158951372711824,-0.2543798112376382,0.6781677659289582,82.53968253968253,0,Normal Day,0,0,0,0
2020-02-10,183.5800018310547,188.83999633789065,183.25,188.6999969482422,188.1859893798828,35844300.0,MSFT,0.026156899629141285,2.0786533298918024,0.8541453851407388,98.4126984126984,1,Range Shock,0,0,0,0
2020-02-11,190.6499938964844,190.6999969482422,183.5,184.44000244140625,183.93760681152344,53159900.0,MSFT,-0.02257544561292154,-2.4078959244347966,2.070228969630682,100.0,1,Range Shock,0,0,0,0
2020-02-12,185.5800018310547,185.8500061035156,181.8500061035156,184.7100067138672,184.2068634033203,47062900.0,MSFT,0.0014638474233970866,-0.21676573855617307,1.4608363488403207,90.47619047619047,0,Normal Day,0,0,0,0
2020-02-13,183.0800018310547,186.22999572753903,182.8699951171875,183.7100067138672,183.2095947265625,35295800.0,MSFT,-0.005413851896355762,-0.8224151813629409,0.3636711280881582,80.95238095238095,0,Normal Day,0,0,0,0
2020-02-14,183.25,185.41000366210935,182.6499938964844,185.3500061035156,184.8451232910156,23149500.0,MSFT,0.008927090128080344,0.4675008493586373,-1.2337423987442935,63.49206349206349,0,Normal Day,0,0,0,0
2020-02-18,185.6100006103516,187.6999969482422,185.5,187.22999572753903,186.72000122070312,27792200.0,MSFT,0.010142966697237486,0.5689363004571406,-0.5861805652357415,47.61904761904761,0,Normal Day,0,0,0,0
2020-02-19,188.05999755859372,188.17999267578125,186.47000122070312,187.27999877929688,187.27999877929688,29997500.0,MSFT,0.002999130007137439,-0.0627289120118002,-0.2657833507015383,31.746031746031743,0,Normal Day,0,0,0,0
2020-02-20,186.9499969482422,187.25,181.1000061035156,184.4199981689453,184.4199981689453,36862400.0,MSFT,-0.015271254960450828,-1.658617729716751,0.4880788013119467,98.4126984126984,1,Range Shock,0,0,0,0
2020-02-21,183.1699981689453,183.5,177.25,178.58999633789062,178.58999633789062,48572600.0,MSFT,-0.03161263360231617,-2.854421314871455,1.3962670927493686,98.4126984126984,1,Range Shock,0,0,0,0
2020-02-24,167.77000427246094,174.5500030517578,163.22999572753906,170.88999938964844,170.88999938964844,68311100.0,MSFT,-0.043115499782383465,-3.384977581387277,2.342732251087421,100.0,1,Crash + Range Shock,0,0,0,0
2020-02-25,174.1999969482422,174.83999633789062,167.64999389648438,168.07000732421875,168.07000732421875,68073300.0,MSFT,-0.016501796919080023,-1.3600225256460852,2.005673339167326,98.4126984126984,1,Range Shock,0,0,0,0
2020-02-26,169.7100067138672,173.25999450683594,168.2100067138672,170.1699981689453,170.1699981689453,56206100.0,MSFT,0.012494738818423052,0.7545750465360314,1.232257157604752,90.47619047619047,0,Normal Day,0,0,0,0
2020-02-27,163.32000732421875,167.02999877929688,157.97999572753906,158.17999267578125,158.17999267578125,93174900.0,MSFT,-0.07045898585049255,-4.351126785389932,2.362760374477706,98.4126984126984,1,Crash + Range Shock,1,0,1,0
2020-02-28,152.41000366210938,163.7100067138672,152.0,162.00999450683594,162.00999450683594,97073600.0,MSFT,0.024212934684508268,1.3825536718324765,2.0714574963728,100.0,1,Range Shock,0,0,0,0
2020-03-02,165.30999755859375,172.9199981689453,162.30999755859375,172.7899932861328,172.7899932861328,71030800.0,MSFT,0.06653909724589255,3.4626351120715695,1.199189639412656,96.82539682539682,1,Spike,0,0,0,0
2020-03-03,173.8000030517578,175.0,162.25999450683594,164.50999450683594,164.50999450683594,71677000.0,MSFT,-0.047919434579672404,-2.524633248205982,1.110016827521262,100.0,1,Range Shock,0,0,0,0
2020-03-04,168.49000549316406,170.6999969482422,165.6199951171875,170.5500030517578,170.5500030517578,49814400.0,MSFT,0.03671514647501184,1.7185221115708724,0.18877897063340332,84.12698412698413,0,Normal Day,0,0,0,0
2020-03-05,166.0500030517578,170.8699951171875,165.69000244140625,166.27000427246094,166.27000427246094,47817300.0,MSFT,-0.0250952723700509,-1.3325982508546281,0.057612588235084354,84.12698412698413,0,Normal Day,0,0,0,0
2020-03-06,162.61000061035156,163.11000061035156,156.0,161.57000732421875,161.57000732421875,72821100.0,MSFT,-0.028267257036575667,-1.438947647365948,0.9997450840433351,92.06349206349206,0,Normal Day,0,0,0,0
2020-03-09,151.0,157.75,150.0,150.6199951171875,150.6199951171875,70419300.0,MSFT,-0.06777255499566895,-3.039361207520584,0.8364574127824035,92.06349206349206,1,Crash,0,0,0,0
2020-03-10,158.16000366210938,161.02999877929688,152.5800018310547,160.9199981689453,160.9199981689453,65354400.0,MSFT,0.06838403522549617,2.801309689377478,0.5826071006082206,92.06349206349206,1,Normal Day,0,0,0,0
2020-03-11,157.1300048828125,157.6999969482422,151.14999389648438,153.6300048828125,153.6300048828125,56371600.0,MSFT,-0.04530197221652499,-1.8601190529040574,0.15734610493847895,85.71428571428571,0,Normal Day,0,0,0,0
2020-03-12,145.3000030517578,153.47000122070312,138.5800018310547,139.05999755859375,139.05999755859375,93226400.0,MSFT,-0.094838292398237,-3.423305880455497,1.325337579116753,100.0,1,Crash + Range Shock,0,0,0,0
2020-03-13,147.5,161.91000366210938,140.72999572753906,158.8300018310547,158.8300018310547,92727400.0,MSFT,0.14216888119914378,4.290833873004757,1.189807001143126,100.0,1,Spike + Range Shock,1,1,1,1
2020-03-16,140.0,149.35000610351562,135.0,135.4199981689453,135.4199981689453,87905900.0,MSFT,-0.1473903128642552,-3.8700704637562557,0.9671082598554178,96.82539682539682,1,Crash,0,0,0,0
2020-03-17,140.0,147.5,135.0,146.57000732421875,146.57000732421875,81059800.0,MSFT,0.08233650351525681,2.101303049045779,0.7225445615068076,95.23809523809523,1,Normal Day,0,0,0,0
2020-03-18,138.0,146.0,135.02000427246094,140.39999389648438,140.39999389648438,81593200.0,MSFT,-0.04209601637043012,-1.044244929575836,0.6884175526663486,93.65079365079364,0,Normal Day,0,0,0,0
2020-03-19,142.77000427246094,150.14999389648438,139.0,142.7100067138672,142.7100067138672,85922700.0,MSFT,0.01645308346014576,0.4269813458073328,0.8282197409934511,92.06349206349206,0,Normal Day,0,0,0,0
2020-03-20,146.0,147.10000610351562,135.86000061035156,137.35000610351562,137.35000610351562,84866200.0,MSFT,-0.03755868795590722,-0.9163926149479933,0.7414059083663561,93.65079365079364,0,Normal Day,0,0,0,0
2020-03-23,137.00999450683594,140.57000732421875,132.52000427246094,135.97999572753906,135.97999572753906,78975200.0,MSFT,-0.009974592756435965,-0.21720736399034166,0.345955397365929,82.53968253968253,0,Normal Day,0,0,0,0
2020-03-24,143.75,149.60000610351562,141.27000427246094,148.33999633789062,148.33999633789062,82516700.0,MSFT,0.09089572730327994,2.191045454276299,0.5128318572841823,79.36507936507937,0,Normal Day,0,0,0,0
2020-03-25,148.91000366210938,154.3300018310547,144.44000244140625,146.9199981689453,146.9199981689453,75638200.0,MSFT,-0.009572591371182345,-0.22579378094747515,0.06928924298701819,85.71428571428571,0,Normal Day,0,0,0,0
2020-03-26,148.39999389648438,156.66000366210938,148.3699951171875,156.11000061035156,156.11000061035156,64568100.0,MSFT,0.06255106558631005,1.4609368619501415,-0.7561385855303803,76.19047619047619,0,Normal Day,0,0,0,0
2020-03-27,151.75,154.88999938964844,149.1999969482422,149.6999969482422,149.6999969482422,57042300.0,MSFT,-0.041060813766240746,-0.964627515688815,-1.2478518999728108,65.07936507936508,0,Normal Day,0,0,0,0
2020-03-30,152.44000244140625,160.60000610351562,150.00999450683594,160.22999572753906,160.22999572753906,63420300.0,MSFT,0.07034067464234856,1.5917714325679915,-0.6474546960937952,82.53968253968253,0,Normal Day,0,0,0,0
2020-01-02,1875.0,1898.010009765625,1864.1500244140625,1898.010009765625,1898.010009765625,4029000.0,AMZN,0.027150643385419195,2.4386252796102617,0.7024223003708497,85.71428571428571,0,Normal Day,0,0,0,0
2020-01-03,1864.5,1886.199951171875,1864.5,1874.969970703125,1874.969970703125,3764400.0,AMZN,-0.012139050344284058,-1.279518984387471,0.522116628801168,50.79365079365079,0,Normal Day,0,0,0,0
2020-01-06,1860.0,1903.68994140625,1860.0,1902.8800048828125,1902.8800048828125,4061800.0,AMZN,0.014885589964526776,1.2570005616962643,0.6519508094811592,92.06349206349206,0,Normal Day,0,0,0,0
2020-01-07,1904.5,1913.8900146484373,1892.0400390625,1906.8599853515625,1906.8599853515625,4044900.0,AMZN,0.0020915561982559716,0.04835104551836998,0.5960538587906105,47.61904761904761,0,Normal Day,0,0,0,0
2020-01-08,1898.0400390625,1911.0,1886.43994140625,1891.969970703125,1891.969970703125,3508000.0,AMZN,-0.0078086565153299755,-0.9073948718947177,0.24367324663183124,60.317460317460316,0,Normal Day,0,0,0,0
2020-01-09,1909.8900146484373,1917.8199462890625,1895.800048828125,1901.050048828125,1901.050048828125,3167300.0,AMZN,0.004799271799026235,0.3041079416539048,-0.028541516981320268,52.38095238095238,0,Normal Day,0,0,0,0
2020-01-10,1905.3699951171875,1906.93994140625,1880.0,1883.1600341796875,1883.1600341796875,2853700.0,AMZN,-0.00941059634882603,-1.0356204069655797,-0.29500485486669875,68.25396825396825,0,Normal Day,0,0,0,0
2020-01-13,1891.31005859375,1898.0,1880.800048828125,1891.300048828125,1891.300048828125,2780800.0,AMZN,0.0043225294190057115,0.27306774647923465,-0.39972774709882963,30.158730158730158,0,Normal Day,0,0,0,0
2020-01-14,1885.8800048828125,1887.1099853515625,1858.550048828125,1869.43994140625,1869.43994140625,3440900.0,AMZN,-0.011558243989587913,-1.2019857329624235,0.1150217704334841,71.42857142857143,0,Normal Day,0,0,0,0
2020-01-15,1872.25,1878.8599853515625,1855.0899658203125,1862.02001953125,1862.02001953125,2896600.0,AMZN,-0.0039690613807141124,-0.4645563707510977,-0.3183466666053789,58.73015873015873,0,Normal Day,0,0,0,0
2020-01-16,1882.989990234375,1885.5899658203125,1866.02001953125,1877.93994140625,1877.93994140625,2659500.0,AMZN,0.00854981241233256,0.7281616686374598,-0.507174190052949,38.095238095238095,0,Normal Day,0,0,0,0
2020-01-17,1885.8900146484373,1886.6400146484373,1857.25,1864.719970703125,1864.719970703125,3997300.0,AMZN,-0.00703961314823814,-0.7396458213208075,0.4846252228800057,74.6031746031746,0,Normal Day,0,0,0,0
2020-01-21,1865.0,1894.27001953125,1860.0,1892.0,1892.0,3707800.0,AMZN,0.014629558177890158,1.2891007975771802,0.2876232544068286,88.88888888888889,0,Normal Day,0,0,0,0
2020-01-22,1896.0899658203125,1902.5,1883.3399658203125,1887.4599609375,1887.4599609375,3216300.0,AMZN,-0.0023995978131606767,-0.32547972660708757,-0.08386802753192128,34.92063492063492,0,Normal Day,0,0,0,0
2020-01-23,1885.1099853515625,1889.97998046875,1872.760009765625,1884.5799560546875,1884.5799560546875,2484600.0,AMZN,-0.001525862769232998,-0.25787893116036853,-0.648282770580402,30.158730158730158,0,Normal Day,0,0,0,0
2020-01-24,1891.3699951171875,1894.989990234375,1847.43994140625,1861.6400146484373,1861.6400146484373,3766200.0,AMZN,-0.012172442635055038,-1.2773387746142242,0.33996134718299886,96.82539682539682,1,Normal Day,0,0,0,0
2020-01-27,1820.0,1841.0,1815.3399658203125,1828.3399658203125,1828.3399658203125,3528500.0,AMZN,-0.01788748016055797,-1.7575889830882532,0.0013239051530753386,68.25396825396825,0,Normal Day,0,0,0,0
2020-01-28,1840.5,1858.1099853515625,1830.02001953125,1853.25,1853.25,2808000.0,AMZN,0.01362439953475022,1.2188406319233707,-0.901955295511597,74.6031746031746,0,Normal Day,0,0,0,0
2020-01-29,1864.0,1874.75,1855.02001953125,1858.0,1858.0,2088000.0,AMZN,0.0025630648860110617,0.17299062870446394,-2.2849315918725575,44.44444444444444,0,Normal Day,0,0,0,0
2020-01-30,1858.0,1872.8699951171875,1850.6099853515625,1870.6800537109373,1870.6800537109373,6327400.0,AMZN,0.006824571426769253,0.5610215163939921,2.6945432420569078,55.55555555555555,1,Normal Day,0,0,0,0
2020-01-31,2051.469970703125,2055.719970703125,2002.27001953125,2008.719970703125,2008.719970703125,15567300.0,AMZN,0.07379130210874534,5.192655948415931,3.5902359660369285,98.4126984126984,1,Spike + Volume Shock + Range Shock,1,1,1,1
2020-02-03,2010.5999755859373,2048.5,2000.25,2004.199951171875,2004.199951171875,5899100.0,AMZN,-0.002250198931246663,-0.30788855404062254,1.1220065189544361,95.23809523809523,1,Normal Day,0,0,0,0
2020-02-04,2029.8800048828125,2059.800048828125,2015.3699951171875,2049.669921875,2049.669921875,5289300.0,AMZN,0.02268734248623161,1.455982156238805,0.809376554862557,88.88888888888889,0,Normal Day,0,0,0,0
2020-02-05,2071.02001953125,2071.02001953125,2032.0,2039.8699951171875,2039.8699951171875,4376200.0,AMZN,-0.004781221919306748,-0.48527691916143806,0.3567382040495941,87.30158730158729,0,Normal Day,0,0,0,0
2020-02-06,2041.02001953125,2056.300048828125,2024.800048828125,2050.22998046875,2050.22998046875,3183000.0,AMZN,0.005078747849794876,0.2085033091275934,-0.35891985214982836,71.42857142857143,0,Normal Day,0,0,0,0
2020-02-07,2041.989990234375,2098.530029296875,2038.0999755859373,2079.280029296875,2079.280029296875,5095300.0,AMZN,0.014169165949608835,0.83176591801825,0.6868988616475954,98.4126984126984,1,Range Shock,0,0,0,0
2020-02-10,2085.010009765625,2135.60009765625,2084.9599609375,2133.909912109375,2133.909912109375,5056200.0,AMZN,0.02627346102630223,1.6216646010390092,0.6144572814336349,90.47619047619047,0,Normal Day,0,0,0,0
2020-02-11,2150.89990234375,2185.949951171875,2136.0,2150.800048828125,2150.800048828125,5746000.0,AMZN,0.007915112359197047,0.3372247111900196,0.8262658943845079,87.30158730158729,0,Normal Day,0,0,0,0
2020-02-12,2163.199951171875,2180.25,2155.2900390625,2160.0,2160.0,3334300.0,AMZN,0.0042774553482494305,0.07165570931147933,-0.4373662693441627,41.269841269841265,0,Normal Day,0,0,0,0
2020-02-13,2144.989990234375,2170.280029296875,2142.0,2149.8701171875,2149.8701171875,3031800.0,AMZN,-0.0046897605613425925,-0.5430998818397447,-0.6380471422910129,50.79365079365079,0,Normal Day,0,0,0,0
2020-02-14,2155.679931640625,2159.0400390625,2125.889892578125,2134.8701171875,2134.8701171875,2606200.0,AMZN,-0.00697716568088461,-0.7153282967024089,-0.9627765868875702,68.25396825396825,0,Normal Day,0,0,0,0
2020-02-18,2125.02001953125,2166.070068359375,2124.110107421875,2155.669921875,2155.669921875,2945600.0,AMZN,0.0097428899866292,0.4459256013328872,-0.7030906540409197,82.53968253968253,0,Normal Day,0,0,0,0
2020-02-19,2167.800048828125,2185.10009765625,2161.1201171875,2170.219970703125,2170.219970703125,2561200.0,AMZN,0.006749664538376719,0.220572225806395,-0.9509633381904857,33.33333333333333,0,Normal Day,0,0,0,0
2020-02-20,2173.070068359375,2176.7900390625,2127.449951171875,2153.10009765625,2153.10009765625,3131300.0,AMZN,-0.007888542764320968,-0.7886568215377665,-0.481735709219811,84.12698412698413,0,Normal Day,0,0,0,0
2020-02-21,2142.14990234375,2144.550048828125,2088.0,2095.969970703125,2095.969970703125,4646300.0,AMZN,-0.026533892695148643,-1.9972091523423192,0.35553873188243124,96.82539682539682,1,Normal Day,0,0,0,0
2020-02-24,2003.1800537109373,2039.300048828125,1987.969970703125,2009.2900390625,2009.2900390625,6547000.0,AMZN,-0.04135552171653819,-2.77357666577869,1.0161402078448663,93.65079365079364,1,Normal Day,0,0,0,0
2020-02-25,2026.4200439453125,2034.5999755859373,1958.4200439453125,1972.739990234375,1972.739990234375,6219100.0,AMZN,-0.018190529051335277,-1.2773530436272293,0.8340747149657354,100.0,1,Range Shock,0,0,0,0
2020-02-26,1970.280029296875,2014.6700439453125,1960.449951171875,1979.5899658203125,1979.5899658203125,5224600.0,AMZN,0.0034723154697764687,0.08487030878045802,0.4122328056879822,95.23809523809523,1,Normal Day,0,0,0,0
2020-02-27,1934.3800048828125,1975.0,1882.760009765625,1884.300048828125,1884.300048828125,8144000.0,AMZN,-0.048136189128793035,-2.8900809019729516,1.2481480786263919,100.0,1,Range Shock,0,0,0,0
2020-02-28,1814.6300048828125,1889.760009765625,1811.1300048828125,1883.75,1883.75,9493800.0,AMZN,-0.00029191148642546805,-0.06961528261081695,1.4521530418781654,98.4126984126984,1,Range Shock,0,0,0,0
2020-03-02,1906.489990234375,1954.510009765625,1870.0,1953.949951171875,1953.949951171875,6761700.0,AMZN,0.03726606565195753,2.052829723006978,0.6987673857895732,98.4126984126984,1,Range Shock,0,0,0,0
2020-03-03,1975.3699951171875,1996.3299560546875,1888.0899658203125,1908.989990234375,1908.989990234375,7534500.0,AMZN,-0.023009781243647214,-1.3580640256432546,1.189498591074295,100.0,1,Range Shock,0,0,0,0
2020-03-04,1946.5699462890625,1978.0,1922.0,1975.8299560546875,1975.8299560546875,4772900.0,AMZN,0.035013261547854564,1.8268115219810024,0.043595976403928316,88.88888888888889,0,Normal Day,0,0,0,0
2020-03-05,1933.0,1960.719970703125,1910.0,1924.030029296875,1924.030029296875,4748200.0,AMZN,-0.026216793909353386,-1.4985559262779409,0.04357560217486386,82.53968253968253,0,Normal Day,0,0,0,0
2020-03-06,1875.0,1910.8699951171875,1869.5,1901.0899658203125,1901.0899658203125,5273600.0,AMZN,-0.011922923825126474,-0.7175150231112113,0.29245012351267263,68.25396825396825,0,Normal Day,0,0,0,0
2020-03-09,1773.8599853515625,1862.77001953125,1761.2900390625,1800.6099853515625,1800.6099853515625,7813200.0,AMZN,-0.05285387976123124,-2.7188652689000214,1.1876365379627654,98.4126984126984,1,Range Shock,0,0,0,0
2020-03-10,1870.8800048828125,1894.27001953125,1818.1700439453125,1891.8199462890625,1891.8199462890625,7133300.0,AMZN,0.05065503450470513,2.3804292717606725,0.8939634643437936,92.06349206349206,0,Normal Day,0,0,0,0
2020-03-11,1857.8499755859373,1871.3199462890625,1801.5,1820.8599853515625,1820.8599853515625,5624800.0,AMZN,-0.0375088343246898,-1.8053157862988807,0.28423321832293935,88.88888888888889,0,Normal Day,0,0,0,0
2020-03-12,1721.97998046875,1765.0,1675.0,1676.6099853515625,1676.6099853515625,11346200.0,AMZN,-0.0792208083874988,-3.3559687638059836,1.7930319177417975,96.82539682539682,1,Crash,0,0,0,0
2020-03-13,1755.0,1786.31005859375,1680.6199951171875,1785.0,1785.0,8809700.0,AMZN,0.06464831749508493,2.5719750839140514,1.1016282159481547,100.0,1,Range Shock,0,0,0,0
2020-03-16,1641.510009765625,1759.449951171875,1626.030029296875,1689.1500244140625,1689.1500244140625,8917300.0,AMZN,-0.0536974653142507,-2.0686599612126053,1.032526731221663,100.0,1,Range Shock,0,0,0,0
2020-03-17,1775.469970703125,1857.780029296875,1689.239990234375,1807.8399658203125,1807.8399658203125,10917100.0,AMZN,0.07026607446986334,2.546106389585051,1.4017139336240194,100.0,1,Range Shock,0,0,0,0
2020-03-18,1750.0,1841.6600341796875,1745.0,1830.0,1830.0,9645200.0,AMZN,0.01225774106041091,0.4155562960234572,1.0260834790222417,90.47619047619047,0,Normal Day,0,0,0,0
2020-03-19,1860.0,1945.0,1832.6500244140625,1880.9300537109373,1880.9300537109373,10399900.0,AMZN,0.02783063044313512,0.9701484407997241,1.20465469025566,96.82539682539682,1,Normal Day,0,0,0,0
2020-03-20,1926.31005859375,1957.0,1820.72998046875,1846.0899658203125,1846.0899658203125,9817900.0,AMZN,-0.01852279824116151,-0.7042303846916648,1.0080585267294606,96.82539682539682,1,Normal Day,0,0,0,0
2020-03-23,1827.75,1919.4000244140625,1812.0,1902.8299560546875,1902.8299560546875,7808500.0,AMZN,0.03073522487251184,1.0555596565373495,0.14962950703008812,90.47619047619047,0,Normal Day,0,0,0,0
2020-03-24,1951.5,1955.0,1900.3399658203125,1940.0999755859373,1940.0999755859373,7147100.0,AMZN,0.01958662644166331,0.6403164925684774,-0.1905187401761643,69.84126984126983,0,Normal Day,0,0,0,0
2020-03-25,1920.68994140625,1950.260009765625,1885.780029296875,1885.8399658203125,1885.8399658203125,6479100.0,AMZN,-0.027967635920018757,-1.0343588233248298,-0.5613668117965971,73.01587301587301,0,Normal Day,0,0,0,0
2020-03-26,1902.0,1956.489990234375,1889.2900390625,1955.489990234375,1955.489990234375,6221300.0,AMZN,0.036933157466394965,1.2304198461910965,-0.7686843662913351,73.01587301587301,0,Normal Day,0,0,0,0
2020-03-27,1930.8599853515625,1939.7900390625,1899.9200439453125,1900.0999755859373,1900.0999755859373,5387900.0,AMZN,-0.02832538899460128,-1.0254817212548704,-1.1983520202260918,44.44444444444444,0,Normal Day,0,0,0,0
2020-03-30,1922.8299560546875,1973.6300048828125,1912.3399658203125,1963.949951171875,1963.949951171875,6126100.0,AMZN,0.033603482135853506,1.1350502933396118,-0.6543150253378592,71.42857142857143,0,Normal Day,0,0,0,0
2020-01-02,238.75,239.91000366210935,236.72000122070312,239.91000366210935,239.7665863037109,5938400.0,NVDA,0.019591986531012014,0.7545451244928519,-0.5151389666360344,12.698412698412698,0,Normal Day,0,0,0,0
2020-01-03,235.1000061035156,237.8300018310547,234.1000061035156,236.07000732421875,235.92889404296875,5134600.0,NVDA,-0.016005951120649384,-1.1185845930613103,-0.833668344887301,23.809523809523807,0,Normal Day,0,0,0,0
2020-01-06,232.32000732421875,237.2700042724609,231.2700042724609,237.05999755859372,236.9182891845703,6565900.0,NVDA,0.00419361581638817,-0.010260643978724426,-0.12977755584012,68.25396825396825,0,Normal Day,0,0,0,0
2020-01-07,238.1999969482422,241.7700042724609,236.38999938964844,239.92999267578125,239.7865753173828,7871400.0,NVDA,0.012106647159595063,0.4250084663854552,0.32319017160953833,55.55555555555555,0,Normal Day,0,0,0,0
2020-01-08,239.75999450683597,242.0399932861328,238.1499938964844,240.3800048828125,240.2363128662109,6927700.0,NVDA,0.0018755743445304288,-0.18035369437231819,-0.07635616009547176,30.158730158730158,0,Normal Day,0,0,0,0
2020-01-09,243.8500061035156,245.92999267578125,240.8600006103516,243.0200042724609,242.87474060058597,6377800.0,NVDA,0.010982634985096586,0.3536045619617897,-0.3528425000266486,50.79365079365079,0,Normal Day,0,0,0,0
2020-01-10,247.3300018310547,248.5500030517578,243.75,244.32000732421875,244.1739654541016,7907400.0,NVDA,0.005349361775139207,0.034632077879834404,0.2636045865024635,49.2063492063492,0,Normal Day,0,0,0,0
2020-01-13,247.66000366210935,252.9900054931641,246.75,251.97999572753903,251.8293609619141,7996000.0,NVDA,0.03135221846266619,1.5044670550092303,0.2546030524899394,66.66666666666666,0,Normal Day,0,0,0,0
2020-01-14,250.25999450683597,251.27999877929688,246.75,247.27999877929688,247.13218688964844,8977200.0,NVDA,-0.018652209791280214,-1.3112860391473522,0.6325193539694464,41.269841269841265,0,Normal Day,0,0,0,0
2020-01-15,247.7899932861328,248.69000244140625,244.52999877929688,245.57000732421875,245.4232177734375,6577600.0,NVDA,-0.006915202498386181,-0.6348904306667873,-0.2582543578953606,34.92063492063492,0,Normal Day,0,0,0,0
2020-01-16,247.72000122070312,249.1699981689453,246.77999877929688,248.92999267578125,248.78118896484372,7104800.0,NVDA,0.013682369670933633,0.5753111221931115,0.010217190351689566,1.5873015873015872,0,Normal Day,0,0,0,0
2020-01-17,249.6999969482422,250.0,247.3699951171875,249.27999877929688,249.1309814453125,6344800.0,NVDA,0.0014060246352396403,-0.16235448570860933,-0.3216421495034912,6.349206349206349,0,Normal Day,0,0,0,0
2020-01-21,247.80999755859372,249.2899932861328,246.57000732421875,247.94000244140625,247.7917938232422,5447900.0,NVDA,-0.005375435902436252,-0.591075293988814,-0.7450434897697353,9.523809523809524,0,Normal Day,0,0,0,0
2020-01-22,249.75999450683597,253.58999633789065,249.0,250.1100006103516,249.9604949951172,5981000.0,NVDA,0.008752110545767322,0.2935648468649838,-0.3695868555695026,49.2063492063492,0,Normal Day,0,0,0,0
2020-01-23,251.72000122070312,253.1999969482422,248.1499938964844,252.8600006103516,252.70884704589844,6112900.0,NVDA,0.010995145656256351,0.41962723227452126,-0.19041441435541553,58.73015873015873,0,Normal Day,0,0,0,0
2020-01-24,257.5,259.5,248.3000030517578,250.47999572753903,250.33026123046875,9337800.0,NVDA,-0.009412356722903631,-0.8345225138862006,1.699074409785687,96.82539682539682,1,Normal Day,0,0,0,0
2020-01-27,238.2400054931641,242.25,232.22999572753903,240.1999969482422,240.0564117431641,11763400.0,NVDA,-0.04104118070585941,-2.5845397559078216,2.564832250768355,95.23809523809523,1,Normal Day,0,0,0,0
2020-01-28,242.8500061035156,249.2700042724609,240.7100067138672,247.97000122070312,247.82177734375,7774400.0,NVDA,0.032348086619298715,1.7178763308998999,0.5719866368705868,87.30158730158729,0,Normal Day,0,0,0,0
2020-01-29,247.38999938964844,248.83999633789065,243.94000244140625,245.5399932861328,245.39321899414065,6471200.0,NVDA,-0.009799616384159526,-0.7457123189122965,-0.3623914348099254,55.55555555555555,0,Normal Day,0,0,0,0
2020-01-30,241.6100006103516,246.3500061035156,239.3999938964844,245.80999755859372,245.66305541992188,7262600.0,NVDA,0.0010996083220525526,-0.12502097578875151,0.19520258357767944,80.95238095238095,0,Normal Day,0,0,0,0
2020-01-31,243.97000122070312,244.4499969482422,234.75,236.42999267578125,236.2886657714844,9260500.0,NVDA,-0.03815954186686087,-2.318764022445411,1.2911981422548473,93.65079365079364,0,Normal Day,0,0,0,0
2020-02-03,235.6999969482422,241.1100006103516,235.4499969482422,240.3300018310547,240.18634033203125,6398200.0,NVDA,0.016495393665290323,0.7672459597217887,-0.5787397942717307,66.66666666666666,0,Normal Day,0,0,0,0
2020-02-04,246.02999877929688,247.8999938964844,244.0200042724609,247.1300048828125,246.98226928710935,6788600.0,NVDA,0.02829440236144766,1.3976359420891495,-0.37439383450168173,26.984126984126984,0,Normal Day,0,0,0,0
2020-02-05,251.9900054931641,252.3999938964844,247.41000366210935,250.75999450683597,250.61009216308597,5205500.0,NVDA,0.0146885964180667,0.6777206838654499,-1.648343465670791,55.55555555555555,0,Normal Day,0,0,0,0
2020-02-06,252.13999938964844,254.25,248.8800048828125,254.25,254.0980224609375,5457100.0,NVDA,0.013917756734161141,0.6155792186924383,-1.2686049816353187,60.317460317460316,0,Normal Day,0,0,0,0
2020-02-07,252.63999938964844,253.52999877929688,250.57000732421875,251.58999633789065,251.43960571289065,4743800.0,NVDA,-0.010462170158980773,-0.7870265957124574,-1.7176672125233312,14.285714285714285,0,Normal Day,0,0,0,0
2020-02-10,252.5,263.0,252.3000030517578,262.9700012207031,262.81280517578125,13240200.0,NVDA,0.0452323309633138,2.2767239915274935,2.3393887036826673,92.06349206349206,0,Normal Day,0,0,0,0
2020-02-11,267.32000732421875,272.5,264.8299865722656,267.8900146484375,267.7298889160156,15963900.0,NVDA,0.01870945267277066,0.7945891639791975,2.4370280300075744,79.36507936507937,0,Normal Day,0,0,0,0
2020-02-12,270.010009765625,272.79998779296875,268.45001220703125,272.5400085449219,272.3771057128906,9366100.0,NVDA,0.017357855769076228,0.7042681816276891,0.7057342404217001,30.158730158730158,0,Normal Day,0,0,0,0
2020-02-13,270.2099914550781,273.4800109863281,269.1099853515625,270.7799987792969,270.6181335449219,13200400.0,NVDA,-0.006457856152649118,-0.5831907369296434,1.6190402947901714,34.92063492063492,0,Normal Day,0,0,0,0
2020-02-14,287.260009765625,294.9700012207031,286.0,289.7900085449219,289.6167907714844,26048100.0,NVDA,0.070204671718382,3.220198442279703,2.705386388672986,80.95238095238095,1,Spike,1,0,1,0
2020-02-18,285.6400146484375,297.3099975585937,284.8599853515625,296.57000732421875,296.3927307128906,15504100.0,NVDA,0.02339622617651562,0.8733481768826549,1.346746049654645,95.23809523809523,1,Normal Day,0,0,0,0
2020-02-19,301.489990234375,315.4100036621094,301.489990234375,314.70001220703125,314.51190185546875,17358300.0,NVDA,0.06113230610952393,2.574640977149712,1.424540682728772,96.82539682539682,1,Normal Day,0,0,0,0
2020-02-20,312.7699890136719,316.32000732421875,296.3500061035156,308.70001220703125,308.5154724121094,20251300.0,NVDA,-0.01906582678742308,-1.213000322068417,1.55640340960099,100.0,1,Range Shock,0,0,0,0
2020-02-21,304.19000244140625,305.20001220703125,290.6600036621094,294.07000732421875,293.89422607421875,19204500.0,NVDA,-0.04739226277235078,-2.4561491533302706,1.303948830354238,98.4126984126984,1,Range Shock,0,0,0,0
2020-02-24,270.19000244140625,281.8699951171875,268.0,273.2799987792969,273.1166381835937,21422900.0,NVDA,-0.07069750286750437,-3.175532508259472,1.3666306692866095,98.4126984126984,1,Crash + Range Shock,0,0,0,0
2020-02-25,276.29998779296875,278.7900085449219,257.9599914550781,262.04998779296875,261.8933410644531,26387400.0,NVDA,-0.04109342145459507,-1.8474591895869878,1.565823486926491,100.0,1,Range Shock,0,0,0,0
2020-02-26,262.0599975585937,275.45001220703125,262.0,267.6499938964844,267.489990234375,18693300.0,NVDA,0.021369955979692185,0.7078084154238483,0.8825016943758314,95.23809523809523,1,Normal Day,0,0,0,0
2020-02-27,254.8999938964844,267.0,248.88999938964844,252.6000061035156,252.6000061035156,22660400.0,NVDA,-0.05566557506623999,-2.337127731085922,1.1099244612111019,98.4126984126984,1,Range Shock,0,0,0,0
2020-02-28,242.4600067138672,272.4599914550781,241.7899932861328,270.07000732421875,270.07000732421875,28366900.0,NVDA,0.06916073158582561,2.5043953398214858,1.351484274744696,100.0,1,Range Shock,0,0,0,0
2020-03-02,276.8999938964844,277.5899963378906,261.0,276.42999267578125,276.42999267578125,22268600.0,NVDA,0.023549395264492828,0.7420822915931469,0.8528787379702494,93.65079365079364,0,Normal Day,0,0,0,0
2020-03-03,278.6700134277344,281.07000732421875,262.4599914550781,265.8900146484375,265.8900146484375,16319800.0,NVDA,-0.03812892344032242,-1.5630746544843686,0.2760738633733276,95.23809523809523,1,Normal Day,0,0,0,0
2020-03-04,270.20001220703125,284.8900146484375,267.20001220703125,284.510009765625,284.510009765625,14935200.0,NVDA,0.07002893712201659,2.3522746577082443,0.05540007993598871,92.06349206349206,0,Normal Day,0,0,0,0
2020-03-05,276.5,283.20001220703125,271.5,273.2900085449219,273.2900085449219,13508200.0,NVDA,-0.03943622661974526,-1.575377523161048,-0.19684752090603327,80.95238095238095,0,Normal Day,0,0,0,0
2020-03-06,266.0799865722656,268.3900146484375,258.0,266.0400085449219,266.0400085449219,12885300.0,NVDA,-0.026528595167460305,-1.0850661074504464,-0.41570852272218844,71.42857142857143,0,Normal Day,0,0,0,0
2020-03-09,239.8999938964844,259.3999938964844,238.17999267578125,245.44000244140625,245.44000244140625,15354000.0,NVDA,-0.07743198557309186,-2.6707535018745983,-0.16882061384485922,98.4126984126984,1,Range Shock,0,0,0,0
2020-03-10,256.5400085449219,261.0799865722656,245.9900054931641,261.0799865722656,261.0799865722656,14516200.0,NVDA,0.06372222936476339,1.93091549192188,-0.6293938245881437,87.30158730158729,0,Normal Day,0,0,0,0
2020-03-11,255.4600067138672,256.6000061035156,242.57000732421875,246.47000122070312,246.47000122070312,12499100.0,NVDA,-0.055959805818047756,-1.8426488734844255,-1.140949686627283,85.71428571428571,0,Normal Day,0,0,0,0
2020-03-12,225.4600067138672,236.1199951171875,215.8000030517578,216.30999755859372,216.30999755859372,20413500.0,NVDA,-0.12236784806562498,-3.4589102281282806,0.5455877476147635,98.4126984126984,1,Crash + Range Shock,0,0,0,0
2020-03-13,230.5,241.0200042724609,219.6100006103516,240.83999633789065,240.83999633789065,15870900.0,NVDA,0.11340205749229082,2.89921926617663,-0.488750976746959,96.82539682539682,1,Normal Day,0,1,1,0
2020-03-16,212.41000366210935,226.1000061035156,194.0,196.3999938964844,196.3999938964844,18174300.0,NVDA,-0.1845208566564599,-4.097325601417422,-0.004261656584675058,100.0,1,Crash + Range Shock,1,1,1,1
2020-03-17,200.91000366210935,220.8600006103516,191.0,217.2700042724609,217.2700042724609,20840800.0,NVDA,0.10626278525739853,2.258148695640835,0.6483317831408547,98.4126984126984,1,Range Shock,0,0,0,0
2020-03-18,200.1000061035156,209.94000244140625,180.67999267578125,202.82000732421875,202.82000732421875,21856700.0,NVDA,-0.0665070956141814,-1.3888264162052992,0.7828489153231072,98.4126984126984,1,Range Shock,0,0,0,0
2020-03-19,201.9600067138672,216.72999572753903,193.38999938964844,212.97000122070312,212.97000122070312,19137800.0,NVDA,0.050044342421598775,1.0427599081252559,0.17742811915741782,93.65079365079364,0,Normal Day,0,0,0,0
2020-03-20,219.0,230.32000732421875,205.1300048828125,205.75,205.75,20115900.0,NVDA,-0.03390149401004585,-0.6933155007870028,0.3987339606855956,95.23809523809523,1,Normal Day,0,0,0,0
2020-03-23,205.7100067138672,216.47999572753903,198.5200042724609,212.69000244140625,212.69000244140625,16096900.0,NVDA,0.03373026702992102,0.7088267022196995,-0.5432786536791323,85.71428571428571,0,Normal Day,0,0,0,0
2020-03-24,229.0,252.66000366210935,228.0500030517578,249.17999267578125,249.17999267578125,27541100.0,NVDA,0.17156420055252758,3.210628192897432,1.6481552376264343,90.47619047619047,1,Spike,0,0,0,0
2020-03-25,253.8000030517578,261.82000732421875,243.66000366210935,245.6199951171875,245.6199951171875,19835800.0,NVDA,-0.014286851525940187,-0.3052866719100141,0.3759544417454439,80.95238095238095,0,Normal Day,0,0,0,0
2020-03-26,253.94000244140625,262.2200012207031,250.0,257.239990234375,257.239990234375,17402700.0,NVDA,0.047308832131697974,0.8410514896148358,-0.17831922400375103,63.49206349206349,0,Normal Day,0,0,0,0
2020-03-27,250.0,263.1199951171875,248.67999267578125,252.72999572753903,252.72999572753903,15970700.0,NVDA,-0.017532244899896188,-0.3725869369417526,-0.48838547537318727,69.84126984126983,0,Normal Day,0,0,0,0
2020-03-30,255.3600006103516,265.9599914550781,253.58999633789065,265.5899963378906,265.5899963378906,15056300.0,NVDA,0.050884346249962305,0.8897069695553036,-0.6896281242998749,60.317460317460316,0,Normal Day,0,0,0,0
2020-01-02,1348.4100341796875,1368.6800537109375,1346.489990234375,1368.6800537109375,1368.6800537109375,1363900.0,GOOGL,0.021868192790871325,2.1593509917062623,0.2174231906990242,84.12698412698413,0,Normal Day,0,0,0,0
2020-01-03,1348.0,1373.75,1347.3199462890625,1361.52001953125,1361.52001953125,1170400.0,GOOGL,-0.005231342533468151,-0.8237890868867161,-0.30062995209697446,92.06349206349206,0,Normal Day,0,0,0,0
2020-01-06,1351.6300048828125,1398.3199462890625,1351.0,1397.81005859375,1397.81005859375,2338400.0,GOOGL,0.02665406203501443,2.613949482126727,1.9116196606398714,100.0,1,Range Shock,0,0,0,0
2020-01-07,1400.4599609375,1403.5,1391.56005859375,1395.1099853515625,1395.1099853515625,1716500.0,GOOGL,-0.0019316453087366364,-0.4576902106178568,0.845691165451758,26.984126984126984,0,Normal Day,0,0,0,0
2020-01-08,1394.8199462890625,1411.8499755859375,1392.6300048828125,1405.0400390625,1405.0400390625,1765700.0,GOOGL,0.007117756890282141,0.49020896213977994,0.9167216045394204,66.66666666666666,0,Normal Day,0,0,0,0
2020-01-09,1421.9300537109375,1428.6800537109375,1410.2099609375,1419.7900390625,1419.7900390625,1660000.0,GOOGL,0.01049792147549176,0.8628998412057014,0.7068718424682645,60.317460317460316,0,Normal Day,0,0,0,0
2020-01-10,1429.469970703125,1434.93994140625,1419.5999755859375,1428.9599609375,1428.9599609375,1312900.0,GOOGL,0.006458646435535624,0.4157964339394942,-0.08818433605421092,41.269841269841265,0,Normal Day,0,0,0,0
2020-01-13,1435.25,1441.47998046875,1425.3699951171875,1440.030029296875,1440.030029296875,1536500.0,GOOGL,0.007746940895469348,0.5523819523611021,0.36823148035943537,46.03174603174603,0,Normal Day,0,0,0,0
2020-01-14,1440.0,1442.6300048828125,1427.77001953125,1430.5899658203125,1430.5899658203125,1303800.0,GOOGL,-0.006555462930986106,-1.0003236169579988,-0.1596661649522885,38.095238095238095,0,Normal Day,0,0,0,0
2020-01-15,1433.02001953125,1440.780029296875,1431.6600341796875,1439.199951171875,1439.199951171875,1077500.0,GOOGL,0.006018485769698141,0.40967871954462254,-0.7224185212125946,7.936507936507936,0,Normal Day,0,0,0,0
2020-01-16,1445.449951171875,1450.699951171875,1440.0,1450.1600341796875,1450.1600341796875,1304000.0,GOOGL,0.007615399791313364,0.5754706745386483,-0.07879416466875007,20.634920634920633,0,Normal Day,0,0,0,0
2020-01-17,1462.5400390625,1480.550048828125,1456.550048828125,1479.52001953125,1479.52001953125,2621200.0,GOOGL,0.02024603123762859,1.916721466831853,1.9566238270857539,85.71428571428571,0,Normal Day,0,0,0,0
2020-01-21,1479.0,1489.8800048828125,1470.2099609375,1482.25,1482.25,2446500.0,GOOGL,0.001845179810148786,-0.10736419408819556,1.5463556722879892,63.49206349206349,0,Normal Day,0,0,0,0
2020-01-22,1489.72998046875,1500.5799560546875,1482.6600341796875,1483.8699951171875,1483.8699951171875,1422900.0,GOOGL,0.0010929297467954125,-0.19237330169312045,0.019361040052539493,55.55555555555555,0,Normal Day,0,0,0,0
2020-01-23,1487.550048828125,1493.5,1480.3199462890625,1484.68994140625,1484.68994140625,1332500.0,GOOGL,0.0005525728613427118,-0.2577698896725247,-0.08724536252721676,30.158730158730158,0,Normal Day,0,0,0,0
2020-01-24,1492.8199462890625,1494.199951171875,1463.1800537109375,1466.1700439453125,1466.1700439453125,1489300.0,GOOGL,-0.01247391589613388,-1.6319112317878215,0.19725354497700778,96.82539682539682,1,Normal Day,0,0,0,0
2020-01-27,1431.5400390625,1436.5799560546875,1419.5,1431.72998046875,1431.72998046875,1706600.0,GOOGL,-0.023489815263097204,-2.628976012896886,0.5612816288806315,53.96825396825397,1,Normal Day,0,1,1,0
2020-01-28,1441.739990234375,1454.800048828125,1430.3599853515625,1450.5,1450.5,1486200.0,GOOGL,0.013110027580133982,1.107338521657369,0.022657412801048448,87.30158730158729,0,Normal Day,0,0,0,0
2020-01-29,1458.4599609375,1464.1400146484375,1445.3900146484375,1456.699951171875,1456.699951171875,1078300.0,GOOGL,0.0042743544790589455,0.2386824402656305,-1.1267322692746304,60.317460317460316,0,Normal Day,0,0,0,0
2020-01-30,1438.0999755859375,1455.25,1435.0,1454.25,1454.25,1355500.0,GOOGL,-0.0016818502464451116,-0.43937384943809826,-0.36905985893840487,74.6031746031746,0,Normal Day,0,0,0,0
2020-01-31,1467.8599853515625,1469.6700439453125,1427.06005859375,1432.780029296875,1432.780029296875,2191100.0,GOOGL,-0.01476360371540313,-1.8040227077569093,1.3460142184747015,98.4126984126984,1,Range Shock,0,0,0,0
2020-02-03,1461.6500244140625,1486.300048828125,1456.6099853515625,1482.5999755859375,1482.5999755859375,3608800.0,GOOGL,0.034771524777262024,3.152225833778143,2.5455568049516097,93.65079365079364,1,Spike,1,0,1,0
2020-02-04,1454.489990234375,1467.3399658203125,1422.030029296875,1445.4100341796875,1445.4100341796875,4794000.0,GOOGL,-0.02508427223705584,-2.534901955774398,2.6501386974978844,98.4126984126984,1,Range Shock,0,0,0,0
2020-02-05,1463.6099853515625,1464.5799560546875,1429.6800537109375,1446.050048828125,1446.050048828125,1818800.0,GOOGL,0.0004427910650286353,-0.13483576678346892,0.1514890184027891,95.23809523809523,1,Normal Day,0,0,0,0
2020-02-06,1451.97998046875,1481.56005859375,1450.47998046875,1475.969970703125,1475.969970703125,1891100.0,GOOGL,0.02069079275592641,1.7017162575045044,0.24230432445517516,90.47619047619047,0,Normal Day,0,0,0,0
2020-02-07,1467.3900146484375,1485.25,1465.4100341796875,1479.1099853515625,1479.1099853515625,1418000.0,GOOGL,0.0021274244806902503,-0.00844360899579066,-0.4896931721213264,60.317460317460316,0,Normal Day,0,0,0,0
2020-02-10,1477.22998046875,1508.8800048828125,1475.199951171875,1508.6600341796875,1508.6600341796875,1915100.0,GOOGL,0.019978263361599437,1.5992155898630702,0.28301504220699114,93.65079365079364,0,Normal Day,0,0,0,0
2020-02-11,1513.27001953125,1529.8800048828125,1505.449951171875,1510.06005859375,1510.06005859375,1742600.0,GOOGL,0.0009279919811912718,-0.12712597736220388,-0.00043554069723361074,74.6031746031746,0,Normal Day,0,0,0,0
2020-02-12,1515.8599853515625,1520.300048828125,1508.6700439453125,1518.6300048828125,1518.6300048828125,1552100.0,GOOGL,0.005675235392321614,0.285259082034112,-0.31013504521193386,19.047619047619047,0,Normal Day,0,0,0,0
2020-02-13,1510.0,1525.949951171875,1504.0,1513.3900146484375,1513.3900146484375,1145700.0,GOOGL,-0.0034504719500648563,-0.5430724357212837,-1.0851324038380814,66.66666666666666,0,Normal Day,0,0,0,0
2020-02-14,1514.530029296875,1520.050048828125,1505.550048828125,1518.72998046875,1518.72998046875,1159900.0,GOOGL,0.0035284796176965534,0.08675344804729446,-1.074077621620005,26.984126984126984,0,Normal Day,0,0,0,0
2020-02-18,1514.3399658203125,1530.56005859375,1511.010009765625,1519.43994140625,1519.43994140625,1282100.0,GOOGL,0.000467470153766816,-0.17921893346632137,-0.8049057926937979,50.79365079365079,0,Normal Day,0,0,0,0
2020-02-19,1527.199951171875,1530.739990234375,1520.97998046875,1524.8699951171875,1524.8699951171875,1137300.0,GOOGL,0.003573720528836405,0.12926127552985714,-1.02091651021284,9.523809523809524,0,Normal Day,0,0,0,0
2020-02-20,1519.010009765625,1527.0699462890625,1504.260009765625,1516.989990234375,1516.989990234375,1298100.0,GOOGL,-0.005167656854712336,-0.6979683641379816,-0.6001130817537572,69.84126984126983,0,Normal Day,0,0,0,0
2020-02-21,1504.5799560546875,1510.949951171875,1478.489990234375,1483.4599609375,1483.4599609375,2126000.0,GOOGL,-0.022102999698564003,-2.1823386721864964,0.677295392074561,92.06349206349206,0,Normal Day,0,0,0,0
2020-02-24,1423.050048828125,1436.3800048828125,1406.7900390625,1419.8599853515625,1419.8599853515625,2478000.0,GOOGL,-0.04287272812253343,-3.589091612731776,0.9913210395528657,87.30158730158729,1,Crash,0,0,0,0
2020-02-25,1431.0,1436.8499755859375,1380.4200439453125,1386.3199462890625,1386.3199462890625,2579000.0,GOOGL,-0.02362207499931436,-1.939800972514806,1.003406741534582,100.0,1,Range Shock,0,0,0,0
2020-02-26,1394.97998046875,1413.6700439453125,1376.550048828125,1390.469970703125,1390.469970703125,2488800.0,GOOGL,0.002993554572428532,0.1389344747690263,0.8491098251366227,93.65079365079364,0,Normal Day,0,0,0,0
2020-02-27,1359.1400146484375,1369.4000244140625,1314.239990234375,1314.949951171875,1314.949951171875,3114500.0,GOOGL,-0.054312585760526326,-3.7670103831021953,1.2752556993448274,100.0,1,Crash + Range Shock,0,0,0,0
2020-02-28,1274.31005859375,1342.449951171875,1268.2099609375,1339.25,1339.25,4010900.0,GOOGL,0.01847982792536625,1.2333211412162313,1.6796697735774595,100.0,1,Range Shock,0,0,0,0
2020-03-02,1351.3900146484375,1387.469970703125,1325.199951171875,1386.3199462890625,1386.3199462890625,2771500.0,GOOGL,0.03514649713575695,2.2352845592782025,0.7365647038593232,98.4126984126984,1,Range Shock,0,0,0,0
2020-03-03,1397.6800537109375,1408.18994140625,1329.239990234375,1337.719970703125,1337.719970703125,2830100.0,GOOGL,-0.03505682488088784,-2.2354140115471353,0.7466688099466872,100.0,1,Range Shock,0,0,0,0
2020-03-04,1358.9599609375,1382.780029296875,1337.0,1381.5999755859375,1381.5999755859375,2379900.0,GOOGL,0.032802085521492615,1.9306499449156922,0.4067706371797137,90.47619047619047,0,Normal Day,0,0,0,0
2020-03-05,1345.550048828125,1353.6300048828125,1301.6400146484375,1314.760009765625,1314.760009765625,2719000.0,GOOGL,-0.048378667488008335,-2.787663375621659,0.8899306192268638,92.06349206349206,1,Normal Day,0,0,0,0
2020-03-06,1269.949951171875,1302.75,1257.2099609375,1295.739990234375,1295.739990234375,3232000.0,GOOGL,-0.014466533352075862,-0.8222093169103077,1.2339036461989972,90.47619047619047,0,Normal Day,0,0,0,0
2020-03-09,1204.9599609375,1252.72998046875,1198.0400390625,1215.7900390625,1215.7900390625,3462600.0,GOOGL,-0.061702156122706034,-3.1736327848005077,1.2805190624679608,96.82539682539682,1,Crash,0,0,0,0
2020-03-10,1254.3900146484375,1275.8499755859375,1214.510009765625,1275.1700439453125,1275.1700439453125,2743600.0,GOOGL,0.04884067394449179,2.4662412796163733,0.6298912380162094,96.82539682539682,1,Normal Day,0,0,0,0
2020-03-11,1248.27001953125,1256.9300537109375,1191.1400146484375,1210.9000244140625,1210.9000244140625,2736600.0,GOOGL,-0.050401136567168534,-2.33311572808367,0.5765365437340557,96.82539682539682,1,Normal Day,0,0,0,0
2020-03-12,1122.6199951171875,1188.75,1108.469970703125,1111.550048828125,1111.550048828125,4716300.0,GOOGL,-0.08204638994372104,-3.4015928472938373,1.6953715394618154,100.0,1,Crash + Range Shock,0,0,0,0
2020-03-13,1174.989990234375,1214.4000244140625,1112.2900390625,1214.27001953125,1214.27001953125,3970000.0,GOOGL,0.09241146704228,3.5732355598213967,1.1704752482360306,100.0,1,Spike + Range Shock,1,0,1,0
2020-03-16,1089.6099853515625,1145.469970703125,1067.0799560546875,1073.0,1073.0,4826000.0,GOOGL,-0.11634151980939551,-3.778712129278292,1.4894819867785427,98.4126984126984,1,Crash + Range Shock,0,0,0,0
2020-03-17,1090.6400146484375,1126.0,1049.0999755859375,1118.06005859375,1118.06005859375,4159700.0,GOOGL,0.041994462808713884,1.4590172450096932,1.06943387175695,95.23809523809523,1,Normal Day,0,0,0,0
2020-03-18,1059.93994140625,1104.989990234375,1037.0,1091.18994140625,1091.18994140625,4652200.0,GOOGL,-0.024032803051113487,-0.6873106401655379,1.2680595019106151,93.65079365079364,0,Normal Day,0,0,0,0
2020-03-19,1088.219970703125,1152.6099853515625,1055.550048828125,1111.6700439453125,1111.6700439453125,3703200.0,GOOGL,0.01876859542223159,0.6984895096408169,0.6160696988850515,100.0,1,Range Shock,0,0,0,0
2020-03-20,1130.9000244140625,1138.47998046875,1062.0999755859375,1068.2099609375,1068.2099609375,4143900.0,GOOGL,-0.0390944086732542,-1.1554333144230096,0.9966690370581953,93.65079365079364,0,Normal Day,0,0,0,0
2020-03-23,1056.3699951171875,1066.9100341796875,1008.8699951171876,1054.1300048828125,1054.1300048828125,4183600.0,GOOGL,-0.013180888186373415,-0.31156349761564356,0.9563054072125299,85.71428571428571,0,Normal Day,0,0,0,0
2020-03-24,1103.97998046875,1133.3299560546875,1086.4300537109375,1130.010009765625,1130.010009765625,3623400.0,GOOGL,0.07198353574163566,2.288583581659632,0.28710620026433326,76.19047619047619,0,Normal Day,0,0,0,0
2020-03-25,1124.5799560546875,1146.1700439453125,1083.010009765625,1101.6199951171875,1101.6199951171875,4516200.0,GOOGL,-0.02512368421791756,-0.6881400911860587,1.1392262498946641,87.30158730158729,0,Normal Day,0,0,0,0
2020-03-26,1114.719970703125,1171.47998046875,1092.030029296875,1162.9200439453125,1162.9200439453125,3828100.0,GOOGL,0.055645366914027425,1.7179913721756368,0.3417203360172148,90.47619047619047,0,Normal Day,0,0,0,0
2020-03-27,1127.469970703125,1151.050048828125,1104.0,1110.260009765625,1110.260009765625,3139700.0,GOOGL,-0.04528259225890847,-1.2609225007396916,-0.584212577845016,74.6031746031746,0,Normal Day,0,0,0,0
2020-03-30,1132.6400146484375,1151.0,1098.489990234375,1146.31005859375,1146.31005859375,2936800.0,GOOGL,0.0324699156152937,1.013533849572993,-0.8186006150081011,77.77777777777777,0,Normal Day,0,0,0,0
2020-01-02,424.5,430.7000122070313,421.7099914550781,430.260009765625,430.260009765625,9532100.0,TSLA,0.028518211881276383,0.600981009921192,0.053246779057975646,30.158730158730158,0,Normal Day,0,0,0,0
2020-01-03,440.5,454.0,436.9200134277344,443.010009765625,443.010009765625,17778500.0,TSLA,0.029633244342055613,0.6119818491596383,1.4646423029662567,82.53968253968253,0,Normal Day,0,0,0,0
2020-01-06,440.4700012207031,451.55999755859375,440.0,451.5400085449219,451.5400085449219,10133000.0,TSLA,0.01925464118476619,0.2637628267223021,0.015092668529047953,44.44444444444444,0,Normal Day,0,0,0,0
2020-01-07,461.3999938964844,471.6300048828125,453.3599853515625,469.05999755859375,469.05999755859375,17882100.0,TSLA,0.03880052416646239,0.8869060099718806,1.5044285438858633,84.12698412698413,0,Normal Day,0,0,0,0
2020-01-08,473.7000122070313,498.489990234375,468.2300109863281,492.1400146484375,492.1400146484375,31144300.0,TSLA,0.049204829254195045,1.18823500400625,2.509981694059462,98.4126984126984,1,Range Shock,0,0,0,0
2020-01-09,497.1000061035156,498.7999877929688,472.8699951171875,481.3399963378906,481.3399963378906,28440400.0,TSLA,-0.02194501155989504,-1.0494365668964478,1.9383284219494958,93.65079365079364,0,Normal Day,0,0,0,0
2020-01-10,481.7900085449219,484.9400024414063,473.7000122070313,478.1499938964844,478.1499938964844,12959500.0,TSLA,-0.006627337153937515,-0.5608271566738239,0.08680160443380391,41.269841269841265,0,Normal Day,0,0,0,0
2020-01-13,493.5,525.6300048828125,492.0,524.8599853515625,524.8599853515625,26517600.0,TSLA,0.09768899310116996,2.540592274328114,1.5837168013687175,98.4126984126984,1,Range Shock,0,0,0,0
2020-01-14,544.260009765625,547.4099731445312,524.9000244140625,537.9199829101562,537.9199829101562,28996200.0,TSLA,0.02488282193935185,0.37594831779584537,1.5966364727986326,85.71428571428571,0,Normal Day,0,0,0,0
2020-01-15,529.760009765625,537.8400268554688,516.7899780273438,518.5,518.5,17368800.0,TSLA,-0.03610199198232758,-1.4069998162458304,0.37906398625260584,84.12698412698413,0,Normal Day,0,0,0,0
2020-01-16,493.75,514.4600219726562,492.1700134277344,513.489990234375,513.489990234375,21736700.0,TSLA,-0.009662506780376084,-0.6187964717864846,0.8875142697828642,85.71428571428571,0,Normal Day,0,0,0,0
2020-01-17,507.6099853515625,515.6699829101562,503.1600036621094,510.5,510.5,13629100.0,TSLA,-0.005822879298991325,-0.4984020811595759,-0.2916205458895476,36.507936507936506,0,Normal Day,0,0,0,0
2020-01-21,530.25,548.5800170898438,528.4099731445312,547.2000122070312,547.2000122070312,17803500.0,TSLA,0.07189032753581048,1.7051900631619394,0.34780459647774303,71.42857142857143,0,Normal Day,0,0,0,0
2020-01-22,571.8900146484375,594.5,559.0999755859375,569.5599975585938,569.5599975585938,31369000.0,TSLA,0.04086254541804118,0.7871365911149236,1.5856443572946397,96.82539682539682,1,Normal Day,0,0,0,0
2020-01-23,564.25,582.0,555.5999755859375,572.2000122070312,572.2000122070312,19651000.0,TSLA,0.004635182702004818,-0.2531668492056866,0.46055409994871954,85.71428571428571,0,Normal Day,0,0,0,0
2020-01-24,570.6300048828125,573.8599853515625,554.260009765625,564.8200073242188,564.8200073242188,14353600.0,TSLA,-0.012897596514105446,-0.7509956514922964,-0.2778615712828229,66.66666666666666,0,Normal Day,0,0,0,0
2020-01-27,541.989990234375,564.4400024414062,539.280029296875,558.02001953125,558.02001953125,13608100.0,TSLA,-0.012039211969815035,-0.7963249242229571,-0.4926370784597812,84.12698412698413,0,Normal Day,0,0,0,0
2020-01-28,568.489990234375,576.8099975585938,558.0800170898438,566.9000244140625,566.9000244140625,11788500.0,TSLA,0.015913416314833853,0.2655049373471974,-0.8738323064578224,65.07936507936508,0,Normal Day,0,0,0,0
2020-01-29,575.6900024414062,589.7999877929688,567.4299926757812,580.989990234375,580.989990234375,17801500.0,TSLA,0.024854410325481344,0.5939517277812087,0.10148806979858482,74.6031746031746,0,Normal Day,0,0,0,0
2020-01-30,632.4199829101562,650.8800048828125,618.0,640.8099975585938,640.8099975585938,29005700.0,TSLA,0.1029621995726415,3.2773592592628775,1.2553362085595672,92.06349206349206,1,Spike,0,0,0,0
2020-01-31,640.0,653.0,632.52001953125,650.5700073242188,650.5700073242188,15719300.0,TSLA,0.015230738912953014,0.11806216354152176,-0.3963681989913871,53.96825396825397,0,Normal Day,0,0,0,0
2020-02-03,673.6900024414062,786.1400146484375,673.52001953125,780.0,780.0,47233500.0,TSLA,0.19894860079413157,5.052279762866808,2.236075762109996,100.0,1,Spike + Range Shock,1,1,1,1
2020-02-04,882.9600219726562,968.989990234375,833.8800048828125,887.0599975585938,887.0599975585938,60938800.0,TSLA,0.13725640712640225,3.0422779628923373,2.3206277298613087,100.0,1,Spike + Range Shock,1,0,1,0
2020-02-05,823.260009765625,845.97998046875,704.1099853515625,734.7000122070312,734.7000122070312,48423800.0,TSLA,-0.17175837685263057,-4.043124791789904,1.6481369657241454,100.0,1,Crash + Range Shock,1,0,1,0
2020-02-06,699.9199829101562,795.8300170898438,687.0,748.9600219726562,748.9600219726562,39880800.0,TSLA,0.019409295669926666,0.10114987519353828,1.1192241675950023,96.82539682539682,1,Normal Day,0,0,0,0
2020-02-07,730.5499877929688,769.75,730.0,748.0700073242188,748.0700073242188,17063500.0,TSLA,-0.0011883339862297664,-0.3358694523925933,-0.5892295991304906,85.71428571428571,0,Normal Day,0,0,0,0
2020-02-10,800.0,819.989990234375,752.4000244140625,771.280029296875,771.280029296875,24689200.0,TSLA,0.031026537283156796,0.36279180189634713,0.19541747503316742,93.65079365079364,0,Normal Day,0,0,0,0
2020-02-11,768.7899780273438,783.510009765625,758.0,774.3800048828125,774.3800048828125,11697500.0,TSLA,0.004019260797875893,-0.22358152158486108,-1.340421310589567,53.96825396825397,0,Normal Day,0,0,0,0
2020-02-12,777.8699951171875,789.75,763.3699951171875,767.2899780273438,767.2899780273438,12022500.0,TSLA,-0.009155746288337712,-0.49761530911032004,-1.1659132364428697,60.317460317460316,0,Normal Day,0,0,0,0
2020-02-13,741.8400268554688,818.0,735.0,804.0,804.0,26289300.0,TSLA,0.04784373968631195,0.7235727001946115,0.408167963248519,93.65079365079364,0,Normal Day,0,0,0,0
2020-02-14,787.219970703125,812.969970703125,785.5,800.030029296875,800.030029296875,15693700.0,TSLA,-0.004937774506374378,-0.41846682823729137,-0.6144474417189533,57.14285714285714,0,Normal Day,0,0,0,0
2020-02-18,841.5999755859375,860.0,832.3599853515625,858.4000244140625,858.4000244140625,16381700.0,TSLA,0.07295975523379707,1.227902518059627,-0.49861539358816886,46.03174603174603,0,Normal Day,0,0,0,0
2020-02-19,923.5,944.780029296875,901.02001953125,917.4199829101562,917.4199829101562,25423000.0,TSLA,0.06875577448448972,1.106559200002535,0.31978952965163193,79.36507936507937,0,Normal Day,0,0,0,0
2020-02-20,911.9500122070312,912.0,859.9400024414062,899.4099731445312,899.4099731445312,17634900.0,TSLA,-0.019631150510255168,-0.7548078414199119,-0.41736731390764725,85.71428571428571,0,Normal Day,0,0,0,0
2020-02-21,906.97998046875,913.0599975585938,880.4500122070312,901.0,901.0,14314800.0,TSLA,0.0017678554863136253,-0.295228128444372,-0.762267213991343,57.14285714285714,0,Normal Day,0,0,0,0
2020-02-24,839.0,863.5,822.2000122070312,833.7899780273438,833.7899780273438,15192200.0,TSLA,-0.0745949189485641,-1.84155799574387,-0.6117782826959802,77.77777777777777,0,Normal Day,0,0,0,0
2020-02-25,849.0,856.5999755859375,787.0,799.9099731445312,799.9099731445312,17290500.0,TSLA,-0.04063373964144892,-1.1158435882029194,-0.3749673259206484,90.47619047619047,0,Normal Day,0,0,0,0
2020-02-26,782.5,813.3099975585938,776.1099853515625,778.7999877929688,778.7999877929688,14085500.0,TSLA,-0.026390451501156938,-0.8487651758032916,-0.7941916265489473,74.6031746031746,0,Normal Day,0,0,0,0
2020-02-27,730.0,739.77001953125,669.0,679.0,679.0,24277200.0,TSLA,-0.12814585176842472,-2.7228130474361736,0.24611512602699848,93.65079365079364,1,Normal Day,0,0,0,0
2020-02-28,629.7000122070312,690.52001953125,611.52001953125,667.989990234375,667.989990234375,24564200.0,TSLA,-0.016215036473674522,-0.5586398178650942,0.23928069349099473,93.65079365079364,0,Normal Day,0,0,0,0
2020-03-02,711.260009765625,743.6900024414062,686.6699829101562,743.6199951171875,743.6199951171875,20195000.0,TSLA,0.11322026675321362,1.8618977322523804,-0.13711097772609626,85.71428571428571,0,Normal Day,0,0,0,0
2020-03-03,805.0,806.97998046875,716.1099853515625,745.510009765625,745.510009765625,25784000.0,TSLA,0.0025416404357707614,-0.22333607692004748,0.3336228423937946,93.65079365079364,0,Normal Day,0,0,0,0
2020-03-04,763.9600219726562,766.52001953125,724.72998046875,749.5,749.5,15049000.0,TSLA,0.005352027715401677,-0.16750525303486355,-0.7445481421509276,76.19047619047619,0,Normal Day,0,0,0,0
2020-03-05,723.77001953125,745.75,718.0700073242188,724.5399780273438,724.5399780273438,10852700.0,TSLA,-0.03330223078406438,-0.8787997185236913,-1.4735739513736332,47.61904761904761,0,Normal Day,0,0,0,0
2020-03-06,690.0,707.0,684.27001953125,703.47998046875,703.47998046875,12662900.0,TSLA,-0.02906671570550515,-0.7908348509707884,-1.055089315347588,31.746031746031743,0,Normal Day,0,0,0,0
2020-03-09,605.3900146484375,663.0,605.0,608.0,608.0,17073700.0,TSLA,-0.13572522761078262,-2.590077014676475,-0.053998630040239325,87.30158730158729,1,Normal Day,0,0,0,0
2020-03-10,659.4299926757812,668.0,608.0,645.3300170898438,645.3300170898438,15594400.0,TSLA,0.061398054424085115,0.8643640495219826,-0.3582077023883435,85.71428571428571,0,Normal Day,0,0,0,0
2020-03-11,640.2000122070312,653.5800170898438,613.0,634.22998046875,634.22998046875,13322500.0,TSLA,-0.017200558361053872,-0.5028694060893668,-0.8304048941843126,77.77777777777777,0,Normal Day,0,0,0,0
2020-03-12,580.8900146484375,594.5,546.25,560.5499877929688,560.5499877929688,18909100.0,TSLA,-0.11617235852099811,-2.1118954391399454,0.36845715977539717,80.95238095238095,0,Normal Day,0,0,0,0
2020-03-13,595.0,607.5700073242188,502.0,546.6199951171875,546.6199951171875,22640300.0,TSLA,-0.024850580642463767,-0.563776553404739,0.9578824668725608,100.0,1,Range Shock,0,0,0,0
2020-03-16,469.5,494.8699951171875,442.1700134277344,445.0700073242188,445.0700073242188,20489500.0,TSLA,-0.18577803355180564,-2.9702289335129346,0.6524066261096664,90.47619047619047,1,Normal Day,0,0,0,0
2020-03-17,440.010009765625,471.8500061035156,396.0,430.2000122070313,430.2000122070313,23994600.0,TSLA,-0.03341046323607962,-0.594852272990168,1.1761468965296362,96.82539682539682,1,Normal Day,0,0,0,0
2020-03-18,389.0,404.8599853515625,350.510009765625,361.2200012207031,361.2200012207031,23786200.0,TSLA,-0.16034404702232305,-2.401012717717603,1.0433757882755383,93.65079365079364,0,Normal Day,0,0,0,0
2020-03-19,374.7000122070313,452.0,358.4599914550781,427.6400146484375,427.6400146484375,30195500.0,TSLA,0.18387689829819853,2.520844607350604,1.8351882559515647,100.0,1,Range Shock,0,0,0,0
2020-03-20,438.2000122070313,477.0,425.7900085449219,427.5299987792969,427.5299987792969,28285500.0,TSLA,-0.0002572628036949932,-0.057855841880626785,1.430618912762839,85.71428571428571,0,Normal Day,0,0,0,0
2020-03-23,433.6000061035156,442.0,410.5,434.2900085449219,434.2900085449219,16454500.0,TSLA,0.015811778787281565,0.17106886792203804,-0.4751825181959153,68.25396825396825,0,Normal Day,0,0,0,0
2020-03-24,477.2999877929688,513.6900024414062,474.0,505.0,505.0,22895200.0,TSLA,0.1628174493168522,2.1228476803512955,0.6219920967027706,69.84126984126983,0,Normal Day,0,0,0,0
2020-03-25,545.25,557.0,511.1099853515625,539.25,539.25,21222700.0,TSLA,0.06782178217821783,0.8242873443222283,0.3194083677300961,69.84126984126983,0,Normal Day,0,0,0,0
2020-03-26,547.3900146484375,560.0,512.25,528.1599731445312,528.1599731445312,17380700.0,TSLA,-0.0205656501724038,-0.36048188115287083,-0.43606201352851576,74.6031746031746,0,Normal Day,0,0,0,0
2020-03-27,505.0,525.7999877929688,494.0299987792969,514.3599853515625,514.3599853515625,14377400.0,TSLA,-0.02612842414166129,-0.4264094666706559,-1.024788074979327,57.14285714285714,0,Normal Day,0,0,0,0
2020-03-30,510.260009765625,516.6500244140625,491.2300109863281,502.1300048828125,502.1300048828125,11998100.0,TSLA,-0.023777083787711185,-0.38949822354407326,-1.4927452565055965,46.03174603174603,0,Normal Day,0,0,0,0
2020-01-02,326.1000061035156,329.9800109863281,324.7799987792969,329.8099975585937,329.8099975585937,4485800.0,NFLX,0.019284822737363424,0.8342230356282837,-0.38891947792183995,14.285714285714285,0,Normal Day,0,0,0,0
2020-01-03,326.7799987792969,329.8599853515625,325.5299987792969,325.8999938964844,325.8999938964844,3806900.0,NFLX,-0.011855321824847566,-0.7946622983750113,-0.7215663183677339,7.936507936507936,0,Normal Day,0,0,0,0
2020-01-06,323.1199951171875,336.3599853515625,321.20001220703125,335.8299865722656,335.8299865722656,5663100.0,NFLX,0.030469447259134697,1.3998866453072039,0.11741825032208252,95.23809523809523,1,Normal Day,0,0,0,0
2020-01-07,336.4700012207031,336.70001220703125,330.29998779296875,330.75,330.75,4703200.0,NFLX,-0.015126661630534555,-0.941598784807501,-0.30879364470626003,31.746031746031743,0,Normal Day,0,0,0,0
2020-01-08,331.489990234375,342.70001220703125,331.04998779296875,339.260009765625,339.260009765625,7104500.0,NFLX,0.025729432397959183,1.1260078047769613,0.5803883794047081,85.71428571428571,0,Normal Day,0,0,0,0
2020-01-09,342.0,343.4200134277344,334.6099853515625,335.6600036621094,335.6600036621094,4709300.0,NFLX,-0.010611348228170657,-0.7394714627784317,-0.3326142928552335,63.49206349206349,0,Normal Day,0,0,0,0
2020-01-10,337.1300048828125,338.5,327.2699890136719,329.04998779296875,329.04998779296875,4718300.0,NFLX,-0.019692593091295344,-1.1889597559417397,-0.2569351785447018,82.53968253968253,0,Normal Day,0,0,0,0
2020-01-13,331.79998779296875,340.8500061035156,331.510009765625,338.9200134277344,338.9200134277344,6290000.0,NFLX,0.029995520440425104,1.407505474363796,0.4201877477664219,69.84126984126983,0,Normal Day,0,0,0,0
2020-01-14,344.3999938964844,345.3800048828125,335.5199890136719,338.69000244140625,338.69000244140625,7199400.0,NFLX,-0.0006786586132871398,-0.18677682826026804,0.6892991827429921,73.01587301587301,0,Normal Day,0,0,0,0
2020-01-15,338.67999267578125,343.1700134277344,336.6000061035156,339.07000732421875,339.07000732421875,5158000.0,NFLX,0.0011219843516882117,-0.09742346631401545,-0.13591921810756213,30.158730158730158,0,Normal Day,0,0,0,0
2020-01-16,343.5,343.5599975585937,335.8500061035156,338.6199951171875,338.6199951171875,5016000.0,NFLX,-0.0013271955564059911,-0.2185467490632725,-0.21221295797360332,41.269841269841265,0,Normal Day,0,0,0,0
2020-01-17,341.0,341.57000732421875,337.3800048828125,339.6700134277344,339.6700134277344,6066500.0,NFLX,0.0031008750980091745,0.03143473596769837,0.3302467068756205,6.349206349206349,0,Normal Day,0,0,0,0
2020-01-21,340.0,341.0,332.5899963378906,338.1099853515625,338.1099853515625,14350300.0,NFLX,-0.004592775383464266,-0.46895717972216866,2.3585871024981135,57.14285714285714,0,Normal Day,0,0,0,0
2020-01-22,332.54998779296875,336.29998779296875,323.6000061035156,326.0,326.0,21730000.0,NFLX,-0.03581670425666574,-2.1698266915106155,2.7130840720130993,96.82539682539682,1,Normal Day,0,0,0,0
2020-01-23,326.0400085449219,349.8800048828125,325.010009765625,349.6000061035156,349.6000061035156,18200300.0,NFLX,0.07239265675925038,3.582523365141024,2.0915376572410613,100.0,1,Spike + Range Shock,1,1,1,1
2020-01-24,348.4599914550781,359.8500061035156,345.8800048828125,353.1600036621094,353.1600036621094,17939700.0,NFLX,0.010183059200346936,0.30755162171539396,1.7931352187780316,95.23809523809523,1,Normal Day,0,0,0,0
2020-01-27,345.95001220703125,351.8999938964844,341.0199890136719,342.8800048828125,342.8800048828125,7709500.0,NFLX,-0.029108615564327617,-1.7044825516976385,0.31289599157455544,79.36507936507937,0,Normal Day,0,0,0,0
2020-01-28,345.8800048828125,352.3999938964844,342.7799987792969,348.5199890136719,348.5199890136719,6821600.0,NFLX,0.016448856890290162,0.6522177890237888,0.034821035261013746,68.25396825396825,0,Normal Day,0,0,0,0
2020-01-29,349.0,349.3999938964844,338.54998779296875,343.1600036621094,343.1600036621094,7643500.0,NFLX,-0.015379276714461954,-0.9641345385548801,0.21310522642710583,77.77777777777777,0,Normal Day,0,0,0,0
2020-01-30,341.1000061035156,348.20001220703125,339.25,347.739990234375,347.739990234375,5328100.0,NFLX,0.013346504614142864,0.5041272064918929,-0.49719636847519116,58.73015873015873,0,Normal Day,0,0,0,0
2020-01-31,347.3900146484375,347.3900146484375,340.9800109863281,345.0899963378906,345.0899963378906,5230000.0,NFLX,-0.007620618769495831,-0.5516748059992095,-0.5813460705447345,28.57142857142857,0,Normal Day,0,0,0,0
2020-02-03,347.239990234375,359.6300048828125,346.2799987792969,358.0,358.0,6674900.0,NFLX,0.03741054159526752,1.7420007213855615,-0.13839627915094316,90.47619047619047,0,Normal Day,0,0,0,0
2020-02-04,361.0,369.5700073242188,356.1000061035156,369.010009765625,369.010009765625,7161500.0,NFLX,0.0307542172224162,1.3516665111463284,-0.05954656770019558,88.88888888888889,0,Normal Day,0,0,0,0
2020-02-05,375.1300048828125,375.25,362.2999877929688,369.6700134277344,369.6700134277344,6437000.0,NFLX,0.001788579292276037,-0.10757363548806827,-0.2996407081997806,87.30158730158729,0,Normal Day,0,0,0,0
2020-02-06,369.6000061035156,371.5499877929688,362.510009765625,366.9500122070313,366.9500122070313,3920400.0,NFLX,-0.007357916849901034,-0.5869194528504805,-1.3067456223759344,50.79365079365079,0,Normal Day,0,0,0,0
2020-02-07,365.0400085449219,371.7999877929688,363.5700073242188,366.7699890136719,366.7699890136719,4385200.0,NFLX,-0.0004905932344208881,-0.23105794389652903,-0.9987614453537943,36.507936507936506,0,Normal Day,0,0,0,0
2020-02-10,365.0,374.7999877929688,362.5199890136719,371.0700073242188,371.0700073242188,5294100.0,NFLX,0.011724018974700361,0.3907051281077713,-0.6341417679004945,79.36507936507937,0,Normal Day,0,0,0,0
2020-02-11,373.75,378.1099853515625,369.7200012207031,373.6900024414063,373.6900024414063,4772900.0,NFLX,0.007060649110609214,0.15070991598854747,-0.8479015774692905,36.507936507936506,0,Normal Day,0,0,0,0
2020-02-12,377.1799926757813,380.6199951171875,375.8800048828125,380.010009765625,380.010009765625,4624800.0,NFLX,0.01691243352224724,0.6490170776531975,-0.8666779621744528,7.936507936507936,0,Normal Day,0,0,0,0
2020-02-13,376.9599914550781,385.3699951171875,376.510009765625,381.3999938964844,381.3999938964844,4485400.0,NFLX,0.0036577566251916934,-0.039825565838681666,-0.8653793807117287,42.857142857142854,0,Normal Day,0,0,0,0
2020-02-14,381.4700012207031,385.1499938964844,379.4299926757813,380.3999938964844,380.3999938964844,3736300.0,NFLX,-0.0026219192868456353,-0.39564969141894896,-1.162485628371515,15.873015873015872,0,Normal Day,0,0,0,0
2020-02-18,379.2999877929688,389.5400085449219,379.1900024414063,387.7799987792969,387.7799987792969,5173900.0,NFLX,0.019400644062104715,0.7717591451716053,-0.5426305320809213,63.49206349206349,0,Normal Day,0,0,0,0
2020-02-19,388.1199951171875,392.9500122070313,384.8999938964844,386.1900024414063,386.1900024414063,4896400.0,NFLX,-0.0041002536048681225,-0.4540194354346241,-0.623307609297198,36.507936507936506,0,Normal Day,0,0,0,0
2020-02-20,386.55999755859375,389.7000122070313,376.6799926757813,386.0,386.0,4079400.0,NFLX,-0.0004919921287582645,-0.24299816569352403,-0.8871189149287481,84.12698412698413,0,Normal Day,1,0,1,0
2020-02-21,385.3299865722656,387.3200073242188,377.8999938964844,380.0700073242188,380.0700073242188,3930100.0,NFLX,-0.015362675325858013,-1.0184193579381597,-0.9370124887113696,55.55555555555555,0,Normal Day,0,0,0,0
2020-02-24,364.760009765625,372.8200073242188,361.0,368.7000122070313,368.7000122070313,6936400.0,NFLX,-0.029915528450231862,-1.717408068815829,0.5912280362754683,77.77777777777777,0,Normal Day,0,0,0,0
2020-02-25,372.0,375.6499938964844,357.7200012207031,360.0899963378906,360.0899963378906,6481200.0,NFLX,-0.02335236122613962,-1.3302463315504678,0.8032775945674029,98.4126984126984,1,Range Shock,0,0,0,0
2020-02-26,366.30999755859375,382.0,365.0,379.239990234375,379.239990234375,8934100.0,NFLX,0.05318113274803382,2.4386068233201637,2.0274042796316856,95.23809523809523,1,Normal Day,0,0,0,0
2020-02-27,371.4599914550781,391.55999755859375,370.6000061035156,371.7099914550781,371.7099914550781,10967700.0,NFLX,-0.01985549776710848,-1.1023885169702772,2.374481989803303,98.4126984126984,1,Range Shock,0,0,0,0
2020-02-28,364.2099914550781,376.7699890136719,356.79998779296875,369.0299987792969,369.0299987792969,11178600.0,NFLX,-0.0072099021747849155,-0.4897493802696822,2.1433683236109013,96.82539682539682,1,Normal Day,0,0,0,0
2020-03-02,373.1099853515625,381.3599853515625,364.5,381.0499877929688,381.0499877929688,6997900.0,NFLX,0.03257184796204235,1.4090089120025,0.6326626713191829,90.47619047619047,0,Normal Day,0,0,0,0
2020-03-03,381.0299987792969,393.5199890136719,367.3999938964844,368.7699890136719,368.7699890136719,8364600.0,NFLX,-0.03222673972625574,-1.6411619191747107,1.0827328760234158,98.4126984126984,1,Range Shock,0,0,0,0
2020-03-04,377.7699890136719,384.010009765625,370.510009765625,383.7900085449219,383.7900085449219,5487300.0,NFLX,0.040730048482044846,1.7087855231987077,-0.15608869560441682,80.95238095238095,0,Normal Day,0,0,0,0
2020-03-05,381.0,391.3999938964844,368.6400146484375,372.7799987792969,372.7799987792969,8747000.0,NFLX,-0.028687588317808696,-1.4567049961424325,1.187927046675355,96.82539682539682,1,Normal Day,0,0,0,0
2020-03-06,367.7000122070313,371.30999755859375,356.8500061035156,368.9700012207031,368.9700012207031,8147200.0,NFLX,-0.010220498876200293,-0.6134168900748318,0.9270666238268668,84.12698412698413,0,Normal Day,0,0,0,0
2020-03-09,343.8599853515625,357.4700012207031,341.7200012207031,346.489990234375,346.489990234375,7405500.0,NFLX,-0.06092639215100167,-2.6996197444872254,0.5822743825452404,90.47619047619047,1,Normal Day,0,0,0,0
2020-03-10,356.42999267578125,364.5400085449219,347.8500061035156,364.1300048828125,364.1300048828125,7604400.0,NFLX,0.05091060390086688,1.9807950490828343,0.5924480183345906,90.47619047619047,0,Normal Day,0,0,0,0
2020-03-11,358.9200134277344,362.9800109863281,344.7900085449219,349.9200134277344,349.9200134277344,6036000.0,NFLX,-0.03902450021840773,-1.6883478541837407,-0.12073746478878267,92.06349206349206,0,Normal Day,0,0,0,0
2020-03-12,326.5,335.7200012207031,307.32000732421875,315.25,315.25,12071600.0,NFLX,-0.09907982423787384,-3.6603143955416173,1.7221684719048829,100.0,1,Crash + Range Shock,0,0,0,0
2020-03-13,330.510009765625,336.4200134277344,307.3900146484375,336.29998779296875,336.29998779296875,9458200.0,NFLX,0.06677236413312847,2.2547412154410438,0.93848815947381,98.4126984126984,1,Range Shock,0,0,0,0
2020-03-16,306.6300048828125,334.3500061035156,294.75,298.8399963378906,298.8399963378906,10559900.0,NFLX,-0.11138861972882096,-3.4988269620567367,1.1382286109280817,100.0,1,Crash + Range Shock,0,0,0,0
2020-03-17,306.19000244140625,322.8999938964844,290.25,319.75,319.75,10013900.0,NFLX,0.06997056591603949,2.0603860092167516,0.9179223623662947,98.4126984126984,1,Range Shock,0,0,0,0
2020-03-18,302.3999938964844,331.5799865722656,300.0,315.4700012207031,315.4700012207031,12593600.0,NFLX,-0.013385453570905004,-0.4378775499921491,1.4512431926385547,96.82539682539682,1,Normal Day,0,0,0,0
2020-03-19,324.3299865722656,348.510009765625,316.82000732421875,332.0299987792969,332.0299987792969,10616000.0,NFLX,0.052493097583019815,1.5276269357266963,0.8592509996837538,95.23809523809523,1,Normal Day,0,0,0,0
2020-03-20,342.3099975585937,350.489990234375,332.0,332.8299865722656,332.8299865722656,10853800.0,NFLX,0.0024093840794804466,0.03795651093211195,0.873986640865651,84.12698412698413,0,Normal Day,0,0,0,0
2020-03-23,347.8900146484375,366.1099853515625,340.8800048828125,360.2699890136719,360.2699890136719,13449400.0,NFLX,0.08244450184313049,2.3227344364450233,1.6289107529786748,87.30158730158729,0,Normal Day,0,0,0,0
2020-03-24,369.989990234375,372.9299926757813,353.0299987792969,357.32000732421875,357.32000732421875,11638700.0,NFLX,-0.008188252642218213,-0.28034578792669446,0.9598178915460805,82.53968253968253,0,Normal Day,0,0,0,0
2020-03-25,361.0199890136719,362.0,339.1700134277344,342.3900146484375,342.3900146484375,8767200.0,NFLX,-0.041783254141250295,-1.2215364404407987,-0.2342225673931745,85.71428571428571,0,Normal Day,0,0,0,0
2020-03-26,344.0,363.8399963378906,341.7300109863281,362.989990234375,362.989990234375,7229600.0,NFLX,0.060165234687376445,1.6227731285894937,-0.9729897204092715,82.53968253968253,0,Normal Day,0,0,0,0
2020-03-27,359.0899963378906,368.55999755859375,353.0,357.1199951171875,357.1199951171875,7948800.0,NFLX,-0.016171231370312355,-0.4994881274754858,-0.5276634027770445,63.49206349206349,0,Normal Day,0,0,0,0
2020-03-30,363.0,377.7999877929688,361.1700134277344,370.9599914550781,370.9599914550781,8622000.0,NFLX,0.038754470562056,1.0006773303183822,-0.1464207960192819,66.66666666666666,0,Normal Day,0,0,0,0
2020-01-02,214.3999938964844,216.16000366210935,213.97999572753903,216.16000366210935,215.7003326416016,30969400.0,QQQ,0.016697234654914385,2.1405508340026342,1.293961884881,77.77777777777777,0,Normal Day,0,0,0,0
2020-01-03,213.3000030517578,215.47000122070312,213.27999877929688,214.17999267578125,213.7245330810547,27518900.0,QQQ,-0.00915992820386516,-1.7204924323353996,1.0006397023863969,79.36507936507937,0,Normal Day,0,0,0,0
2020-01-06,212.4900054931641,215.58999633789065,212.2400054931641,215.55999755859372,215.1016082763672,21655300.0,QQQ,0.0064432247223122786,0.6602791632035058,0.2748618798541445,98.4126984126984,1,Range Shock,0,0,0,0
2020-01-07,215.63999938964844,216.13999938964844,214.8500061035156,215.52999877929688,215.07167053222656,22139300.0,QQQ,-0.00013917954579939886,-0.3631035031799874,0.2888697355582214,33.33333333333333,0,Normal Day,0,0,0,0
2020-01-08,215.5,218.13999938964844,215.16000366210935,217.1499938964844,216.68821716308597,26397300.0,QQQ,0.0075163159650874535,0.8111782480095225,0.7322184322681479,92.06349206349206,0,Normal Day,0,0,0,0
2020-01-09,218.94000244140625,219.41000366210935,217.7100067138672,218.9900054931641,218.5243225097656,23547000.0,QQQ,0.008473489563568302,0.9748598394070879,0.33957436459996,57.14285714285714,0,Normal Day,0,0,0,0
2020-01-10,219.8500061035156,219.8699951171875,218.0399932861328,218.42999267578125,217.9654998779297,21898500.0,QQQ,-0.0025572559860513283,-0.8119441005929705,0.1222731326266185,68.25396825396825,0,Normal Day,0,0,0,0
2020-01-13,219.3300018310547,220.97999572753903,218.97999572753903,220.9499969482422,220.4801483154297,22756900.0,QQQ,0.011536910377597897,1.518469077459398,0.21012399829946032,74.6031746031746,0,Normal Day,0,0,0,0
2020-01-14,220.83999633789065,221.2100067138672,219.7400054931641,220.0800018310547,219.61199951171875,24418100.0,QQQ,-0.003937537280993305,-1.0239093198789218,0.4805257072286562,44.44444444444444,0,Normal Day,0,0,0,0
2020-01-15,220.1999969482422,221.1999969482422,219.4499969482422,220.1699981689453,219.7017974853516,25742100.0,QQQ,0.0004088937482127392,-0.28475700621671857,0.7061860885423185,65.07936507936508,0,Normal Day,0,0,0,0
2020-01-16,221.2700042724609,222.32000732421875,220.8000030517578,222.27999877929688,221.80731201171875,18805000.0,QQQ,0.009583510697073574,1.217193442967288,-0.28922612148451676,44.44444444444444,0,Normal Day,0,0,0,0
2020-01-17,223.27999877929688,223.55999755859372,222.1199951171875,223.3800048828125,222.9049835205078,24325200.0,QQQ,0.004948761602282387,0.4365762523419176,0.4823252390507671,38.095238095238095,0,Normal Day,0,0,0,0
2020-01-21,222.75999450683597,223.83999633789065,222.66000366210935,223.27999877929688,222.80519104003903,21146300.0,QQQ,-0.00044769066573873735,-0.502883811284728,-0.0242247833396279,20.634920634920633,0,Normal Day,0,0,0,0
2020-01-22,224.41000366210935,225.1499938964844,223.58999633789065,223.8699951171875,223.39393615722656,20736400.0,QQQ,0.0026424210066170696,0.04620152237516908,-0.11465426051553837,50.79365079365079,0,Normal Day,0,0,0,0
2020-01-23,223.7400054931641,224.69000244140625,222.6999969482422,224.58999633789065,224.1123962402344,26496100.0,QQQ,0.003216112735048379,0.11821247377151053,0.7256930961527763,77.77777777777777,0,Normal Day,0,0,0,0
2020-01-24,225.63999938964844,225.8800048828125,221.6699981689453,222.6999969482422,222.22642517089844,37436500.0,QQQ,-0.008415291170749536,-1.8730078694649357,1.69105594200883,100.0,1,Range Shock,0,0,0,0
2020-01-27,217.6699981689453,219.27999877929688,217.17999267578125,218.1000061035156,217.6362152099609,42264400.0,QQQ,-0.020655554160165814,-3.53496148398023,2.5257766179710206,80.95238095238095,1,Crash,1,0,1,0
2020-01-28,219.63999938964844,221.9600067138672,219.05999755859372,221.4499969482422,220.9790802001953,26731900.0,QQQ,0.015359874674393828,2.032446583526267,0.4379179499174039,90.47619047619047,0,Normal Day,0,0,0,0
2020-01-29,222.67999267578125,222.92999267578125,220.8300018310547,221.80999755859372,221.33831787109372,28924500.0,QQQ,0.001625663707953526,-0.04134962085457496,0.7280388105678949,79.36507936507937,0,Normal Day,0,0,0,0
2020-01-30,220.3800048828125,222.6999969482422,219.69000244140625,222.6000061035156,222.12664794921875,39406800.0,QQQ,0.003561652070493044,0.23371744199614544,1.898239046847475,90.47619047619047,0,Normal Day,0,0,0,0
2020-01-31,223.52999877929688,223.55999755859372,218.2899932861328,219.07000732421875,218.60415649414065,52015800.0,QQQ,-0.015858031837239932,-2.6093212009044553,2.520661460778713,100.0,1,Range Shock,0,0,0,0
2020-02-03,220.13999938964844,222.88999938964844,219.9900054931641,222.3800048828125,221.9071044921875,25468300.0,QQQ,0.015109264393769096,1.8893923179364371,-0.17493896566677086,85.71428571428571,0,Normal Day,0,0,0,0
2020-02-04,225.4199981689453,227.8600006103516,224.6499938964844,227.47000122070312,226.9862823486328,30691200.0,QQQ,0.02288875729359143,2.8029754512114424,0.5195937545703916,93.65079365079364,1,Normal Day,0,0,0,0
2020-02-05,230.2100067138672,230.25,226.8500061035156,228.22000122070312,227.7346954345703,38534800.0,QQQ,0.0032971731956383038,0.15567116154838154,1.2527190468639304,93.65079365079364,0,Normal Day,0,0,0,0
2020-02-06,228.7899932861328,230.25,227.97999572753903,230.19000244140625,229.70050048828125,22467100.0,QQQ,0.008631996323439993,0.857613288942198,-0.7627627427382587,74.6031746031746,0,Normal Day,0,0,0,0
2020-02-07,229.16000366210935,230.44000244140625,228.5399932861328,229.1999969482422,228.7126007080078,25884900.0,QQQ,-0.004300816838332651,-0.8808335477115979,-0.23007246459454556,60.317460317460316,0,Normal Day,0,0,0,0
2020-02-10,228.44000244140625,231.97999572753903,228.3800048828125,231.97000122070312,231.47671508789065,21478900.0,QQQ,0.012085536045352058,1.2875224076736749,-0.89886948590602,93.65079365079364,0,Normal Day,0,0,0,0
2020-02-11,233.25,234.0200042724609,231.3999938964844,232.00999450683597,231.51661682128903,30198000.0,QQQ,0.0001723790377067955,-0.28550854631435485,0.30547268987236564,77.77777777777777,0,Normal Day,0,0,0,0
2020-02-12,233.3800048828125,234.3800048828125,232.8000030517578,234.2700042724609,233.77182006835935,24471300.0,QQQ,0.009740999492970028,0.9554001114653817,-0.4992674173456565,38.095238095238095,0,Normal Day,0,0,0,0
2020-02-13,232.63999938964844,234.92999267578125,232.3600006103516,233.97000122070312,233.4724578857422,22773200.0,QQQ,-0.0012805742904753014,-0.4891584446807106,-0.7521396991101446,74.6031746031746,0,Normal Day,0,0,0,0
2020-02-14,234.33999633789065,234.8600006103516,233.5500030517578,234.63999938964844,234.1410369873047,23438500.0,QQQ,0.002863631571864859,0.05115189785163802,-0.6225252789818987,20.634920634920633,0,Normal Day,0,0,0,0
2020-02-18,233.5,235.1699981689453,233.25,234.72999572753903,234.2308349609375,24394500.0,QQQ,0.00038352086754310147,-0.2783741732439221,-0.5465671712774561,57.14285714285714,0,Normal Day,0,0,0,0
2020-02-19,236.1300048828125,237.47000122070312,235.8500061035156,236.97999572753903,236.4760589599609,22230500.0,QQQ,0.009585518488194961,0.9271508090309454,-0.8815079738783462,36.507936507936506,0,Normal Day,0,0,0,0
2020-02-20,236.4600067138672,236.9499969482422,231.8800048828125,234.77999877929688,234.28073120117188,42604000.0,QQQ,-0.009283509579972904,-1.5032838105534267,1.4577547306159042,98.4126984126984,1,Range Shock,0,0,0,0
2020-02-21,233.6100006103516,234.00999450683597,229.32000732421875,230.2700042724609,229.78033447265625,66017200.0,QQQ,-0.01920941899678139,-2.586950874150227,2.4828258376367933,96.82539682539682,1,Normal Day,0,0,0,0
2020-02-24,221.67999267578125,224.25,220.25999450683597,221.38999938964844,220.9192047119141,84522600.0,QQQ,-0.038563481862268024,-4.1623326419750875,2.536709424112844,93.65079365079364,1,Crash,1,0,1,0
2020-02-25,223.25,223.9900054931641,214.7400054931641,215.3699951171875,214.91200256347656,97743000.0,QQQ,-0.02719185123027723,-2.7549451801233733,2.3628931654597007,100.0,1,Range Shock,0,0,0,0
2020-02-26,216.7100067138672,220.27999877929688,214.8999938964844,216.47999572753903,216.0196533203125,79537700.0,QQQ,0.005153973457153846,0.384195648397827,1.703219165032125,98.4126984126984,1,Range Shock,0,0,0,0
2020-02-27,210.8999938964844,216.4199981689453,205.5,205.63999938964844,205.20269775390625,121822600.0,QQQ,-0.05007394188512533,-4.168962810568838,2.137624737190354,100.0,1,Crash + Range Shock,1,0,1,0
2020-02-28,198.63999938964844,207.1699981689453,198.1699981689453,205.8000030517578,205.36236572265625,149247100.0,QQQ,0.0007780987798780562,0.04800561485165983,2.0876657503469627,98.4126984126984,1,Range Shock,0,0,0,0
2020-03-02,208.8800048828125,216.57000732421875,205.94000244140625,216.4199981689453,215.95977783203125,112933900.0,QQQ,0.051603476966597187,3.7088082401137066,1.4704848957169405,98.4126984126984,1,Spike + Range Shock,1,0,1,0
2020-03-03,217.1100006103516,219.6100006103516,207.6199951171875,209.47999572753903,209.03453063964844,131953500.0,QQQ,-0.03206730096642865,-2.2797524495944645,1.5368650152030934,100.0,1,Range Shock,0,0,0,0
2020-03-04,213.32000732421875,218.3300018310547,211.3699951171875,218.22000122070312,217.7559509277344,73086200.0,QQQ,0.04172239036965952,2.6737515768499223,0.6351483442189959,92.06349206349206,1,Normal Day,0,0,0,0
2020-03-05,212.69000244140625,216.3600006103516,210.1000061035156,211.58999633789065,211.1400451660156,78705500.0,QQQ,-0.030382204176428663,-2.007824802665988,0.6748889639698912,90.47619047619047,0,Normal Day,0,0,0,0
2020-03-06,204.6699981689453,209.1499938964844,202.91000366210935,208.0200042724609,207.57765197753903,89828400.0,QQQ,-0.0168721816161189,-1.1087133663035855,0.794020682464381,90.47619047619047,0,Normal Day,0,0,0,0
2020-03-09,193.47999572753903,201.16000366210935,192.1100006103516,193.57000732421875,193.1583709716797,116424000.0,QQQ,-0.06946451541623366,-3.817951192083489,1.052761089175305,95.23809523809523,1,Crash,0,0,0,0
2020-03-10,201.1100006103516,204.3000030517578,193.67999267578125,204.1100006103516,203.67596435546875,100599200.0,QQQ,0.05445062168872361,2.814947183166345,0.7678247296373459,96.82539682539682,1,Normal Day,0,0,0,0
2020-03-11,199.3500061035156,200.75,192.72999572753903,195.22000122070312,194.80487060546875,89168800.0,QQQ,-0.04355493677456011,-2.148437938361547,0.5246821342474317,88.88888888888889,0,Normal Day,0,0,0,0
2020-03-12,182.08999633789065,190.77999877929688,176.94000244140625,177.32000732421875,176.94293212890625,137820700.0,QQQ,-0.09169143677489275,-3.8841449105297166,1.070751521454944,100.0,1,Crash + Range Shock,0,0,0,0
2020-03-13,187.07000732421875,194.47999572753903,178.1300048828125,192.33999633789065,191.9309844970703,134882000.0,QQQ,0.08470557251331737,3.3406998095773903,0.9542813337233386,100.0,1,Spike + Range Shock,0,0,0,0
2020-03-16,174.14999389648438,184.67999267578125,169.16000366210938,169.3000030517578,168.9399871826172,92054400.0,QQQ,-0.11978783610524368,-3.9557598834340486,0.2780063752789408,100.0,1,Crash + Range Shock,1,0,1,0
2020-03-17,175.47000122070312,184.38999938964844,169.77999877929688,182.13999938964844,181.75267028808597,121257100.0,QQQ,0.0758416247043916,2.4787431894154532,0.6921372381571713,96.82539682539682,1,Normal Day,0,0,0,0
2020-03-18,171.61000061035156,179.22000122070312,166.8000030517578,176.60000610351562,176.22445678710938,114156300.0,QQQ,-0.030416133596354485,-0.9002841340744239,0.5160674516214817,93.65079365079364,0,Normal Day,0,0,0,0
2020-03-19,175.69000244140625,183.4900054931641,171.6300048828125,177.66000366210938,177.28221130371094,120896500.0,QQQ,0.006002313957360634,0.2572649955981151,0.6802855956000842,92.06349206349206,0,Normal Day,0,0,0,0
2020-03-20,181.7400054931641,182.8699951171875,170.10000610351562,170.6999969482422,170.33700561523438,118983900.0,QQQ,-0.03917598746880693,-1.1488381179376077,0.6013098975784539,93.65079365079364,0,Normal Day,0,0,0,0
2020-03-23,170.9199981689453,174.2100067138672,164.92999267578125,170.4600067138672,170.4600067138672,124639800.0,QQQ,0.0007221043847081206,0.11093581508667424,0.7435119761437738,87.30158730158729,0,Normal Day,0,0,0,0
2020-03-24,179.91000366210938,183.8300018310547,177.9499969482422,183.66000366210935,183.66000366210935,94881800.0,QQQ,0.07743750104621061,2.3752599263361462,-0.6217011116052539,74.6031746031746,0,Normal Day,0,0,0,0
2020-03-25,184.4199981689453,189.50999450683597,179.97999572753906,182.3000030517578,182.3000030517578,88754900.0,QQQ,-0.0074049906524754905,-0.16861142437446708,-0.9155508653897739,84.12698412698413,0,Normal Day,1,0,1,0
2020-03-26,183.8699951171875,192.72000122070312,183.6100006103516,191.8999938964844,191.8999938964844,79887600.0,QQQ,0.05266039870553926,1.5775933124353219,-1.433684818109813,79.36507936507937,0,Normal Day,0,0,0,0
2020-03-27,186.92999267578125,190.50999450683597,184.66000366210935,185.3000030517578,185.3000030517578,58845000.0,QQQ,-0.0343928663608337,-0.9566751331589268,-2.3514756866646582,68.25396825396825,0,Normal Day,1,1,1,1
2020-03-30,187.1000061035156,192.4900054931641,186.33999633789065,192.0399932861328,192.0399932861328,49356900.0,QQQ,0.03637339516120997,1.0831351302096213,-2.505278096192758,71.42857142857143,0,Normal Day,1,1,1,1
